{
"type": "FeatureCollection",
"name": "burn_2024",
"crs": { "type": "name", "properties": { "name": "urn:ogc:def:crs:OGC:1.3:CRS84" } },
"features": [
{ "type": "Feature", "properties": { }, "geometry": { "type": "MultiPolygon", "coordinates": [ [ [ [ 100.360962193758752, 0.724110475614442 ], [ 100.36105182711664, 0.72338687010028 ], [ 100.360512405712043, 0.722288497023758 ], [ 100.360512221407092, 0.721668533861015 ], [ 100.36024251307407, 0.72112593106421 ], [ 100.359703361137846, 0.720932030468775 ], [ 100.35970315047976, 0.720221619746177 ], [ 100.358947876230118, 0.720027783701494 ], [ 100.358768231641093, 0.720208732389126 ], [ 100.358678543332374, 0.720751443667532 ], [ 100.358355544372074, 0.720661093259419 ], [ 100.358355414328486, 0.720222024330186 ], [ 100.357869767382326, 0.720299449382019 ], [ 100.357600300322972, 0.720570872508769 ], [ 100.357780212955603, 0.72129439794423 ], [ 100.358355816415568, 0.72157873529194 ], [ 100.358768610912847, 0.721488163792565 ], [ 100.358768714374136, 0.721836785262258 ], [ 100.359128298893552, 0.722469808712514 ], [ 100.359308001034975, 0.722482922645711 ], [ 100.359487856715063, 0.723012384588729 ], [ 100.359847283979832, 0.723115891621768 ], [ 100.360116912057649, 0.723387152313184 ], [ 100.360296875856136, 0.724278403267303 ], [ 100.360962193758752, 0.724110475614442 ] ] ], [ [ [ 100.130379909434367, 1.072956324619101 ], [ 100.130469508045721, 1.072228980541487 ], [ 100.130109913368244, 1.071867293717841 ], [ 100.129660718467349, 1.072229281047733 ], [ 100.129571086461397, 1.072866170186823 ], [ 100.12975091710102, 1.073137468730345 ], [ 100.130200244790984, 1.073137301654268 ], [ 100.130379909434367, 1.072956324619101 ] ] ], [ [ [ 100.368002642870223, 2.258334454524996 ], [ 100.367822820753943, 2.258334624737476 ], [ 100.36782265156566, 2.258153733190387 ], [ 100.367463007336781, 2.258154073520982 ], [ 100.367273836404792, 2.257874389895393 ], [ 100.367013198367346, 2.257883161394877 ], [ 100.366813537624679, 2.258069709901099 ], [ 100.366814044836985, 2.258612384771269 ], [ 100.367173942995095, 2.258883381925735 ], [ 100.367893316468539, 2.258973146869277 ], [ 100.367913159987438, 2.258792236382146 ], [ 100.368092977036781, 2.258786598224883 ], [ 100.368002642870223, 2.258334454524996 ] ], [ [ 100.367533587446914, 2.258883041557227 ], [ 100.367544499949901, 2.258869038346282 ], [ 100.367544513038467, 2.258883031215817 ], [ 100.367533587446914, 2.258883041557227 ] ], [ [ 100.367544499949901, 2.258869038346282 ], [ 100.367623413947314, 2.258792510670757 ], [ 100.367623485462062, 2.258868963582052 ], [ 100.367544499949901, 2.258869038346282 ] ] ], [ [ [ 100.368073646540935, 2.25951565117663 ], [ 100.367994563261973, 2.259411287354586 ], [ 100.367983735414541, 2.259515736334575 ], [ 100.368073646540935, 2.25951565117663 ] ] ], [ [ [ 100.372678862264962, 2.259234477035555 ], [ 100.37229946564517, 2.259511642444787 ], [ 100.372030581925529, 2.260416354805374 ], [ 100.372660044032884, 2.260506202167949 ], [ 100.372679966664904, 2.26041026966599 ], [ 100.372320322615053, 2.260410611546182 ], [ 100.372320072904401, 2.260144742635228 ], [ 100.372479882159723, 2.260144590748328 ], [ 100.372480052073769, 2.260325481936399 ], [ 100.372749700107008, 2.260234779930757 ], [ 100.373019773057138, 2.260596305761783 ], [ 100.372750210010636, 2.260777453431255 ], [ 100.373110109150275, 2.261048448096117 ], [ 100.373559664250777, 2.261048020365428 ], [ 100.373560174638968, 2.261590693674702 ], [ 100.373849750331729, 2.261409526774153 ], [ 100.374459199789101, 2.261499392070988 ], [ 100.374460477080504, 2.262856074813544 ], [ 100.374730295528224, 2.262946263239325 ], [ 100.374930040090831, 2.262850159358817 ], [ 100.375019615486565, 2.262493759548368 ], [ 100.375289173030367, 2.262307143555047 ], [ 100.375468654217372, 2.261945190201812 ], [ 100.375288576650973, 2.261674025161561 ], [ 100.374659199675264, 2.261674624864978 ], [ 100.37465903453689, 2.261499201730113 ], [ 100.374838766228933, 2.261403117041593 ], [ 100.374658093063786, 2.260498833235594 ], [ 100.373919132980305, 2.260861319118016 ], [ 100.373759238685381, 2.260771025667784 ], [ 100.373759068579432, 2.260590134578282 ], [ 100.373039695660154, 2.260500373268727 ], [ 100.373039440670524, 2.260229036551039 ], [ 100.372859533723343, 2.260138761953741 ], [ 100.372858854017281, 2.259415197312408 ], [ 100.372678862264962, 2.259234477035555 ] ], [ [ 100.374209048845529, 2.261041934369413 ], [ 100.374278867136979, 2.260956890180776 ], [ 100.374278947089579, 2.261041867820642 ], [ 100.374209048845529, 2.261041934369413 ] ] ], [ [ [ 100.372320747426414, 2.260862839544204 ], [ 100.372320577491649, 2.260681948345343 ], [ 100.372120747794554, 2.260687606183502 ], [ 100.372120917705004, 2.260868497397562 ], [ 100.372320747426414, 2.260862839544204 ] ] ], [ [ [ 100.356657342385958, 2.262149361065744 ], [ 100.357376131503301, 2.261606007514392 ], [ 100.357377478477304, 2.261040866924823 ], [ 100.357016127807654, 2.261222099205173 ], [ 100.356568441767521, 2.261222520057061 ], [ 100.356566737564123, 2.261403414206933 ], [ 100.356388786439354, 2.261403581466306 ], [ 100.35611938736335, 2.261765619799468 ], [ 100.356297695496224, 2.262149699215366 ], [ 100.356657342385958, 2.262149361065744 ] ] ], [ [ [ 100.371962547828318, 2.262400756807585 ], [ 100.371852544031881, 2.262315883623605 ], [ 100.371852629030045, 2.262406329238865 ], [ 100.371962547828318, 2.262400756807585 ] ] ], [ [ [ 100.371952765370921, 2.273259716306044 ], [ 100.372691218359876, 2.272354553917942 ], [ 100.372960948405293, 2.272348828205625 ], [ 100.373140606126142, 2.272173233073091 ], [ 100.373929798515917, 2.272172478396665 ], [ 100.374129463761207, 2.271991396198909 ], [ 100.3746489208025, 2.271990899191438 ], [ 100.374828915184281, 2.27217161807527 ], [ 100.375278558972397, 2.272261633176046 ], [ 100.375927696381069, 2.271989674880922 ], [ 100.376107600017946, 2.272074480186746 ], [ 100.376646646439667, 2.271627204041296 ], [ 100.376986279737523, 2.271626878563997 ], [ 100.377076533983598, 2.271988574003541 ], [ 100.377366276311747, 2.271982828330265 ], [ 100.377545927966921, 2.271801765122828 ], [ 100.377634982530381, 2.270897225069153 ], [ 100.377365162461317, 2.270807038212063 ], [ 100.377274999224426, 2.270541256059302 ], [ 100.377524635076895, 2.270450571370246 ], [ 100.37743498059784, 2.270721993707372 ], [ 100.377704714966157, 2.270721735176937 ], [ 100.377814377045624, 2.270444825795528 ], [ 100.377634554179394, 2.27044499814748 ], [ 100.377724294286594, 2.2702640212117 ], [ 100.377544471435868, 2.270264193538669 ], [ 100.377364306046644, 2.269902584261558 ], [ 100.377094486185499, 2.269812397228934 ], [ 100.376824409593851, 2.269450873875067 ], [ 100.376284855558495, 2.269360944828504 ], [ 100.376014437229387, 2.268637639351377 ], [ 100.375564538422665, 2.268276287419337 ], [ 100.375564367527161, 2.268095396486308 ], [ 100.375294377134381, 2.267824317885452 ], [ 100.374664741386709, 2.267553582716945 ], [ 100.374574659296229, 2.267372777578979 ], [ 100.374394836563567, 2.267372949293198 ], [ 100.374394665881425, 2.26719205826867 ], [ 100.374214757832618, 2.267101784427433 ], [ 100.374393988446812, 2.266473962049889 ], [ 100.375202416870252, 2.265653712236966 ], [ 100.375201990263918, 2.26520148481801 ], [ 100.374932086047778, 2.265020851262853 ], [ 100.374931915476253, 2.264839960273411 ], [ 100.37457201491155, 2.264568966858965 ], [ 100.374302281325939, 2.264569224103056 ], [ 100.374212199675682, 2.264388418794414 ], [ 100.374012369645982, 2.264394077201417 ], [ 100.373832797694419, 2.264660117346018 ], [ 100.373563154350748, 2.264756287895355 ], [ 100.373384178714659, 2.265655446932888 ], [ 100.373204616888543, 2.265932422933797 ], [ 100.373295631231386, 2.267102661538515 ], [ 100.373205890362769, 2.267283638423715 ], [ 100.372846164608376, 2.267199003790465 ], [ 100.372576686030484, 2.267470597754251 ], [ 100.372576856507877, 2.267651488916623 ], [ 100.372756764667614, 2.267741762982591 ], [ 100.372757015298149, 2.26800763181673 ], [ 100.372577277606638, 2.268098248932453 ], [ 100.372237388802745, 2.267827236083189 ], [ 100.370708637776062, 2.267557355792454 ], [ 100.370438392625104, 2.267014938674632 ], [ 100.369808586870704, 2.266563309236201 ], [ 100.369718085431316, 2.265935742821809 ], [ 100.36989790320122, 2.265930103905776 ], [ 100.369897738324738, 2.265754680429673 ], [ 100.370257123853065, 2.265477533437224 ], [ 100.370526177909952, 2.264753711549205 ], [ 100.370076196246742, 2.264301910633841 ], [ 100.369896373552393, 2.264302081554495 ], [ 100.369806207382538, 2.264030829933951 ], [ 100.36944630728614, 2.26375983453009 ], [ 100.369445797937701, 2.263217160297939 ], [ 100.369265890461051, 2.263126885345562 ], [ 100.369175470051985, 2.262584296415341 ], [ 100.369264707788702, 2.261866113253143 ], [ 100.369444440273739, 2.261770028991729 ], [ 100.369533932491962, 2.261323183031223 ], [ 100.370073144983934, 2.261051333958557 ], [ 100.370322865625369, 2.261051096903628 ], [ 100.370592853640687, 2.26132217779643 ], [ 100.370683443981818, 2.2620456576927 ], [ 100.370863351265371, 2.262135932497434 ], [ 100.371512652121879, 2.262039401782938 ], [ 100.371332744862713, 2.261949127076404 ], [ 100.37133249516171, 2.261683258060618 ], [ 100.371512147528477, 2.261502195900259 ], [ 100.371871786832685, 2.261496386166247 ], [ 100.371691454946856, 2.260953883362124 ], [ 100.37149162515793, 2.260959541137467 ], [ 100.371491874807916, 2.261225410138113 ], [ 100.37124215425942, 2.261225647413532 ], [ 100.371241984430924, 2.261044756133485 ], [ 100.370972251118303, 2.261045012355289 ], [ 100.370882000480151, 2.260683315135161 ], [ 100.370522356091072, 2.260683656608797 ], [ 100.370252113808505, 2.260141238583905 ], [ 100.370341770439495, 2.259869816234184 ], [ 100.3698921303113, 2.259779797047609 ], [ 100.369692464939362, 2.259960877985422 ], [ 100.369153088198132, 2.260057303171812 ], [ 100.369154100250753, 2.261137183916297 ], [ 100.368884875355803, 2.261680114134159 ], [ 100.368705142799243, 2.261776198341729 ], [ 100.368705990781564, 2.262680655692312 ], [ 100.369065890464654, 2.262951651531946 ], [ 100.369066055036981, 2.263127075076148 ], [ 100.368706669412148, 2.263404221564404 ], [ 100.368707258261779, 2.264031873799116 ], [ 100.368617601477851, 2.264303296374623 ], [ 100.36834795725143, 2.264399466118488 ], [ 100.368168388968982, 2.264670974088629 ], [ 100.368079071568971, 2.265304179734484 ], [ 100.368619049904112, 2.265846341763791 ], [ 100.368799297626694, 2.266298399519564 ], [ 100.369069287092472, 2.266569480257674 ], [ 100.369339021642062, 2.266569223766595 ], [ 100.369699177858195, 2.267111555849286 ], [ 100.369609771469641, 2.267648847665582 ], [ 100.369071072499764, 2.268468840264083 ], [ 100.36898167121754, 2.269011600120188 ], [ 100.369341658289272, 2.269373040583238 ], [ 100.369521481651304, 2.269372869349363 ], [ 100.370061547792773, 2.270005475232444 ], [ 100.37033128286636, 2.270005218166629 ], [ 100.370511276643072, 2.270185938074531 ], [ 100.370602120745048, 2.271175286640923 ], [ 100.370422302395127, 2.271180926038709 ], [ 100.3704225581332, 2.271452263014043 ], [ 100.370802298228483, 2.271536878598241 ], [ 100.370891959309716, 2.27127092378139 ], [ 100.371341256937484, 2.270993690049937 ], [ 100.371341006235383, 2.270727821068396 ], [ 100.371770551760733, 2.270727411161911 ], [ 100.371950631078519, 2.270998576324728 ], [ 100.37204113502905, 2.271626141775256 ], [ 100.371861402087731, 2.271722226987064 ], [ 100.371861567635804, 2.271897650303814 ], [ 100.371232611969702, 2.272350479348571 ], [ 100.370713068751471, 2.272260529553135 ], [ 100.370603234463829, 2.272356547996605 ], [ 100.370783570005827, 2.272899050238274 ], [ 100.370963393694851, 2.272898878557951 ], [ 100.371143558798806, 2.273260489370385 ], [ 100.371952765370921, 2.273259716306044 ] ], [ [ 100.375117032616117, 2.270447408714583 ], [ 100.375296262311096, 2.269819586238902 ], [ 100.376175278615889, 2.269728299667051 ], [ 100.376625178126048, 2.270089651032601 ], [ 100.376625600921102, 2.270536410270773 ], [ 100.375387109312726, 2.270808932531177 ], [ 100.375386938248269, 2.270628041590959 ], [ 100.375117032616117, 2.270447408714583 ] ] ], [ [ [ 100.359091360440033, 2.267008701807355 ], [ 100.359179589867082, 2.267211972691507 ], [ 100.359359413726978, 2.267211802889826 ], [ 100.359271099891188, 2.266918085945781 ], [ 100.359091360440033, 2.267008701807355 ] ] ], [ [ [ 100.358730953626932, 2.266195026328525 ], [ 100.358461217949568, 2.266195280790781 ], [ 100.358459767315296, 2.266647513143833 ], [ 100.358191735141034, 2.266466873585389 ], [ 100.358010207645805, 2.266647937219518 ], [ 100.356483492170071, 2.266558930072299 ], [ 100.356122561272969, 2.267192394034461 ], [ 100.355944609409164, 2.267192561666867 ], [ 100.355763860170015, 2.268210103048705 ], [ 100.355943852875754, 2.268390826018658 ], [ 100.356663318355515, 2.268571040306561 ], [ 100.356753399059571, 2.268751847872609 ], [ 100.357472780252564, 2.268841615434589 ], [ 100.358282495450268, 2.269383528285461 ], [ 100.359721088634615, 2.269382168839741 ], [ 100.359900743689565, 2.269201106688997 ], [ 100.359812260417385, 2.26872649779862 ], [ 100.359722179451339, 2.26854569065322 ], [ 100.359542355453954, 2.268545860600083 ], [ 100.359361855911672, 2.267822461875165 ], [ 100.358912127255337, 2.26764199425491 ], [ 100.358911810664637, 2.267302671683827 ], [ 100.359181103596427, 2.266827724743284 ], [ 100.359001195403778, 2.266737448397418 ], [ 100.359001026680318, 2.266556556204006 ], [ 100.358731290966418, 2.266556810757418 ], [ 100.358730953626932, 2.266195026328525 ] ], [ [ 100.359001195403778, 2.266737448397418 ], [ 100.358999344122381, 2.266759911989041 ], [ 100.358999323170664, 2.266737450164586 ], [ 100.359001195403778, 2.266737448397418 ] ], [ [ 100.358821392524547, 2.266760079944981 ], [ 100.358911367852571, 2.266827979360865 ], [ 100.358821540290208, 2.266918510325364 ], [ 100.358821392524547, 2.266760079944981 ] ] ], [ [ [ 100.354239985504179, 2.27318608736294 ], [ 100.355588672435374, 2.273184814587197 ], [ 100.355588334890712, 2.272823029718273 ], [ 100.355768159712909, 2.272822859946239 ], [ 100.355678078540166, 2.272642052406669 ], [ 100.355857903333259, 2.272641882636911 ], [ 100.355947478171416, 2.272280012925973 ], [ 100.356217130861907, 2.272189312058311 ], [ 100.356306536869013, 2.271646550009956 ], [ 100.356486192715593, 2.271465487865324 ], [ 100.356395436792994, 2.270561110854818 ], [ 100.355675593688275, 2.269976939910841 ], [ 100.355369807881743, 2.269524996663657 ], [ 100.354865878122467, 2.269435025208663 ], [ 100.354560261031523, 2.269163974086942 ], [ 100.354020787610821, 2.269164482063194 ], [ 100.353211829555363, 2.269436582581999 ], [ 100.352852432618775, 2.269708259931797 ], [ 100.352493540073397, 2.270522615293365 ], [ 100.352764034422378, 2.271336378398759 ], [ 100.353214056701816, 2.271830358902426 ], [ 100.353484597015665, 2.272692395496569 ], [ 100.353754458007501, 2.272824759789875 ], [ 100.353790254470226, 2.273005618770805 ], [ 100.354239985504179, 2.27318608736294 ] ] ], [ [ [ 100.334469818490049, 2.284781825023566 ], [ 100.33420116225146, 2.285957887986504 ], [ 100.334920975829775, 2.286499897444864 ], [ 100.335370545937948, 2.28649947692793 ], [ 100.336205018281007, 2.285956013991823 ], [ 100.337123739628737, 2.285994997078431 ], [ 100.337078278740933, 2.285814145712899 ], [ 100.337257902252176, 2.285593240356896 ], [ 100.337167774141989, 2.285361827063164 ], [ 100.337616924919487, 2.284909171681663 ], [ 100.33842627988777, 2.285049464181148 ], [ 100.339280546025947, 2.284777322737643 ], [ 100.340088262058359, 2.284864426605982 ], [ 100.340314133688452, 2.284685906452505 ], [ 100.340403711949989, 2.284324035005344 ], [ 100.340043638022834, 2.283872138454602 ], [ 100.340043302777673, 2.283510351314517 ], [ 100.3396833130289, 2.283148901280029 ], [ 100.338874003971668, 2.283056627137841 ], [ 100.338423768583596, 2.282336058826679 ], [ 100.337974116702128, 2.282246032674402 ], [ 100.33797394945104, 2.28206513894674 ], [ 100.337524214019595, 2.281884665705334 ], [ 100.337344136005015, 2.281613493197344 ], [ 100.335661423146249, 2.281505152783 ], [ 100.335096627777304, 2.281977380864374 ], [ 100.334917300913759, 2.282520230583491 ], [ 100.334917718194603, 2.282972465465532 ], [ 100.335188127568273, 2.283695789287217 ], [ 100.335098613299024, 2.28412864254563 ], [ 100.334469818490049, 2.284781825023566 ] ] ], [ [ [ 100.31792088231019, 2.367657208960912 ], [ 100.318550235280014, 2.367566159603177 ], [ 100.319179331414901, 2.367203767662796 ], [ 100.319358657670719, 2.366660910946348 ], [ 100.318630582641063, 2.366199374450941 ], [ 100.317731300349152, 2.36610978622477 ], [ 100.317551546325944, 2.366200405511222 ], [ 100.317551717103214, 2.366381300527296 ], [ 100.317371877648227, 2.366381472301819 ], [ 100.317192465064153, 2.366833881656697 ], [ 100.316742951548591, 2.366924758550857 ], [ 100.316473533560796, 2.367286806290278 ], [ 100.316293693910808, 2.367286977989883 ], [ 100.316293949954755, 2.367558320647416 ], [ 100.31656380428366, 2.367658505662013 ], [ 100.316572255802313, 2.367839392837551 ], [ 100.317013488859558, 2.367748523739495 ], [ 100.317381619788804, 2.367929067173156 ], [ 100.31792088231019, 2.367657208960912 ] ] ], [ [ [ 100.313075193278877, 2.378244218995261 ], [ 100.31297689681513, 2.378143870212299 ], [ 100.312985272624474, 2.378244305022523 ], [ 100.313075193278877, 2.378244218995261 ] ] ], [ [ [ 100.303399771588374, 2.379085309133902 ], [ 100.30285939641638, 2.378181341328657 ], [ 100.302456073687281, 2.378063446233116 ], [ 100.30209672882097, 2.378425579714254 ], [ 100.301916886693661, 2.37842575033756 ], [ 100.30173738376736, 2.378787713203174 ], [ 100.301467790053735, 2.378968865249288 ], [ 100.301199044292957, 2.380054498126895 ], [ 100.301559577656647, 2.380958637515384 ], [ 100.302232580203992, 2.380985828163027 ], [ 100.302232410369029, 2.380804932071894 ], [ 100.302502173983569, 2.380804675810159 ], [ 100.303310869839905, 2.380170770656868 ], [ 100.303399771588374, 2.379085309133902 ] ] ], [ [ [ 100.330696928797934, 2.384096312395567 ], [ 100.330875813850724, 2.38310122063174 ], [ 100.330695872495681, 2.38299651510717 ], [ 100.330335510541531, 2.382287721618246 ], [ 100.330425186156262, 2.382032690058626 ], [ 100.331946887819456, 2.381669423588892 ], [ 100.332222982491146, 2.381397814129158 ], [ 100.332665988429326, 2.3813973834667 ], [ 100.332756082428318, 2.381578189892846 ], [ 100.332935922723067, 2.381578014997517 ], [ 100.333205509223404, 2.38139685878524 ], [ 100.33330141550671, 2.380763636535932 ], [ 100.333661008831498, 2.380672839801524 ], [ 100.334283941356489, 2.38076268067355 ], [ 100.334554310686812, 2.381395546153139 ], [ 100.334823983831001, 2.381304836614737 ], [ 100.334914078019281, 2.381485642743272 ], [ 100.334918916312276, 2.37966030254851 ], [ 100.335278509047939, 2.379569505610482 ], [ 100.335637840571252, 2.379207368128807 ], [ 100.335996214626732, 2.377850315711004 ], [ 100.335887289056998, 2.377655094674187 ], [ 100.335546514780162, 2.377745873162173 ], [ 100.335456261008233, 2.377398606536764 ], [ 100.334987395708268, 2.376932394592001 ], [ 100.334357870387919, 2.376842559493586 ], [ 100.334178551982816, 2.377385415521316 ], [ 100.333639727762758, 2.378109514913027 ], [ 100.333640075242386, 2.378471302515713 ], [ 100.332489947831746, 2.378486853008754 ], [ 100.332488559420412, 2.377039701906085 ], [ 100.332038686064379, 2.376754363984626 ], [ 100.332038526487793, 2.376587903312063 ], [ 100.331858672939518, 2.376573644471139 ], [ 100.331498560177224, 2.376121758309754 ], [ 100.331857473413436, 2.37532182014902 ], [ 100.332216805852667, 2.374959683658649 ], [ 100.332666317838104, 2.374868800825876 ], [ 100.3328463306636, 2.375049520303508 ], [ 100.333906549241391, 2.375048491647903 ], [ 100.334176395071182, 2.375138676674166 ], [ 100.334195386538141, 2.375319552173003 ], [ 100.334555065281634, 2.375319202900823 ], [ 100.3346448113126, 2.375138221833088 ], [ 100.334824650634445, 2.375138047163277 ], [ 100.334914222966788, 2.374776172388063 ], [ 100.334464524127483, 2.374671728868932 ], [ 100.334355092447026, 2.373948259399057 ], [ 100.333384794537722, 2.373949200724239 ], [ 100.333095957738038, 2.373678139772154 ], [ 100.332395245256137, 2.373497924837673 ], [ 100.332376254167229, 2.37331704916226 ], [ 100.331773742167869, 2.373136738621456 ], [ 100.331765302122648, 2.372970285939669 ], [ 100.331476538476664, 2.372775238081485 ], [ 100.331225597447428, 2.37277548094979 ], [ 100.331026767304948, 2.372594779174502 ], [ 100.330416147667378, 2.372595369826267 ], [ 100.330415902119881, 2.372338462005823 ], [ 100.330145883927784, 2.37206738171557 ], [ 100.329876111232451, 2.372053209190716 ], [ 100.329317343693674, 2.371601513344855 ], [ 100.327267936728873, 2.371527477354749 ], [ 100.326908430273079, 2.371708718481396 ], [ 100.326729180400633, 2.372327588728731 ], [ 100.32654935460198, 2.372342195418671 ], [ 100.32645960719816, 2.372523176459632 ], [ 100.326099927989347, 2.372523523204809 ], [ 100.325650845803352, 2.373066639719641 ], [ 100.325452863687232, 2.373775975553617 ], [ 100.32509361479498, 2.374228558325922 ], [ 100.325004211856211, 2.374771328338716 ], [ 100.324644962675947, 2.375223911214827 ], [ 100.324132541137658, 2.375224405065382 ], [ 100.323862708579497, 2.375148651006932 ], [ 100.323764335515349, 2.374967851066841 ], [ 100.32341293606423, 2.374968189489921 ], [ 100.323314563066489, 2.374787389477012 ], [ 100.322864962741164, 2.37478782227857 ], [ 100.322595460592112, 2.375059423825032 ], [ 100.321786179553001, 2.375060202427806 ], [ 100.321497845354557, 2.375317388693617 ], [ 100.321408785015365, 2.37622194871059 ], [ 100.321706011776698, 2.376607880822935 ], [ 100.32203850784218, 2.376517113387165 ], [ 100.322155698964565, 2.376697895395094 ], [ 100.323297562804427, 2.37669679561574 ], [ 100.323766316826635, 2.377048138222856 ], [ 100.324125911343117, 2.376957344174866 ], [ 100.324313687633861, 2.376595373776722 ], [ 100.324664828711036, 2.376323693189457 ], [ 100.325185531329339, 2.376323190922796 ], [ 100.325725396955107, 2.376684459076259 ], [ 100.325905409753616, 2.376865179836586 ], [ 100.325905741261622, 2.37721253529968 ], [ 100.325546664965103, 2.377846012986159 ], [ 100.325187243170646, 2.378117701908078 ], [ 100.325206420218493, 2.378493905877018 ], [ 100.321070086270879, 2.378497894011343 ], [ 100.32106975157059, 2.378146099597518 ], [ 100.321249592276047, 2.378145926485075 ], [ 100.321527892360692, 2.378417000839367 ], [ 100.322067242207666, 2.378235586538333 ], [ 100.322066983879722, 2.377964244556642 ], [ 100.322246738374474, 2.377873624005916 ], [ 100.322246307851529, 2.377421387399695 ], [ 100.321967998503922, 2.377140318117264 ], [ 100.321518397172056, 2.377140750906539 ], [ 100.321159576365773, 2.378045570643893 ], [ 100.320628321314871, 2.3780316485677 ], [ 100.320151276710163, 2.377670317553457 ], [ 100.319630486590327, 2.377580370778351 ], [ 100.319360223740361, 2.377052378819526 ], [ 100.318551026324641, 2.377143603626164 ], [ 100.318289703941986, 2.377310316297689 ], [ 100.317641841420127, 2.377048336389247 ], [ 100.317112208633503, 2.377048844512986 ], [ 100.316842024111708, 2.376602558073595 ], [ 100.316302316568766, 2.376407746848014 ], [ 100.315222343553799, 2.375428290490003 ], [ 100.314592815200001, 2.37533844522402 ], [ 100.3144032556729, 2.37551952194309 ], [ 100.313792068625602, 2.375610554188437 ], [ 100.313522136321893, 2.375429916821674 ], [ 100.31342359327094, 2.375068220103974 ], [ 100.312982015665, 2.374797298819621 ], [ 100.312711239441683, 2.373722179475985 ], [ 100.312351121940566, 2.373260289283066 ], [ 100.312350790181938, 2.372908493603749 ], [ 100.311721082613232, 2.372627755774277 ], [ 100.311442614710472, 2.372175782243883 ], [ 100.311172768552211, 2.372085591596917 ], [ 100.31072325205065, 2.372176467689151 ], [ 100.310723677879849, 2.372628706434 ], [ 100.310544007455064, 2.372809773279452 ], [ 100.310004399907001, 2.372719839408941 ], [ 100.30964531408452, 2.373353316392499 ], [ 100.308656188822525, 2.373354257957932 ], [ 100.308476517938033, 2.373535324733748 ], [ 100.307855440106181, 2.373626363481204 ], [ 100.307397131595209, 2.373174559548501 ], [ 100.306677767250818, 2.373175243166648 ], [ 100.306498180903887, 2.373446757715965 ], [ 100.306768206871084, 2.373727840180676 ], [ 100.306866748166371, 2.374089538401187 ], [ 100.307128229143984, 2.374089289825625 ], [ 100.307136679969716, 2.374270177706454 ], [ 100.307578257248025, 2.374541101600105 ], [ 100.307758778968136, 2.375264513341807 ], [ 100.307489432928151, 2.375707014255939 ], [ 100.307490113625747, 2.376430597148731 ], [ 100.307130515729312, 2.37652138737199 ], [ 100.307130685895899, 2.376702283119815 ], [ 100.306771343077457, 2.377064416960326 ], [ 100.306591501462677, 2.377064588098181 ], [ 100.306592607574515, 2.378240410695095 ], [ 100.306960751629248, 2.378430951193325 ], [ 100.307050502233338, 2.378249969804909 ], [ 100.30750002138241, 2.37815909369413 ], [ 100.307499851063298, 2.377978197976922 ], [ 100.30803937602694, 2.377977683938528 ], [ 100.308488468808363, 2.37743456847211 ], [ 100.309027737652627, 2.377162710750239 ], [ 100.309648987102634, 2.377252566203475 ], [ 100.309747359216061, 2.377433368087294 ], [ 100.309918919807473, 2.377433204410439 ], [ 100.310189023209389, 2.377794738047628 ], [ 100.31018935510437, 2.378146534007866 ], [ 100.310009854925369, 2.378508496739935 ], [ 100.308301444733047, 2.378600574445828 ], [ 100.30822296086815, 2.37881543868578 ], [ 100.308481488860579, 2.378815192174021 ], [ 100.308481627419525, 2.378962194261602 ], [ 100.308121943932235, 2.378962537235131 ], [ 100.307762686477105, 2.379415119352471 ], [ 100.306593714234921, 2.379416233271402 ], [ 100.306414042583512, 2.379597300347368 ], [ 100.306054358633489, 2.37959764287033 ], [ 100.305874942221877, 2.380050053672518 ], [ 100.305694674631553, 2.37959798529904 ], [ 100.305523198569205, 2.379688596524771 ], [ 100.305432521332278, 2.378884645824939 ], [ 100.305334310094892, 2.378874744149144 ], [ 100.305248900875384, 2.383668570302858 ], [ 100.305437204214826, 2.383859281925791 ], [ 100.305526784578205, 2.38349740450022 ], [ 100.306228069162515, 2.383587183744595 ], [ 100.306238290683993, 2.383938970799216 ], [ 100.306418133215232, 2.383938799213125 ], [ 100.306507893298075, 2.38376781273532 ], [ 100.306867578264303, 2.383767469493349 ], [ 100.306879262106136, 2.38424359661632 ], [ 100.307059104630724, 2.384243424924128 ], [ 100.30714849125016, 2.383676753411221 ], [ 100.308134329138355, 2.383314020349957 ], [ 100.308493501335832, 2.38277098985021 ], [ 100.309384260518328, 2.38258924297083 ], [ 100.30965445105862, 2.383041223979874 ], [ 100.309654783550997, 2.38339301998883 ], [ 100.309834720718328, 2.383493290844939 ], [ 100.309834967802161, 2.383754639059815 ], [ 100.310014819501347, 2.383764462098641 ], [ 100.310203370359318, 2.384216520868923 ], [ 100.311004636482494, 2.384487097211313 ], [ 100.311634598345819, 2.385029180424961 ], [ 100.311634931618926, 2.385380976143697 ], [ 100.31145517495878, 2.385471596224289 ], [ 100.311365767900512, 2.386014368654874 ], [ 100.310646997677964, 2.386648192190128 ], [ 100.311008140102786, 2.388185458666595 ], [ 100.311278365239843, 2.388671331931155 ], [ 100.311459377353415, 2.389903533631076 ], [ 100.311639338313086, 2.390027702128867 ], [ 100.31137048616354, 2.390988992394036 ], [ 100.310921479420784, 2.39162255823178 ], [ 100.310741636215596, 2.391622730963895 ], [ 100.31019272624701, 2.39216025252016 ], [ 100.309743294933938, 2.392347272128852 ], [ 100.309314896805006, 2.392438131159391 ], [ 100.308673952813379, 2.392167402467805 ], [ 100.308044500721735, 2.392168006027585 ], [ 100.307876063323093, 2.392349063303926 ], [ 100.307864657237729, 2.392168178419941 ], [ 100.307594806317709, 2.39207798912742 ], [ 100.307595577461512, 2.392892019652765 ], [ 100.307336961069709, 2.392801819609467 ], [ 100.307516579729167, 2.392564197287368 ], [ 100.307504713249187, 2.391897179613515 ], [ 100.307156175330206, 2.391807065578975 ], [ 100.307144426915741, 2.391264389217504 ], [ 100.307054334001279, 2.391083579609829 ], [ 100.306874576173911, 2.391174199657733 ], [ 100.306878597021466, 2.39541955667573 ], [ 100.306518909024689, 2.395419901597375 ], [ 100.306518657281586, 2.395154250439003 ], [ 100.306238910318328, 2.395058378180241 ], [ 100.306242476377093, 2.398819655473767 ], [ 100.305325448628324, 2.398840646708781 ], [ 100.304597798927517, 2.399465858608856 ], [ 100.304517176782582, 2.399926798095664 ], [ 100.304778672805938, 2.400551061261948 ], [ 100.304958633513181, 2.400673073561288 ], [ 100.305049212372538, 2.401364833625924 ], [ 100.304869710785553, 2.401726797976086 ], [ 100.304420269977285, 2.401908125460987 ], [ 100.303971257966253, 2.402541692633888 ], [ 100.303972287857121, 2.403627068074279 ], [ 100.304152820065426, 2.404350478937064 ], [ 100.304422961842221, 2.404743748472793 ], [ 100.30410165321149, 2.406643465793769 ], [ 100.304245492792376, 2.407244726628063 ], [ 100.304732059129549, 2.407637787538873 ], [ 100.305774727778626, 2.40781767962927 ], [ 100.306251805145081, 2.408631251539765 ], [ 100.306258271806101, 2.415409148495269 ], [ 100.306447927508174, 2.415324209688906 ], [ 100.306887710100085, 2.415382495425673 ], [ 100.305782287912535, 2.415745355801099 ], [ 100.305998829343096, 2.415867331443168 ], [ 100.306909297714569, 2.415866451082528 ], [ 100.306999339935601, 2.415990705484156 ], [ 100.307268991011568, 2.415866103114673 ], [ 100.307617568310292, 2.41599010727802 ], [ 100.308067585218907, 2.416408017439572 ], [ 100.309056860698547, 2.416531400516255 ], [ 100.30923686383565, 2.416694625100113 ], [ 100.309238408509842, 2.418306287551828 ], [ 100.309779424166209, 2.41984337537256 ], [ 100.309510000872535, 2.420205428208922 ], [ 100.309241011492404, 2.421019719761661 ], [ 100.308971327518606, 2.421110429445626 ], [ 100.308791740688463, 2.421381947309482 ], [ 100.307712570217106, 2.421292546732422 ], [ 100.307532896321774, 2.42147361677802 ], [ 100.307184436528388, 2.421473954728832 ], [ 100.307082931167258, 2.421112261554167 ], [ 100.306903170485811, 2.421202883725962 ], [ 100.306905251415756, 2.423373631443593 ], [ 100.3066360870898, 2.424007027972095 ], [ 100.306638501513874, 2.424122588983173 ], [ 100.306905969569087, 2.42412232941499 ], [ 100.306906292582113, 2.424459005275577 ], [ 100.306636781187379, 2.424730610600016 ], [ 100.308255530748397, 2.424853379879914 ], [ 100.308076258635637, 2.425452795542323 ], [ 100.308526312870427, 2.425904597243767 ], [ 100.308526706066573, 2.426313609993572 ], [ 100.308355127197345, 2.426494672563742 ], [ 100.308347379869701, 2.426856471490361 ], [ 100.30807786870092, 2.427128077196112 ], [ 100.307726354653468, 2.427218866915054 ], [ 100.307629681321558, 2.428618905095065 ], [ 100.307719866439854, 2.428890160955001 ], [ 100.308259933595323, 2.429432322408891 ], [ 100.309249534971286, 2.429883597534559 ], [ 100.309519656101955, 2.430245125449474 ], [ 100.309879527199982, 2.430425670118552 ], [ 100.309879701596628, 2.430606565523629 ], [ 100.310329322536035, 2.430606126902277 ], [ 100.31051678820225, 2.430110479113207 ], [ 100.310426556883513, 2.429792002113253 ], [ 100.310606056265129, 2.429430035958948 ], [ 100.310957395757669, 2.429158349952719 ], [ 100.311054194116764, 2.427891987047635 ], [ 100.311225685331522, 2.427620476579066 ], [ 100.311322965363985, 2.426853573765296 ], [ 100.310872910221448, 2.426401773683803 ], [ 100.310692191567654, 2.425497472128609 ], [ 100.310332409179409, 2.425407374704748 ], [ 100.310152735573368, 2.425588445195387 ], [ 100.310144901554239, 2.425859796174491 ], [ 100.309793301191021, 2.425860138469687 ], [ 100.309433083673369, 2.425317802198617 ], [ 100.309432635989296, 2.4248522353857 ], [ 100.312392025527856, 2.424849353438229 ], [ 100.312392690253375, 2.425539040904547 ], [ 100.312572712190487, 2.425719760726065 ], [ 100.312932407266672, 2.425719409826314 ], [ 100.313471775260311, 2.425537988139779 ], [ 100.31374128462528, 2.425266382106905 ], [ 100.313838899838615, 2.424847942058499 ], [ 100.327591295085767, 2.424735224185157 ], [ 100.32758887887455, 2.424619664189728 ], [ 100.326602027522938, 2.424620636992702 ], [ 100.327051491666026, 2.424464414912306 ], [ 100.326599459681532, 2.424349297965116 ], [ 100.32552046936631, 2.424440807872621 ], [ 100.325610568640286, 2.424621613609275 ], [ 100.324353946683829, 2.424622850370368 ], [ 100.324261543962635, 2.424442046723227 ], [ 100.323814143255461, 2.42435203941811 ], [ 100.324083849564744, 2.424286442197332 ], [ 100.324081257849613, 2.423989987645281 ], [ 100.323903714924768, 2.423990162206155 ], [ 100.323721213347028, 2.42362855244893 ], [ 100.322464591342268, 2.42362978694127 ], [ 100.322104722685253, 2.423449245553107 ], [ 100.321744590922933, 2.422997362177716 ], [ 100.321833486110222, 2.421937021888954 ], [ 100.322103080268761, 2.421755862744128 ], [ 100.323704442042768, 2.422279597611896 ], [ 100.324064134591765, 2.422279244238692 ], [ 100.324259266281032, 2.422098157945797 ], [ 100.324873266847135, 2.422097554466727 ], [ 100.325143563608819, 2.422639972165213 ], [ 100.325144091236425, 2.423182655094159 ], [ 100.325504135726334, 2.42354408976886 ], [ 100.325594586890304, 2.424086684090634 ], [ 100.325699963704395, 2.424078842267683 ], [ 100.325789718382637, 2.42390559755004 ], [ 100.325969557194682, 2.423897682404302 ], [ 100.325967645786676, 2.421932960887424 ], [ 100.326239806425264, 2.422023140300462 ], [ 100.3265070715332, 2.421816867638754 ], [ 100.326597170538108, 2.421997673339788 ], [ 100.326604850078084, 2.421570545074403 ], [ 100.326778640564086, 2.421299032475144 ], [ 100.326776136604863, 2.421093025333851 ], [ 100.326604385761627, 2.421093194342395 ], [ 100.326603522180974, 2.42020512011264 ], [ 100.326867771719407, 2.420484920124694 ], [ 100.327045313973898, 2.420484745425926 ], [ 100.327045641470946, 2.420821418565755 ], [ 100.32686829956296, 2.421027602690382 ], [ 100.327138332404942, 2.421298678424804 ], [ 100.327675566507835, 2.421298149438134 ], [ 100.327588651568433, 2.422021812259437 ], [ 100.327768673697435, 2.422202529203988 ], [ 100.328035962890894, 2.422021371549262 ], [ 100.328119546667509, 2.42228391217463 ], [ 100.328389403732686, 2.422374093305683 ], [ 100.328569954954204, 2.42309749223068 ], [ 100.328749800987239, 2.423097314846993 ], [ 100.329109934094063, 2.423549195048945 ], [ 100.329469722943557, 2.423648005435905 ], [ 100.329658732376885, 2.423919160068707 ], [ 100.330735858396508, 2.424279884238874 ], [ 100.330556164519862, 2.424435840706934 ], [ 100.330646264277377, 2.424616645736431 ], [ 100.330466418182922, 2.424616823484573 ], [ 100.33055884605713, 2.424822741416922 ], [ 100.332357218125708, 2.42473051569428 ], [ 100.332176993721376, 2.424343790947981 ], [ 100.332356510367617, 2.424006940598391 ], [ 100.332353563138597, 2.423348699505214 ], [ 100.332173275276517, 2.422896642911223 ], [ 100.331903329873384, 2.422716015829467 ], [ 100.331812965174095, 2.422263870172834 ], [ 100.331274848550862, 2.421359931715826 ], [ 100.331274519937125, 2.421023259159155 ], [ 100.331454188929399, 2.420842187716644 ], [ 100.33136364831762, 2.420209148007609 ], [ 100.331543228988068, 2.419937629694385 ], [ 100.331542611291425, 2.419304501230482 ], [ 100.331362035829059, 2.418555988092694 ], [ 100.331449213948986, 2.418103667013535 ], [ 100.331269016123201, 2.417742056648295 ], [ 100.330911453118205, 2.417561515109642 ], [ 100.330908973324227, 2.417380623480923 ], [ 100.33054928306845, 2.417380977962967 ], [ 100.330459184325136, 2.417200172635435 ], [ 100.330189504690409, 2.41729088537283 ], [ 100.330099141843448, 2.416838739050499 ], [ 100.32974175516145, 2.416839090969492 ], [ 100.329741603564869, 2.416683312167611 ], [ 100.329921448666823, 2.4166831350972 ], [ 100.329918856608671, 2.416386681219057 ], [ 100.329289310856339, 2.416296853772663 ], [ 100.329201980201162, 2.416593396221472 ], [ 100.329379609771223, 2.416683668503886 ], [ 100.329379761326578, 2.416839447328763 ], [ 100.329199916164328, 2.416839624338501 ], [ 100.329110345523887, 2.417201500901081 ], [ 100.328751006954647, 2.417563642995616 ], [ 100.328751886943934, 2.418468113281287 ], [ 100.328482558834125, 2.418920614028148 ], [ 100.32821509413111, 2.418920877315587 ], [ 100.328212350636278, 2.418468644345334 ], [ 100.328032241285385, 2.418197480154861 ], [ 100.32776477667494, 2.418197743274427 ], [ 100.327764537285617, 2.417951517285199 ], [ 100.327944206819737, 2.417770446268231 ], [ 100.328123340239614, 2.417037974537888 ], [ 100.328572434209576, 2.416503568467876 ], [ 100.328752279373589, 2.416503391566265 ], [ 100.328839610147369, 2.416206849095091 ], [ 100.328569490806856, 2.41584532627173 ], [ 100.328391949265622, 2.415845500836103 ], [ 100.328389382043113, 2.415574161965913 ], [ 100.328121654394863, 2.415303083705258 ], [ 100.327758606951193, 2.414218074570576 ], [ 100.327190984396054, 2.413833728450723 ], [ 100.326597424104477, 2.413924758075777 ], [ 100.326590554753494, 2.406830379903444 ], [ 100.327345364013141, 2.406829641356684 ], [ 100.328064564782764, 2.40664804295118 ], [ 100.327435084082069, 2.406620829702407 ], [ 100.327391380942302, 2.406439978115388 ], [ 100.326895289784446, 2.406350016305937 ], [ 100.327075073186919, 2.406287222725264 ], [ 100.327164645312891, 2.405925346338835 ], [ 100.326984774516703, 2.405897692793256 ], [ 100.327074548479501, 2.405744540087324 ], [ 100.326894590277419, 2.405626439402084 ], [ 100.326850450265738, 2.40499335215953 ], [ 100.327029420098967, 2.40408870522876 ], [ 100.327388757800435, 2.40372656523674 ], [ 100.327388233528225, 2.403183882647686 ], [ 100.32658701025116, 2.403161550709692 ], [ 100.326583239358541, 2.399252213054121 ], [ 100.326485397227643, 2.399433202900073 ], [ 100.326133718826057, 2.399343098541535 ], [ 100.326126059654428, 2.399795342181529 ], [ 100.325954485744347, 2.399976403933592 ], [ 100.325943122791827, 2.39658264556658 ], [ 100.325837914633269, 2.396763642485419 ], [ 100.32565790525048, 2.396590661294633 ], [ 100.325388576102696, 2.397043159743009 ], [ 100.325388829714456, 2.397306763204238 ], [ 100.325277587365278, 2.397094240211336 ], [ 100.325134408687717, 2.397184826828676 ], [ 100.32509765749532, 2.39700396804318 ], [ 100.324579449617076, 2.397217103546073 ], [ 100.322886402004769, 2.397218749492564 ], [ 100.322796219937544, 2.39694749502728 ], [ 100.322691011229793, 2.397128491948496 ], [ 100.32252662902934, 2.397128651615835 ], [ 100.322526455377343, 2.396947757045045 ], [ 100.322256603984187, 2.396857571713933 ], [ 100.322256264228628, 2.396503520619758 ], [ 100.322436099807703, 2.396495607926811 ], [ 100.322705437666173, 2.396050847664725 ], [ 100.323065029227877, 2.395952313025756 ], [ 100.323514115339393, 2.395409192797741 ], [ 100.323873019303079, 2.39459481824446 ], [ 100.323970427801953, 2.393961592393252 ], [ 100.324591521213151, 2.393689647252901 ], [ 100.32468936367718, 2.393508657617199 ], [ 100.324861371769018, 2.393779832386639 ], [ 100.325310977893707, 2.393779395467784 ], [ 100.325318551520809, 2.393236704474867 ], [ 100.325474845594627, 2.393244290676409 ], [ 100.32547501936449, 2.393425185040411 ], [ 100.325654861733156, 2.393425010235611 ], [ 100.325744956730915, 2.393605817167993 ], [ 100.325760069911183, 2.393244013451441 ], [ 100.32592462526145, 2.393424747983975 ], [ 100.326029739040365, 2.393145565959566 ], [ 100.326120442603994, 2.393959502955636 ], [ 100.326480127373017, 2.393959153074096 ], [ 100.326571005529956, 2.394953984131253 ], [ 100.326572542032778, 2.388127214716679 ], [ 100.326392700420882, 2.388127389255519 ], [ 100.32630260611694, 2.387946582198968 ], [ 100.325943183061412, 2.388218272670759 ], [ 100.32603258353781, 2.38767550241896 ], [ 100.325936676769331, 2.387472594732563 ], [ 100.326745521591732, 2.387010855481937 ], [ 100.328175441229405, 2.387099914524587 ], [ 100.328992930541062, 2.386375543058528 ], [ 100.330242833335873, 2.386283880931879 ], [ 100.33051891318614, 2.385995874331801 ], [ 100.330247848032229, 2.384639431424677 ], [ 100.330696928797934, 2.384096312395567 ] ], [ [ 100.329975655825194, 2.382107176745133 ], [ 100.330238664011944, 2.38194242403855 ], [ 100.330238981579811, 2.382273382066251 ], [ 100.330155496392749, 2.382107002175843 ], [ 100.329975655825194, 2.382107176745133 ] ], [ [ 100.320961261814858, 2.378407551318325 ], [ 100.320898526319823, 2.378498059155286 ], [ 100.320898440273837, 2.378407611785677 ], [ 100.320961261814858, 2.378407551318325 ] ], [ [ 100.305695194676375, 2.380150667930833 ], [ 100.305966055395558, 2.381316238797217 ], [ 100.305524815842205, 2.381407107137058 ], [ 100.305523633458549, 2.380150831266351 ], [ 100.305695194676375, 2.380150667930833 ] ], [ [ 100.311279248436875, 2.380858927205436 ], [ 100.311180961190558, 2.380768573408016 ], [ 100.311181132189745, 2.380949468850464 ], [ 100.310919735833878, 2.381040166647332 ], [ 100.310919488827395, 2.380778818536078 ], [ 100.311360726896183, 2.38068794876587 ], [ 100.311279248436875, 2.380858927205436 ] ], [ [ 100.311181132189745, 2.380949468850464 ], [ 100.311189422498586, 2.380959456009959 ], [ 100.3111811416384, 2.38095946393015 ], [ 100.311181132189745, 2.380949468850464 ] ], [ [ 100.311189422498586, 2.380959456009959 ], [ 100.311361059492555, 2.381039744545594 ], [ 100.311189498554882, 2.381039908651046 ], [ 100.311189422498586, 2.380959456009959 ] ], [ [ 100.312805678404089, 2.378505824981944 ], [ 100.312977162838095, 2.378425208262857 ], [ 100.312977238916929, 2.378505660849024 ], [ 100.312805678404089, 2.378505824981944 ] ], [ [ 100.312714570278217, 2.377249638704665 ], [ 100.313253666345119, 2.376796884520883 ], [ 100.313253409894443, 2.376525541566997 ], [ 100.313514805164999, 2.376434843878814 ], [ 100.313515137711804, 2.37678663937523 ], [ 100.313785165359121, 2.377067719294344 ], [ 100.313785754714218, 2.377690857641402 ], [ 100.313606084618968, 2.377871925017065 ], [ 100.313516591769968, 2.378324249264794 ], [ 100.312625666026975, 2.378325101670466 ], [ 100.312714570278217, 2.377249638704665 ] ], [ [ 100.324614434035368, 2.409073402021633 ], [ 100.325400178093915, 2.409072633629219 ], [ 100.325581247330575, 2.410338717881745 ], [ 100.325761091903459, 2.410338541828323 ], [ 100.325775590347391, 2.409343608052858 ], [ 100.325850489077723, 2.409795770916799 ], [ 100.325955864821807, 2.409787929684364 ], [ 100.325954902359854, 2.408793011109577 ], [ 100.326135009188263, 2.409064176530526 ], [ 100.326228217103321, 2.412457853764395 ], [ 100.326048985692026, 2.413091159980222 ], [ 100.325956915234912, 2.410873295385252 ], [ 100.325851539410792, 2.410881136664074 ], [ 100.325851794577332, 2.411144740022116 ], [ 100.325777158150132, 2.410963918651268 ], [ 100.325671949905256, 2.411144916146434 ], [ 100.3254920251768, 2.411062383166221 ], [ 100.325402970752862, 2.411959204732476 ], [ 100.325043376140087, 2.412057742208391 ], [ 100.324774039006272, 2.412502504158623 ], [ 100.324437863366683, 2.412459607467516 ], [ 100.324167745991119, 2.412098082687598 ], [ 100.323718000561485, 2.411960853906767 ], [ 100.323447929106678, 2.411646550265538 ], [ 100.322810243837097, 2.411509504805179 ], [ 100.322180437196451, 2.411148330698422 ], [ 100.322089823828961, 2.410432578342626 ], [ 100.322359321728925, 2.410153235029844 ], [ 100.32217922257675, 2.409889806863077 ], [ 100.322628572576605, 2.409618026101505 ], [ 100.3229728882594, 2.409708137211997 ], [ 100.323977399985495, 2.40960897037129 ], [ 100.324516758909212, 2.409427548546439 ], [ 100.324614434035368, 2.409073402021633 ] ], [ [ 100.306245157489599, 2.401643650794798 ], [ 100.305535488032206, 2.401454814643682 ], [ 100.305535346429238, 2.40130565580434 ], [ 100.305715191273592, 2.401305483062027 ], [ 100.305804770192125, 2.400943605123529 ], [ 100.306244406271844, 2.400852734827649 ], [ 100.306245157489599, 2.401643650794798 ] ], [ [ 100.313453809389785, 2.406843166346359 ], [ 100.313708115848797, 2.406842920028822 ], [ 100.313708170353607, 2.406899845572871 ], [ 100.313641767981508, 2.406862376337817 ], [ 100.313453809389785, 2.406843166346359 ] ], [ [ 100.311744676047965, 2.406211686298348 ], [ 100.311564977278721, 2.406364925903496 ], [ 100.311518436891689, 2.406211905047738 ], [ 100.311744676047965, 2.406211686298348 ] ], [ [ 100.311786012199335, 2.403916930449767 ], [ 100.311462395079744, 2.403465004232953 ], [ 100.311066201565367, 2.403465386766861 ], [ 100.31093240569065, 2.403103724788073 ], [ 100.311021815792003, 2.402566644255361 ], [ 100.311470995845951, 2.402113971901537 ], [ 100.312000838644494, 2.402322185581051 ], [ 100.31255086667538, 2.402954788441055 ], [ 100.312551093823018, 2.403192609298829 ], [ 100.312371341044638, 2.403288923172135 ], [ 100.312371513819855, 2.403469818468417 ], [ 100.312191669172975, 2.403469992247644 ], [ 100.312102086926387, 2.403826177316122 ], [ 100.311786012199335, 2.403916930449767 ] ], [ [ 100.306716055588225, 2.413605439935161 ], [ 100.306805287777536, 2.412881770348581 ], [ 100.306885320886195, 2.412881693034279 ], [ 100.306886092883815, 2.413690031088948 ], [ 100.306536376513762, 2.413780816933118 ], [ 100.3065362092036, 2.413605613694815 ], [ 100.306716055588225, 2.413605439935161 ] ], [ [ 100.305229057259652, 2.401364660943667 ], [ 100.305175485028414, 2.401125105393072 ], [ 100.305228829856759, 2.401125054175418 ], [ 100.305229057259652, 2.401364660943667 ] ], [ [ 100.310514393793753, 2.424365050291811 ], [ 100.311851699121206, 2.424035850596035 ], [ 100.312211709713182, 2.42436339715417 ], [ 100.312031862308501, 2.424363572421781 ], [ 100.311762352498619, 2.424635178204629 ], [ 100.310964273718682, 2.424635955597704 ], [ 100.310952864656855, 2.424455071195022 ], [ 100.310514393793753, 2.424365050291811 ] ], [ [ 100.32596639030038, 2.420641585890754 ], [ 100.3260559616145, 2.420279708967119 ], [ 100.326056313251925, 2.420641497465332 ], [ 100.32596639030038, 2.420641585890754 ] ], [ [ 100.328215534154225, 2.41937311254966 ], [ 100.328215294567116, 2.419126886609916 ], [ 100.32839283654755, 2.419126711831827 ], [ 100.328386481159768, 2.419372944247178 ], [ 100.328215534154225, 2.41937311254966 ] ], [ [ 100.326414667486475, 2.410920068442805 ], [ 100.326496449042082, 2.410872766886628 ], [ 100.326496494772144, 2.410919988273749 ], [ 100.326414667486475, 2.410920068442805 ] ], [ [ 100.318492701140983, 2.410204226458685 ], [ 100.318132443517257, 2.409614670468524 ], [ 100.317862547424326, 2.409481259615704 ], [ 100.317861900763148, 2.408808644082255 ], [ 100.318131407286614, 2.408537039404404 ], [ 100.318760777315461, 2.408445979624811 ], [ 100.319554966098792, 2.408806996459638 ], [ 100.319555140218895, 2.408987891216739 ], [ 100.319915004057023, 2.409168435612917 ], [ 100.319735761411565, 2.409794004307852 ], [ 100.319040157208519, 2.410022798403953 ], [ 100.318942313796924, 2.410203788657839 ], [ 100.318492701140983, 2.410204226458685 ] ], [ [ 100.326413354065508, 2.409563361567463 ], [ 100.326494960491843, 2.409335165809228 ], [ 100.326495181270204, 2.409563281443572 ], [ 100.326413354065508, 2.409563361567463 ] ], [ [ 100.320289537527302, 2.408527200535123 ], [ 100.320117787809735, 2.408527367845132 ], [ 100.319929586845731, 2.408256208805225 ], [ 100.320019168407569, 2.407902069876488 ], [ 100.320183552063256, 2.407901909796013 ], [ 100.320273648537821, 2.408082716926102 ], [ 100.320992852872024, 2.407901121390213 ], [ 100.321262794028939, 2.408081753115393 ], [ 100.321353064949193, 2.408443454714619 ], [ 100.321548537481263, 2.408616420806661 ], [ 100.321818304438381, 2.408616157708786 ], [ 100.32217773947616, 2.408352203067011 ], [ 100.322358099982907, 2.408886973180136 ], [ 100.321983044388332, 2.408985524609978 ], [ 100.321983211378893, 2.409158681100295 ], [ 100.321818827692411, 2.409158841482579 ], [ 100.321908575597462, 2.408977859167403 ], [ 100.321369041531071, 2.40897838542439 ], [ 100.320814315244306, 2.409258006626387 ], [ 100.320724646858537, 2.409521698201272 ], [ 100.320470340623672, 2.409521946109733 ], [ 100.320200399097047, 2.409341314329691 ], [ 100.320289537527302, 2.408527200535123 ] ], [ [ 100.32198339330823, 2.409347313766869 ], [ 100.321909011729588, 2.409430095626914 ], [ 100.321908931959555, 2.409347386423847 ], [ 100.32198339330823, 2.409347313766869 ] ], [ [ 100.325956142337844, 2.401694899867183 ], [ 100.326037574679717, 2.401285810027845 ], [ 100.32603796908883, 2.401694820032298 ], [ 100.325956142337844, 2.401694899867183 ] ], [ [ 100.325955619074577, 2.40115221694559 ], [ 100.326037400264482, 2.401104915726047 ], [ 100.32603744579329, 2.401152137128765 ], [ 100.325955619074577, 2.40115221694559 ] ], [ [ 100.325390839580791, 2.399394786388416 ], [ 100.325316458519453, 2.399477568032663 ], [ 100.325316378874575, 2.399394858931923 ], [ 100.325390839580791, 2.399394786388416 ] ], [ [ 100.307157374462633, 2.39307333550851 ], [ 100.307235579658169, 2.392564466570587 ], [ 100.307236061581023, 2.393073260096754 ], [ 100.307157374462633, 2.39307333550851 ] ], [ [ 100.307156689166163, 2.392349752694576 ], [ 100.307235322686978, 2.392293123022772 ], [ 100.307235376243312, 2.392349677305647 ], [ 100.307156689166163, 2.392349752694576 ] ], [ [ 100.307246353996888, 2.392078322994007 ], [ 100.307324987501815, 2.39202169332739 ], [ 100.307325041055748, 2.392078247608456 ], [ 100.307246353996888, 2.392078322994007 ] ], [ [ 100.320448312117264, 2.386548316708162 ], [ 100.319818779304768, 2.386458476870474 ], [ 100.31963825486973, 2.385742809252371 ], [ 100.3199977585722, 2.385553829391308 ], [ 100.320098601375037, 2.385225835635096 ], [ 100.320278356820168, 2.385135214751747 ], [ 100.320278098092388, 2.384863872600594 ], [ 100.320098051690948, 2.384649257898238 ], [ 100.319996379082539, 2.384106671083507 ], [ 100.319737851303657, 2.384106920317289 ], [ 100.31964761814632, 2.383779110762436 ], [ 100.320007042684409, 2.383507421881568 ], [ 100.320096704909503, 2.383235993025534 ], [ 100.320185505660348, 2.382060090278523 ], [ 100.320454750743792, 2.381517146059134 ], [ 100.320543982372769, 2.380793480391329 ], [ 100.32072373734178, 2.380702859782257 ], [ 100.320813227305649, 2.380250536308348 ], [ 100.3209930683024, 2.380250363076447 ], [ 100.320992896074443, 2.380069468348643 ], [ 100.321253545858568, 2.379879544276339 ], [ 100.321441714966269, 2.379246230971119 ], [ 100.321882213685981, 2.379064911764241 ], [ 100.321801052086897, 2.378884095122252 ], [ 100.322421469149972, 2.378784331472152 ], [ 100.32304209938566, 2.378874180563525 ], [ 100.323222112473317, 2.379054901707077 ], [ 100.32367171411407, 2.379054468011306 ], [ 100.323498295826752, 2.378873740598389 ], [ 100.324570744541504, 2.378872705709711 ], [ 100.325200531780069, 2.379233886766005 ], [ 100.325111373115291, 2.380031601713192 ], [ 100.324931720844276, 2.380229066740494 ], [ 100.324931964318694, 2.380484011565213 ], [ 100.324752225609984, 2.380591029389767 ], [ 100.324753505932605, 2.381931340923308 ], [ 100.324394617440419, 2.382762110556524 ], [ 100.324296679780048, 2.383650281611834 ], [ 100.323937256686037, 2.383921971167563 ], [ 100.323667502187774, 2.38392997007306 ], [ 100.323218410006547, 2.384465350230209 ], [ 100.32188531905642, 2.384737980431768 ], [ 100.32151052794643, 2.385107870133995 ], [ 100.321422240457096, 2.386818718341368 ], [ 100.320808341144712, 2.386909758848647 ], [ 100.320448312117264, 2.386548316708162 ] ] ], [ [ [ 100.319802722147543, 2.385833098090019 ], [ 100.319908096425323, 2.385825258326788 ], [ 100.319997844818175, 2.385644276784506 ], [ 100.319892470557946, 2.385652116546681 ], [ 100.319802722147543, 2.385833098090019 ] ] ], [ [ [ 100.333403786616259, 2.393681058707113 ], [ 100.33240484843445, 2.393766789755777 ], [ 100.332045601282417, 2.394219375866416 ], [ 100.33204612542923, 2.394762057495931 ], [ 100.332697084918493, 2.395162794811143 ], [ 100.333326357164395, 2.394981285331219 ], [ 100.333584327974961, 2.394404457893917 ], [ 100.333583803301465, 2.393861776602812 ], [ 100.333403786616259, 2.393681058707113 ] ] ], [ [ [ 101.081014303118891, 1.112176183797744 ], [ 101.081881944070062, 1.112054333447801 ], [ 101.081881563928818, 1.111511857401532 ], [ 101.081462944711816, 1.111488750970822 ], [ 101.081432251175059, 1.111240938046162 ], [ 101.081072762999099, 1.110969954767102 ], [ 101.080354166227266, 1.110970464281773 ], [ 101.080174643510418, 1.111151417179734 ], [ 101.080175403108939, 1.112236370455204 ], [ 101.079906119079965, 1.112507800043306 ], [ 101.079906499200959, 1.113050276770067 ], [ 101.079637405318152, 1.113592944927079 ], [ 101.080027309267706, 1.113713902348533 ], [ 101.080206641679908, 1.113261710841818 ], [ 101.080386291059227, 1.11326158322603 ], [ 101.080565686854911, 1.112899804601032 ], [ 101.080925112259862, 1.113080374855147 ], [ 101.081104571347552, 1.112809009060497 ], [ 101.080894190349838, 1.112507098596965 ], [ 101.080714731185466, 1.112778464381095 ], [ 101.080565601872792, 1.112778570288199 ], [ 101.080565370017041, 1.11244774085194 ], [ 101.08101449320074, 1.112447421970141 ], [ 101.081014303118891, 1.112176183797744 ] ], [ [ 101.081732688179571, 1.111873613979602 ], [ 101.081752244305804, 1.111940609295911 ], [ 101.08173273513826, 1.111940623147643 ], [ 101.081732688179571, 1.111873613979602 ] ] ], [ [ [ 101.079781119521343, 1.119084622404677 ], [ 101.079511453732195, 1.118813576349098 ], [ 101.079242042679155, 1.118904181464663 ], [ 101.079242297448218, 1.119265832753531 ], [ 101.079461886813633, 1.119469905265465 ], [ 101.079731361568136, 1.11946971283917 ], [ 101.079781119521343, 1.119084622404677 ] ] ], [ [ [ 100.884875544585498, 1.354522540199806 ], [ 100.884695089194437, 1.353528023945086 ], [ 100.884291293280981, 1.353407122550881 ], [ 100.884201729105058, 1.353768886348427 ], [ 100.884382044737109, 1.354582556149431 ], [ 100.884875544585498, 1.354522540199806 ] ] ], [ [ [ 100.822719390206998, 1.37663449105414 ], [ 100.823617314896453, 1.375910387676088 ], [ 100.823493132235711, 1.375232337727676 ], [ 100.823223452842896, 1.375051691986999 ], [ 100.822448646611392, 1.375052287529506 ], [ 100.822234994283093, 1.374871598493295 ], [ 100.821875604582246, 1.374871874577914 ], [ 100.821516420506029, 1.375143430377167 ], [ 100.821516694831686, 1.375505136734842 ], [ 100.821337068456714, 1.375595701391441 ], [ 100.821247495341495, 1.375957476830727 ], [ 100.821730999245432, 1.376544824753542 ], [ 100.822719390206998, 1.37663449105414 ] ] ], [ [ [ 101.166321336804856, 1.519495118040753 ], [ 101.16811738842911, 1.518860452499855 ], [ 101.168117027879219, 1.518498823317427 ], [ 101.168296605826882, 1.518408234621231 ], [ 101.16829642558001, 1.518227420050978 ], [ 101.168745325242057, 1.517955744763475 ], [ 101.168459839289639, 1.516203506415711 ], [ 101.167831181617572, 1.516384955007203 ], [ 101.167562039624627, 1.516746856004469 ], [ 101.166498179469869, 1.516657520880183 ], [ 101.166124065395024, 1.516115452788601 ], [ 101.165585060904419, 1.516115995579072 ], [ 101.164776643655699, 1.516207217010451 ], [ 101.164058329617163, 1.516569570460498 ], [ 101.16369881309663, 1.516389116973284 ], [ 101.162890215102564, 1.516299522732376 ], [ 101.162171540801594, 1.516300245430664 ], [ 101.16199205166761, 1.516481241398539 ], [ 101.160015605504753, 1.516392819871102 ], [ 101.159387122885306, 1.51675508272929 ], [ 101.158039515276556, 1.516666027902263 ], [ 101.157770280331661, 1.516937522153863 ], [ 101.15741103149179, 1.517028290768823 ], [ 101.157425573125565, 1.517334287088798 ], [ 101.158144608644989, 1.517695197064077 ], [ 101.159387874859732, 1.517513132047087 ], [ 101.160031223944671, 1.517783709040516 ], [ 101.160735751219875, 1.517873408410657 ], [ 101.160929838035571, 1.518054028824488 ], [ 101.161454426724376, 1.517872685442856 ], [ 101.16181394401427, 1.518053139218454 ], [ 101.162367817797104, 1.518685435835447 ], [ 101.164599527725414, 1.518773594710411 ], [ 101.165153131629637, 1.519134666751437 ], [ 101.165408396069694, 1.519134409250961 ], [ 101.165422814465757, 1.519315209801256 ], [ 101.165692497319824, 1.519495752752224 ], [ 101.166321336804856, 1.519495118040753 ] ] ], [ [ [ 101.16828350499361, 1.51954875716243 ], [ 101.168657114228182, 1.519583166193189 ], [ 101.169375335365984, 1.519130403662792 ], [ 101.169091289816762, 1.518824682174302 ], [ 101.168642029583495, 1.518734728673709 ], [ 101.168283054080803, 1.519096720737032 ], [ 101.16828350499361, 1.51954875716243 ] ] ], [ [ [ 101.171157831530934, 1.519184222104193 ], [ 101.171158192749274, 1.519545850552309 ], [ 101.171262299633923, 1.519580531728046 ], [ 101.171441515847505, 1.519128314449685 ], [ 101.171157831530934, 1.519184222104193 ] ] ], [ [ [ 101.159351582600976, 1.524258975013087 ], [ 101.159933591892013, 1.524258387462518 ], [ 101.159933141321801, 1.52380634855072 ], [ 101.160112720710828, 1.523715759420579 ], [ 101.160112540515954, 1.523534943876656 ], [ 101.16047169919247, 1.523353765678297 ], [ 101.160650918133186, 1.522901545628117 ], [ 101.161010166690559, 1.522810775272566 ], [ 101.161099821165067, 1.522629869182257 ], [ 101.16217783639226, 1.522628781059677 ], [ 101.162716302931358, 1.522085791093819 ], [ 101.16307483000017, 1.521271759941352 ], [ 101.163163763873655, 1.52036759336981 ], [ 101.16307311941911, 1.519554015596427 ], [ 101.1627603085918, 1.519245535393115 ], [ 101.161994619386235, 1.519065491302422 ], [ 101.16159192169448, 1.518704265743244 ], [ 101.159795321563877, 1.518796481612596 ], [ 101.159256403924942, 1.518887431601821 ], [ 101.159076914294303, 1.519068427979048 ], [ 101.158898412625845, 1.520243910711806 ], [ 101.158899940795749, 1.521780844108187 ], [ 101.158630976236921, 1.522323562798333 ], [ 101.158631426097287, 1.522775602106337 ], [ 101.158362191657844, 1.523047097400088 ], [ 101.158182522017867, 1.523047278521227 ], [ 101.157913377446917, 1.523409181790777 ], [ 101.157914277643997, 1.524313260825222 ], [ 101.158406670222163, 1.52453115247799 ], [ 101.159351582600976, 1.524258975013087 ] ] ], [ [ [ 101.143227992896485, 1.528072361618966 ], [ 101.14227353513499, 1.52778964451716 ], [ 101.142093023299509, 1.52694202287177 ], [ 101.141607783684947, 1.526352784443604 ], [ 101.141068499555701, 1.52608209799803 ], [ 101.139720959481934, 1.526083447843966 ], [ 101.139182393424008, 1.526539466152174 ], [ 101.138374222446231, 1.526898478431598 ], [ 101.138105160872854, 1.527350793678026 ], [ 101.137296813664577, 1.52753242149612 ], [ 101.137117319903993, 1.527713419656548 ], [ 101.137118482265876, 1.528888738457006 ], [ 101.137603902636101, 1.529658797039167 ], [ 101.138019200854572, 1.52979536099846 ], [ 101.138681758966797, 1.529476897681862 ], [ 101.138681579883951, 1.529296079592171 ], [ 101.139310254315831, 1.529114630735095 ], [ 101.13990526780492, 1.529294851864923 ], [ 101.140029391680102, 1.529565954456406 ], [ 101.140298989791987, 1.529656092849023 ], [ 101.141197351116901, 1.529655190696542 ], [ 101.141287007898384, 1.529474282680439 ], [ 101.141826024361777, 1.529473741248932 ], [ 101.142061334290418, 1.529292686973406 ], [ 101.142959561213587, 1.529157537778615 ], [ 101.14322853091933, 1.528614814273264 ], [ 101.143227992896485, 1.528072361618966 ] ] ], [ [ [ 101.144307076622653, 1.530599290492002 ], [ 101.143678673936648, 1.531051967079867 ], [ 101.143680673729676, 1.531597851599381 ], [ 101.144040287558255, 1.53186871592905 ], [ 101.14439954171273, 1.531777945257214 ], [ 101.144399271973157, 1.531506719147359 ], [ 101.144668690017113, 1.5314160390078 ], [ 101.144847822538352, 1.530873405969392 ], [ 101.144756166499945, 1.530508429657302 ], [ 101.144307076622653, 1.530599290492002 ] ] ], [ [ [ 100.932861244296092, 1.99622458544704 ], [ 100.933489490102374, 1.99550047982673 ], [ 100.933659495559553, 1.99550027875042 ], [ 100.934029133362884, 1.995861522599576 ], [ 100.9345682481176, 1.995770464352869 ], [ 100.934837541101516, 1.995498884915212 ], [ 100.934826825933882, 1.994660148198764 ], [ 100.934656715020083, 1.994569929193199 ], [ 100.934646768987051, 1.994389100469678 ], [ 100.934287289026386, 1.994389525609537 ], [ 100.934197630281034, 1.994570472168862 ], [ 100.933658515714697, 1.99466152993113 ], [ 100.933478986816169, 1.994842582794564 ], [ 100.93312924124568, 1.994842996267016 ], [ 100.933029425260841, 1.994662273595703 ], [ 100.932859419826173, 1.994662474522136 ], [ 100.932499200724649, 1.994029957685668 ], [ 100.932578175673456, 1.993035240481732 ], [ 100.931778131472043, 1.992222401299943 ], [ 100.931497733294577, 1.991318527916014 ], [ 100.931327728048501, 1.991318728346877 ], [ 100.931317782722928, 1.991137899220663 ], [ 100.930599033235751, 1.99131958725545 ], [ 100.930509689562683, 1.991771794883641 ], [ 100.929881020068237, 1.992134217772198 ], [ 100.929882283637326, 1.993219262291789 ], [ 100.930072841418976, 1.994148209841919 ], [ 100.930792751973044, 1.994961144369917 ], [ 100.931322554952089, 1.995231779987581 ], [ 100.931602322433889, 1.995593131119509 ], [ 100.932041938666572, 1.995592611604879 ], [ 100.932141754756373, 1.99577333438528 ], [ 100.932311760377445, 1.995773133421609 ], [ 100.932501657930331, 1.99613459035296 ], [ 100.932861244296092, 1.99622458544704 ] ], [ [ 100.93321974498096, 1.995385411199566 ], [ 100.933209904620583, 1.995295002515292 ], [ 100.933129692802609, 1.995229644350105 ], [ 100.933299698268272, 1.995229443338472 ], [ 100.93321974498096, 1.995385411199566 ] ] ], [ [ [ 100.548892230998419, 2.033899985193068 ], [ 100.549279666756647, 2.033507322905339 ], [ 100.549638539057938, 2.032783466217503 ], [ 100.549098678214889, 2.03224135460013 ], [ 100.54837955352663, 2.032242048296842 ], [ 100.548261530843362, 2.032363133996456 ], [ 100.548262823752438, 2.033719715127209 ], [ 100.548892230998419, 2.033899985193068 ] ] ], [ [ [ 100.558338557063152, 2.042030291581889 ], [ 100.558698817295749, 2.042753447117663 ], [ 100.558968576711479, 2.042843622202191 ], [ 100.559265943547359, 2.042270168978474 ], [ 100.55908476760159, 2.040823332176537 ], [ 100.558725029859218, 2.04064173840087 ], [ 100.558364858889917, 2.040010088606439 ], [ 100.55737588699408, 2.039829107235058 ], [ 100.556836283266847, 2.039559384983825 ], [ 100.556566002870412, 2.038926578756149 ], [ 100.556296157212813, 2.038745964264556 ], [ 100.556205861564479, 2.038324392615905 ], [ 100.556744075852109, 2.037148169352071 ], [ 100.558092056168775, 2.036754572088924 ], [ 100.558001326302602, 2.035880809212039 ], [ 100.55818090402515, 2.035669224924167 ], [ 100.558270215763727, 2.035066602256827 ], [ 100.558539713051388, 2.034885463539762 ], [ 100.558960917331689, 2.034885054070309 ], [ 100.559078938655574, 2.034763968061906 ], [ 100.558988903973614, 2.034613711772666 ], [ 100.559168655194796, 2.034583004119993 ], [ 100.559168394611675, 2.034311689308839 ], [ 100.558539336389217, 2.034493177474069 ], [ 100.558601153116754, 2.034673994156397 ], [ 100.558089711288829, 2.034312737563452 ], [ 100.557792690421678, 2.035247943132213 ], [ 100.557882985631878, 2.035669514520317 ], [ 100.557551497692685, 2.035488959836428 ], [ 100.557102045702592, 2.035489396496708 ], [ 100.556804330042695, 2.035701095510794 ], [ 100.556804474314973, 2.03585143935159 ], [ 100.556203488424956, 2.035852023028141 ], [ 100.555367210095369, 2.036878191478954 ], [ 100.555187862732353, 2.037330558229059 ], [ 100.555188383375139, 2.037873188861748 ], [ 100.555368425014777, 2.038144329514779 ], [ 100.555369437654093, 2.039199057750924 ], [ 100.555190032993892, 2.039591519173514 ], [ 100.55518699351903, 2.040283429530203 ], [ 100.555560986041556, 2.041227797412212 ], [ 100.557349062393655, 2.041307748913436 ], [ 100.557646807768904, 2.041126581957946 ], [ 100.558068013850743, 2.041126171468407 ], [ 100.558427924986134, 2.04148757414489 ], [ 100.558338557063152, 2.042030291581889 ] ] ], [ [ [ 100.559861657247581, 2.040641697742982 ], [ 100.559502006745987, 2.040550542427121 ], [ 100.559412464731565, 2.040912383107027 ], [ 100.559983847957014, 2.041003331783415 ], [ 100.559861657247581, 2.040641697742982 ] ] ], [ [ [ 100.526303194229754, 2.053116570191321 ], [ 100.526016736504317, 2.053516803520134 ], [ 100.526106936280527, 2.053840276636222 ], [ 100.525944309860989, 2.053840432850387 ], [ 100.52592744451286, 2.054149967548578 ], [ 100.526556693817511, 2.054149362933508 ], [ 100.526558289712696, 2.055829516957214 ], [ 100.525766499013159, 2.05592071808989 ], [ 100.525317206335714, 2.056102029520357 ], [ 100.525210326074856, 2.056283011810252 ], [ 100.524688213455136, 2.056373953380527 ], [ 100.524671226056853, 2.056554849311051 ], [ 100.524491476394886, 2.056593221301005 ], [ 100.524491697709465, 2.056826341257632 ], [ 100.524149542434586, 2.057097989506366 ], [ 100.524043213492533, 2.057859809578678 ], [ 100.524223772788233, 2.058673594400819 ], [ 100.524493709901591, 2.058944654207977 ], [ 100.524494189375886, 2.059449093333587 ], [ 100.524134960680712, 2.059811198242292 ], [ 100.523792633110531, 2.05990196741774 ], [ 100.523506604284265, 2.060754400466235 ], [ 100.523687164765221, 2.06156818528084 ], [ 100.524136889266487, 2.061839071728865 ], [ 100.524586441685344, 2.061929078497612 ], [ 100.524603428702193, 2.061748182529991 ], [ 100.524783129114269, 2.061657569609596 ], [ 100.525485287995267, 2.06183777249687 ], [ 100.526031745814365, 2.061510241906561 ], [ 100.526561619121182, 2.061746294869481 ], [ 100.526564918273138, 2.062793369073574 ], [ 100.526475283737867, 2.063064774738485 ], [ 100.526312656411605, 2.063064931691807 ], [ 100.526116264514144, 2.06364595885305 ], [ 100.526117040840063, 2.064459915714883 ], [ 100.526298208569159, 2.065906776382946 ], [ 100.52656823427192, 2.066268274266715 ], [ 100.526572730979709, 2.070971134864679 ], [ 100.526669013042564, 2.071263090320798 ], [ 100.52684836747558, 2.070810718014443 ], [ 100.526846723090671, 2.069092365355527 ], [ 100.527116490313318, 2.069182543827452 ], [ 100.527200102048084, 2.069001583486538 ], [ 100.52738643064113, 2.069453601413294 ], [ 100.527386170989388, 2.06918228263871 ], [ 100.527925532239138, 2.069181760122997 ], [ 100.528554267259992, 2.068638513033533 ], [ 100.528997625819102, 2.068638083319789 ], [ 100.529003907813447, 2.068818956445419 ], [ 100.529183781368005, 2.068909221656032 ], [ 100.529537246426329, 2.068908878893386 ], [ 100.529723315410152, 2.069089577580207 ], [ 100.530526247543165, 2.069088798502705 ], [ 100.530802210004566, 2.069269409706521 ], [ 100.530891929929837, 2.069088443549059 ], [ 100.53179086373882, 2.069087570628678 ], [ 100.531970216499431, 2.068635198995567 ], [ 100.532329616188107, 2.068453970954306 ], [ 100.53232305362701, 2.06798105040844 ], [ 100.531969502484159, 2.067890954242757 ], [ 100.531873326964885, 2.067710168642442 ], [ 100.531519862559506, 2.067710511729726 ], [ 100.531339402292147, 2.067007900372795 ], [ 100.531429035523274, 2.066736494897652 ], [ 100.531698541875372, 2.06655535445784 ], [ 100.531877634923461, 2.065831664800501 ], [ 100.532686239870557, 2.065378683072383 ], [ 100.532685373207144, 2.064474289356338 ], [ 100.532505393947304, 2.064272855371348 ], [ 100.532505067315697, 2.063931827413311 ], [ 100.532684680150297, 2.063750774375808 ], [ 100.533217929497482, 2.063750257347875 ], [ 100.533404170881241, 2.064111834434576 ], [ 100.533853635903156, 2.064111398373378 ], [ 100.534213034422976, 2.063930170817161 ], [ 100.534392473501057, 2.063568239130043 ], [ 100.534566150652608, 2.063568070583077 ], [ 100.534842545372172, 2.064200877870043 ], [ 100.535202464316583, 2.064562285749701 ], [ 100.536101741164018, 2.06492316919243 ], [ 100.536371246241345, 2.064742028578328 ], [ 100.536370898804165, 2.064380271717768 ], [ 100.536909040180049, 2.063113598645303 ], [ 100.537268524540337, 2.063022809999938 ], [ 100.537448049562116, 2.062751317730208 ], [ 100.538256997416582, 2.062660092040678 ], [ 100.538537291483877, 2.062207623402696 ], [ 100.538885638055973, 2.06202640624575 ], [ 100.538896340863772, 2.061664639056936 ], [ 100.539065075789537, 2.061664474976846 ], [ 100.539075974219642, 2.061506328382148 ], [ 100.539505935441781, 2.061462438340948 ], [ 100.539506838102298, 2.062401584164285 ], [ 100.539956823244637, 2.062943781116672 ], [ 100.540406199532995, 2.062852904395651 ], [ 100.540587937787876, 2.062490970906688 ], [ 100.540857441582745, 2.062309830214124 ], [ 100.541124818316291, 2.062309569792286 ], [ 100.541576321077045, 2.062037812689935 ], [ 100.542023482745918, 2.062037376988355 ], [ 100.543012910355159, 2.062669485601932 ], [ 100.544631149690844, 2.062848784183075 ], [ 100.544990981365501, 2.063119749551671 ], [ 100.544991505147365, 2.063662382639935 ], [ 100.545441229602631, 2.063933259865371 ], [ 100.545620927227205, 2.063842645282242 ], [ 100.545981108815084, 2.064475365344284 ], [ 100.54598323506238, 2.064294485484729 ], [ 100.546163073849456, 2.064349993557345 ], [ 100.546175780225539, 2.059737598038449 ], [ 100.54669806177867, 2.059827527043457 ], [ 100.546877671691703, 2.059646473945076 ], [ 100.547327307147484, 2.059826912509045 ], [ 100.547434096464059, 2.059555491693333 ], [ 100.547686613968295, 2.059555245024521 ], [ 100.547703511088585, 2.059283912052888 ], [ 100.548045920640689, 2.059283577550132 ], [ 100.548136249309422, 2.059735683309219 ], [ 100.548495817848561, 2.059735331866557 ], [ 100.548765581569484, 2.059825506921246 ], [ 100.548765756294856, 2.060006384301312 ], [ 100.549035432669854, 2.060006120585181 ], [ 100.54957469790584, 2.059915154360096 ], [ 100.549754394663879, 2.059824539822837 ], [ 100.549771378792016, 2.059643645741231 ], [ 100.550220627296923, 2.059424129961279 ], [ 100.549950863764977, 2.059333955164925 ], [ 100.549950601567886, 2.059062639245183 ], [ 100.549770730124465, 2.058972376436496 ], [ 100.549770242815157, 2.058467943319677 ], [ 100.549932780510161, 2.058377345668244 ], [ 100.549949727827624, 2.058158252839111 ], [ 100.549589985228906, 2.057977727029078 ], [ 100.54941020125743, 2.057977902734759 ], [ 100.548494907769367, 2.058792746047374 ], [ 100.547703125159288, 2.058883958296693 ], [ 100.547702950648997, 2.058703080822793 ], [ 100.547253577313384, 2.058793958424831 ], [ 100.547073269801828, 2.058251501349505 ], [ 100.546893398400186, 2.058161238020828 ], [ 100.546174348563156, 2.058252378364263 ], [ 100.546156703595983, 2.05774796111322 ], [ 100.545887027232027, 2.05774822405092 ], [ 100.545615398208696, 2.058110244495794 ], [ 100.545437827815562, 2.058019978684125 ], [ 100.545345808809941, 2.058200946226518 ], [ 100.544988541106918, 2.058201294450672 ], [ 100.543999465729968, 2.05793094112557 ], [ 100.54390931251308, 2.057659711959779 ], [ 100.543729528092683, 2.057659886994413 ], [ 100.543729354133902, 2.057479009176952 ], [ 100.543556892747517, 2.057388738047203 ], [ 100.543646565865643, 2.057160805581397 ], [ 100.544185744966484, 2.056979402792429 ], [ 100.544275376182767, 2.056707998622241 ], [ 100.544455160450099, 2.056707823606699 ], [ 100.544544878607979, 2.056526858341538 ], [ 100.545713475790549, 2.056525720278407 ], [ 100.546072695786037, 2.056163614693383 ], [ 100.546072521690078, 2.055982737073366 ], [ 100.546431915619721, 2.055801509148631 ], [ 100.546431480384243, 2.055349315172778 ], [ 100.546701069225065, 2.055258613665081 ], [ 100.546970396841672, 2.054896595816653 ], [ 100.547150180676624, 2.05489642065011 ], [ 100.547150006566824, 2.054715543119674 ], [ 100.547329790366206, 2.054715367948227 ], [ 100.547239550274696, 2.054353700489775 ], [ 100.547509225895851, 2.054353437756033 ], [ 100.547509051791721, 2.054172560255187 ], [ 100.5478686191924, 2.054172209903249 ], [ 100.547958336893686, 2.053991244839883 ], [ 100.548677645619208, 2.054171421314073 ], [ 100.548669409937503, 2.053314008564369 ], [ 100.547867706867393, 2.053224350866336 ], [ 100.547770144066476, 2.052953129416979 ], [ 100.546780464905311, 2.052049704219717 ], [ 100.546420897793254, 2.0520500539638 ], [ 100.545971699449638, 2.052321807485931 ], [ 100.54579339320172, 2.053859442331677 ], [ 100.545524065167896, 2.054221460054459 ], [ 100.544984974169793, 2.054493301344313 ], [ 100.544722708177517, 2.05449355646008 ], [ 100.544355295817496, 2.054041718932045 ], [ 100.543995641003718, 2.053951629565278 ], [ 100.543725965000718, 2.053951891651331 ], [ 100.543456636237835, 2.05431390938894 ], [ 100.543104478033442, 2.054314251567309 ], [ 100.542557108325141, 2.053681709939535 ], [ 100.542384734214366, 2.053681877289378 ], [ 100.54237715076458, 2.053501006540694 ], [ 100.541927603817967, 2.053411003781352 ], [ 100.541658014330594, 2.05350170444961 ], [ 100.541748600087786, 2.05422512921062 ], [ 100.541389291768724, 2.054496795224043 ], [ 100.540048579225541, 2.054769413355159 ], [ 100.539321598420173, 2.054317922320523 ], [ 100.538512568335719, 2.05431870620134 ], [ 100.538250474644286, 2.054499838520022 ], [ 100.538152999310014, 2.054319054460664 ], [ 100.537613559160903, 2.0542291375233 ], [ 100.537254249441645, 2.054500803131264 ], [ 100.537164703079128, 2.054862646910452 ], [ 100.536985004886148, 2.054953260143749 ], [ 100.536631544144726, 2.054953602252939 ], [ 100.535546122047904, 2.054321576908663 ], [ 100.534737090521517, 2.0543223588682 ], [ 100.533928317576169, 2.054594458408048 ], [ 100.533484963929538, 2.05459488658208 ], [ 100.533118940299929, 2.054233482186859 ], [ 100.532585694090983, 2.054233996798431 ], [ 100.532135886853652, 2.053872672785794 ], [ 100.532129519664466, 2.053601360453275 ], [ 100.531865778622944, 2.053420735752575 ], [ 100.531859411537184, 2.053149423381746 ], [ 100.53149932508498, 2.052607133323585 ], [ 100.530600056298667, 2.052246241231678 ], [ 100.529341475433355, 2.052157012764893 ], [ 100.528892184647589, 2.052338324120802 ], [ 100.527364010834802, 2.052339792990482 ], [ 100.527184397272904, 2.052520844940832 ], [ 100.526920828078346, 2.052521098125662 ], [ 100.526824569303429, 2.052249871429991 ], [ 100.526644784041551, 2.052250044073158 ], [ 100.526555627413757, 2.053025888004905 ], [ 100.526303194229754, 2.053116570191321 ] ], [ [ 100.547771143266786, 2.053991427240559 ], [ 100.547688706598819, 2.054038474662589 ], [ 100.547688661390765, 2.053991507603549 ], [ 100.547771143266786, 2.053991427240559 ] ], [ [ 100.547147173735652, 2.059465333076451 ], [ 100.547147311392081, 2.059608011776747 ], [ 100.546984686001281, 2.059608170588773 ], [ 100.546984548359305, 2.059465491877465 ], [ 100.547147173735652, 2.059465333076451 ] ] ], [ [ [ 101.089862594762494, 2.123978320080943 ], [ 101.090221826119574, 2.123797008358778 ], [ 101.09013122832684, 2.1232546628845 ], [ 101.089861447867065, 2.123125011192575 ], [ 101.089832887336698, 2.122944227084092 ], [ 101.089113695736557, 2.122764381931174 ], [ 101.089024191427967, 2.123035738165326 ], [ 101.089203981867655, 2.12307510093579 ], [ 101.089294890580092, 2.12384907369798 ], [ 101.089413251554291, 2.123978931396975 ], [ 101.089862594762494, 2.123978320080943 ] ] ], [ [ [ 101.089143402576241, 2.12379847542373 ], [ 101.08902492015936, 2.123578206310418 ], [ 101.088963665246453, 2.123798719861078 ], [ 101.089143402576241, 2.12379847542373 ] ] ], [ [ [ 101.088784049367916, 2.123889375648257 ], [ 101.088665566955143, 2.123669106463679 ], [ 101.088694180679667, 2.123889497853768 ], [ 101.088784049367916, 2.123889375648257 ] ] ], [ [ [ 101.106051664465269, 2.138296705157767 ], [ 101.105850172400864, 2.138201742334656 ], [ 101.105850295696143, 2.138292152695684 ], [ 101.106051664465269, 2.138296705157767 ] ] ], [ [ [ 101.025032014457508, 2.187768219764447 ], [ 101.025772064352466, 2.186682234005751 ], [ 101.025951795411245, 2.186666475589918 ], [ 101.026131062029108, 2.186304572020652 ], [ 101.026040822270147, 2.186033449411678 ], [ 101.025681076172802, 2.185853107594195 ], [ 101.024962068828998, 2.185854083210671 ], [ 101.023862534414391, 2.1869560708608 ], [ 101.023863261698295, 2.187498560851619 ], [ 101.024043377624778, 2.187769561892481 ], [ 101.024313127185678, 2.187859610894938 ], [ 101.025032014457508, 2.187768219764447 ] ] ], [ [ [ 101.026673352176886, 2.188564210778197 ], [ 101.026291128485781, 2.188399414682593 ], [ 101.02638161171059, 2.188851366803995 ], [ 101.02667359509995, 2.1887450404559 ], [ 101.026673352176886, 2.188564210778197 ] ] ], [ [ [ 100.373650340939051, 2.261861944734009 ], [ 100.373850085558487, 2.261765841049169 ], [ 100.373650255850023, 2.261771499186529 ], [ 100.373650340939051, 2.261861944734009 ] ] ], [ [ [ 100.373850340872266, 2.262037177668435 ], [ 100.373560514965959, 2.261952475878561 ], [ 100.373560600056237, 2.262042921429234 ], [ 100.373850340872266, 2.262037177668435 ] ] ], [ [ [ 101.184968029302155, -0.204772400767802 ], [ 101.184691910527206, -0.205429085701537 ], [ 101.184332713619654, -0.205519542102832 ], [ 101.184153096707746, -0.205429159887243 ], [ 101.184063233055241, -0.204977137457329 ], [ 101.184429215604382, -0.204772474725707 ], [ 101.184968029302155, -0.204772400767802 ] ] ], [ [ [ 101.186749937374941, -0.196363135509912 ], [ 101.187378552037543, -0.19636305267954 ], [ 101.187564448729546, -0.196930455554013 ], [ 101.187205275805908, -0.197201723336069 ], [ 101.186307242831731, -0.19711143533048 ], [ 101.186211171636003, -0.196724833805484 ], [ 101.186749937374941, -0.196363135509912 ] ] ], [ [ [ 101.366001049427709, 0.556216767538426 ], [ 101.366176631665297, 0.555545918160887 ], [ 101.365996970661172, 0.555365199784488 ], [ 101.3653684087557, 0.555365453168719 ], [ 101.365372343450659, 0.555855439532772 ], [ 101.365552112617621, 0.556307344244699 ], [ 101.366001049427709, 0.556216767538426 ] ] ], [ [ [ 101.249147539933091, 1.356932341156414 ], [ 101.249596904550842, 1.357203128004295 ], [ 101.249956195624037, 1.35720279151894 ], [ 101.250140467860689, 1.356920929743701 ], [ 101.250140143280845, 1.356569801893087 ], [ 101.250314817970903, 1.356479235883667 ], [ 101.250319538050263, 1.356298426533839 ], [ 101.250494296259333, 1.3562982629314 ], [ 101.250588755484955, 1.3560269671507 ], [ 101.2517514790257, 1.355935476122475 ], [ 101.252020779634677, 1.355754419195265 ], [ 101.252204967975302, 1.355382155574338 ], [ 101.252201796729082, 1.351946869257267 ], [ 101.251931996124085, 1.351585511740519 ], [ 101.251931589272701, 1.35114398201856 ], [ 101.252290452780869, 1.350681153620743 ], [ 101.252290202986757, 1.350409946815545 ], [ 101.252110391762614, 1.350229309836972 ], [ 101.251032522958369, 1.350230314908413 ], [ 101.250852961274546, 1.350320884732011 ], [ 101.250848240511687, 1.350501694005094 ], [ 101.250493921015405, 1.350592426786851 ], [ 101.25031005460535, 1.351315817946904 ], [ 101.249052631642257, 1.351417874708761 ], [ 101.249053047705857, 1.351869887057231 ], [ 101.249232609697785, 1.351779317064372 ], [ 101.249412504619386, 1.35205035686889 ], [ 101.24941299456961, 1.352582289802194 ], [ 101.248875234649461, 1.353858909136609 ], [ 101.24887697639474, 1.355746879431342 ], [ 101.248697590902495, 1.356028736637746 ], [ 101.248698175326084, 1.356661554055989 ], [ 101.248878071516074, 1.356932593384533 ], [ 101.249147539933091, 1.356932341156414 ] ] ], [ [ [ 101.498062817663467, 1.536041307076018 ], [ 101.499230393375527, 1.536039932606041 ], [ 101.499499518519613, 1.535768457841395 ], [ 101.499678515009066, 1.535225931438104 ], [ 101.499947745111641, 1.535044842675003 ], [ 101.500126321649574, 1.534140773367023 ], [ 101.500395446647943, 1.533869299062579 ], [ 101.501023824630565, 1.533597402222907 ], [ 101.501383077583384, 1.533596979549833 ], [ 101.502280684388523, 1.533143994408958 ], [ 101.502818828049229, 1.532510661033488 ], [ 101.50308816226547, 1.532419958448356 ], [ 101.503267053489139, 1.531787048108703 ], [ 101.503266004184383, 1.53088319238914 ], [ 101.502888899062043, 1.530121259816431 ], [ 101.50216945208382, 1.529308632849207 ], [ 101.501001987350236, 1.529400388636887 ], [ 101.500912383680841, 1.529581265479482 ], [ 101.500014671206841, 1.529943862280229 ], [ 101.49821840660826, 1.529945968855851 ], [ 101.498038989257509, 1.530126951301622 ], [ 101.497140855831091, 1.530128004071994 ], [ 101.496692730289325, 1.53094200457202 ], [ 101.496333685725503, 1.531123197828615 ], [ 101.496064663792765, 1.531485057974589 ], [ 101.496065605794428, 1.532298532611518 ], [ 101.495797317044364, 1.533293095655153 ], [ 101.495798260057427, 1.534106570444884 ], [ 101.495978142517956, 1.534326421810905 ], [ 101.495995635563375, 1.534778332245496 ], [ 101.49626549601345, 1.535139559856965 ], [ 101.49696724601209, 1.535319507170734 ], [ 101.497074343279479, 1.535590539600967 ], [ 101.497326920235807, 1.535680628630417 ], [ 101.497524041227805, 1.536132327196892 ], [ 101.497973214177563, 1.536222184648016 ], [ 101.498062817663467, 1.536041307076018 ] ] ], [ [ [ 101.582906003661023, 1.549086394196939 ], [ 101.583265576501276, 1.549366661080811 ], [ 101.583176085438183, 1.549628343040819 ], [ 101.582996469092066, 1.549628563572307 ], [ 101.582997016994, 1.550080463233946 ], [ 101.583446069510728, 1.55008947976582 ], [ 101.583446386781219, 1.550351051415132 ], [ 101.583716140252733, 1.550621860041126 ], [ 101.583922494763755, 1.55063117450719 ], [ 101.584011973909938, 1.550359924555444 ], [ 101.583832346013025, 1.550350577215192 ], [ 101.583832028695255, 1.550089005645923 ], [ 101.58356226381126, 1.549808628895295 ], [ 101.583651754770187, 1.549546946986514 ], [ 101.583202373772721, 1.549266790553125 ], [ 101.583202056754175, 1.549005218850531 ], [ 101.582906003661023, 1.549086394196939 ] ] ], [ [ [ 101.493845962681178, 1.554869525410945 ], [ 101.491601346800707, 1.554990774972246 ], [ 101.491332114483527, 1.555171867904417 ], [ 101.491422565778748, 1.555714079401742 ], [ 101.491243042179988, 1.55580467932375 ], [ 101.491153757860303, 1.556256718042748 ], [ 101.49115418240288, 1.556618263600838 ], [ 101.491333937987292, 1.556725162122788 ], [ 101.49124431577944, 1.55688931592457 ], [ 101.491423965218701, 1.556905828023521 ], [ 101.491335936530177, 1.558425777468151 ], [ 101.490977101743155, 1.5587877508578 ], [ 101.49124699164112, 1.559165701270552 ], [ 101.491427452803563, 1.559871852404655 ], [ 101.491814371069424, 1.560068889918969 ], [ 101.492802335666326, 1.560067711712553 ], [ 101.493161275955401, 1.559796124415088 ], [ 101.493070822490594, 1.559253914014693 ], [ 101.492773613260724, 1.558966383346399 ], [ 101.492262043221501, 1.55887660660743 ], [ 101.492082200706136, 1.558696048004822 ], [ 101.491811586793347, 1.557702119237093 ], [ 101.491901102612673, 1.557447579090657 ], [ 101.492170440980956, 1.557356872017933 ], [ 101.492501743455662, 1.556904545490498 ], [ 101.493247793731115, 1.556994043752832 ], [ 101.494747092252297, 1.556885146013773 ], [ 101.494656427262854, 1.55616216382961 ], [ 101.494296425063737, 1.555529888358347 ], [ 101.494385708716138, 1.555077850637957 ], [ 101.493845962681178, 1.554869525410945 ] ] ], [ [ [ 101.490348290329933, 1.558698113072893 ], [ 101.489988147272356, 1.557947254324664 ], [ 101.489987215875374, 1.557676095647073 ], [ 101.489627743442668, 1.557495750012162 ], [ 101.489269013954569, 1.557948109847181 ], [ 101.489270190806309, 1.558428236420728 ], [ 101.489450245843287, 1.558789568700933 ], [ 101.490079057683033, 1.558879206773658 ], [ 101.490348290329933, 1.558698113072893 ] ] ], [ [ [ 101.474591811817248, 1.564441479341908 ], [ 101.473872927485928, 1.564140925403471 ], [ 101.473782828793759, 1.563900113533078 ], [ 101.474231381159257, 1.563447642866606 ], [ 101.474410484422791, 1.562995492048404 ], [ 101.474679827457479, 1.562904784891278 ], [ 101.474679615724725, 1.56272400985414 ], [ 101.475307800194898, 1.562271326646463 ], [ 101.475307059350257, 1.561638614312924 ], [ 101.474812838078918, 1.560976242460599 ], [ 101.474453361780064, 1.560795893038768 ], [ 101.473824648115794, 1.560796637691115 ], [ 101.473645121273648, 1.560887238005531 ], [ 101.473555727795343, 1.561248894756374 ], [ 101.472388326757383, 1.561431052785684 ], [ 101.472388538119105, 1.561611828139451 ], [ 101.472209011005873, 1.561702428539258 ], [ 101.472209645228844, 1.562244754671909 ], [ 101.471940618800843, 1.562606624665725 ], [ 101.47266052579424, 1.56378081281958 ], [ 101.472840194132075, 1.563810844069726 ], [ 101.472840370431143, 1.563961375062363 ], [ 101.473289876245516, 1.56432239277206 ], [ 101.473559360996276, 1.564352317285314 ], [ 101.473603937401307, 1.564533039813951 ], [ 101.474232970200546, 1.564803456088918 ], [ 101.474592023775301, 1.564622254388135 ], [ 101.474591811817248, 1.564441479341908 ] ] ], [ [ [ 101.475687157438173, 1.566710478447013 ], [ 101.476615038428449, 1.565986274329247 ], [ 101.477123369105655, 1.565985669591925 ], [ 101.477392605459301, 1.565804574331837 ], [ 101.477333037649103, 1.565533482822244 ], [ 101.477691723684501, 1.565040264070511 ], [ 101.477601695233375, 1.564859596257665 ], [ 101.477152508178378, 1.564769742887148 ], [ 101.477152295981156, 1.564588968192843 ], [ 101.476882529158459, 1.564318126379231 ], [ 101.475984472877315, 1.564409580984222 ], [ 101.476073971064707, 1.564138312012977 ], [ 101.475714706024817, 1.564138738741909 ], [ 101.475415114218265, 1.56450064491539 ], [ 101.475086415912202, 1.564501035326381 ], [ 101.474697325577736, 1.565134210891696 ], [ 101.474368733007225, 1.565224988885433 ], [ 101.474338590114371, 1.565586575353994 ], [ 101.474189524258506, 1.565586752458814 ], [ 101.473979690386585, 1.565899019801726 ], [ 101.473980008550498, 1.566170182493187 ], [ 101.474159853647521, 1.566350744111569 ], [ 101.474968413900001, 1.566530558121725 ], [ 101.475058442603029, 1.566711226292971 ], [ 101.475687157438173, 1.566710478447013 ] ] ], [ [ [ 101.47902706581398, 1.568202232492993 ], [ 101.479491873975761, 1.568292065525825 ], [ 101.480569454859008, 1.568110005579469 ], [ 101.480569135452839, 1.567838844251341 ], [ 101.480838157884762, 1.567476974460398 ], [ 101.480837200115545, 1.566663490635172 ], [ 101.481285854595413, 1.566301407003484 ], [ 101.481375351434863, 1.566030138772962 ], [ 101.482183588477412, 1.565938788188711 ], [ 101.482272978816667, 1.565577133134568 ], [ 101.482452504191613, 1.56548653203446 ], [ 101.482436305974232, 1.564995732772741 ], [ 101.482256461598141, 1.564815172818308 ], [ 101.481733187013589, 1.564815796157784 ], [ 101.481014340905759, 1.564545490629074 ], [ 101.480549215638192, 1.564184495371729 ], [ 101.480100135841454, 1.564185029752582 ], [ 101.479831006456422, 1.564456511824768 ], [ 101.479651374434852, 1.564456725563988 ], [ 101.47929264127032, 1.564909088996361 ], [ 101.479113646436076, 1.565451626022625 ], [ 101.478754382002933, 1.565452053633778 ], [ 101.4787545944545, 1.56563282810637 ], [ 101.47839543611201, 1.565723642965968 ], [ 101.478037021291485, 1.566447168808977 ], [ 101.47814346053886, 1.567299411862647 ], [ 101.47902706581398, 1.568202232492993 ] ] ], [ [ [ 101.489279346048832, 1.566201476646926 ], [ 101.488909618380816, 1.566772310327733 ], [ 101.488910365743649, 1.567405016074971 ], [ 101.489180453147711, 1.567947012754645 ], [ 101.489360084161476, 1.567946797716026 ], [ 101.489360297861637, 1.568127570722861 ], [ 101.49080887909733, 1.56845931038933 ], [ 101.490719277557801, 1.568640190826503 ], [ 101.491078646224409, 1.568730146662042 ], [ 101.491373262892537, 1.5685105849202 ], [ 101.491462482025028, 1.568006594679219 ], [ 101.492424913763458, 1.567915054837303 ], [ 101.49287484626818, 1.568637606605616 ], [ 101.493234107374164, 1.56863717568534 ], [ 101.493259216079224, 1.568365986480085 ], [ 101.493503124913119, 1.568275307587487 ], [ 101.493683397782945, 1.56881740935603 ], [ 101.494491627580956, 1.568726053124788 ], [ 101.49485120968329, 1.568996780270417 ], [ 101.495055734106529, 1.568544603519189 ], [ 101.495658474398738, 1.568091948947189 ], [ 101.49568358284975, 1.567820760224692 ], [ 101.496017306138114, 1.567729973523086 ], [ 101.496221723348313, 1.56718741122409 ], [ 101.496645154290817, 1.567006130856915 ], [ 101.49727321625727, 1.566463060607614 ], [ 101.497387665919291, 1.565791785297002 ], [ 101.497297636997274, 1.565611121103535 ], [ 101.497028192402112, 1.565611444201675 ], [ 101.496578690026894, 1.565250438595193 ], [ 101.49577035576732, 1.565251407283242 ], [ 101.495565509961935, 1.565432425125434 ], [ 101.493345456818574, 1.56534469770041 ], [ 101.491883731903357, 1.565979152212699 ], [ 101.490651747758079, 1.565980626372075 ], [ 101.490177454661904, 1.566161966857049 ], [ 101.489279346048832, 1.566201476646926 ] ] ], [ [ [ 101.492077778208298, 1.578129138649828 ], [ 101.492347225429214, 1.578128813614313 ], [ 101.492527072240875, 1.578309369456065 ], [ 101.493639644960965, 1.578213544557823 ], [ 101.493729250032416, 1.578036759596382 ], [ 101.494447554519155, 1.577851024110805 ], [ 101.494536508347622, 1.577127826586417 ], [ 101.494356877259932, 1.577128043333359 ], [ 101.49417692314222, 1.576857101576524 ], [ 101.492290687638999, 1.576768989631327 ], [ 101.491986455938601, 1.576863838595059 ], [ 101.491717331494513, 1.577135322321586 ], [ 101.491718084650188, 1.577768026648321 ], [ 101.492077778208298, 1.578129138649828 ] ] ], [ [ [ 101.289422878149182, 1.645078729956216 ], [ 101.289331912354697, 1.644084437097011 ], [ 101.289870801182317, 1.643993415234188 ], [ 101.290139987858183, 1.643721905170027 ], [ 101.290229201558006, 1.643179403649098 ], [ 101.2896892356829, 1.642324606815353 ], [ 101.289508693289932, 1.641553038605455 ], [ 101.288879308240823, 1.641059942867419 ], [ 101.288698972399331, 1.640469173448192 ], [ 101.288474184715739, 1.640246810672168 ], [ 101.2876650813281, 1.63970534236664 ], [ 101.286766351421434, 1.639344776098377 ], [ 101.28537370532888, 1.639165576513693 ], [ 101.284969301188468, 1.63898524087228 ], [ 101.283891316234545, 1.638986478623111 ], [ 101.283622024803407, 1.639167588088175 ], [ 101.282948340952572, 1.63925876153425 ], [ 101.282543629080507, 1.638807224736726 ], [ 101.282364067085553, 1.638897830966764 ], [ 101.282454513812695, 1.639440128716076 ], [ 101.282724467711418, 1.639843241863935 ], [ 101.28263499799651, 1.640163123506058 ], [ 101.282904904763527, 1.640524414485112 ], [ 101.284612379578562, 1.64110667532511 ], [ 101.284971913504776, 1.641287062085974 ], [ 101.285331755533917, 1.641738648536305 ], [ 101.285332324367374, 1.642239226343239 ], [ 101.285152865499612, 1.642420233036408 ], [ 101.284613974998422, 1.642511253324596 ], [ 101.284614283204121, 1.642782453303944 ], [ 101.285063902973576, 1.643185358034874 ], [ 101.285064163805743, 1.643414736037261 ], [ 101.285288952491484, 1.643637099225528 ], [ 101.286771331560388, 1.643725791099469 ], [ 101.287130968862428, 1.643996576364071 ], [ 101.287042221640718, 1.644949256327279 ], [ 101.287536610175096, 1.645261707534345 ], [ 101.289243420267141, 1.645259736853196 ], [ 101.289422878149182, 1.645078729956216 ] ] ], [ [ [ 101.472144500826076, 1.657242393026399 ], [ 101.472324702873294, 1.657694105279417 ], [ 101.472684209651433, 1.657874428795005 ], [ 101.472684546335316, 1.65814559150756 ], [ 101.473044277734147, 1.658506689875889 ], [ 101.473044726894884, 1.658868240058013 ], [ 101.473224480404923, 1.65895840156024 ], [ 101.473224705050583, 1.659139176625934 ], [ 101.473943269688661, 1.659138272191241 ], [ 101.474164760754448, 1.658944237346577 ], [ 101.474074041581346, 1.65822125061245 ], [ 101.47371464722643, 1.658131315136527 ], [ 101.473444736588746, 1.657770104018202 ], [ 101.473265095521398, 1.65777032991952 ], [ 101.47272527465897, 1.657047906976752 ], [ 101.472365880288422, 1.656957970841365 ], [ 101.472185790659623, 1.656596646108999 ], [ 101.471604904509078, 1.656700744234888 ], [ 101.471605352919539, 1.657062294818433 ], [ 101.471785218407533, 1.657242844431604 ], [ 101.472144500826076, 1.657242393026399 ] ] ], [ [ [ 101.328882751235014, 1.673679202463262 ], [ 101.328702982898932, 1.673589020065263 ], [ 101.328712679888895, 1.673869694180343 ], [ 101.328892341547785, 1.673869479409159 ], [ 101.328882751235014, 1.673679202463262 ] ] ], [ [ [ 101.329431860166125, 1.674320820478413 ], [ 101.328704263599263, 1.674673785786005 ], [ 101.328174537221997, 1.674584021932034 ], [ 101.327904308812947, 1.673961057641298 ], [ 101.327175644843479, 1.673410050154052 ], [ 101.32654682831172, 1.673410801020957 ], [ 101.325918650910623, 1.673953935627054 ], [ 101.32582935287175, 1.674406029527615 ], [ 101.325928774061268, 1.674596199599214 ], [ 101.326468080221247, 1.674866747588165 ], [ 101.326818038570352, 1.674866329380582 ], [ 101.327007279664969, 1.675046897966703 ], [ 101.327267300217954, 1.674956189774287 ], [ 101.327447175612861, 1.675136769444434 ], [ 101.327357973891893, 1.675669766333388 ], [ 101.327178525390124, 1.675850775674658 ], [ 101.326639645886075, 1.675941817501527 ], [ 101.326460410746066, 1.676303621476197 ], [ 101.326550775729871, 1.676755500441463 ], [ 101.32637186114674, 1.677388496405291 ], [ 101.326471176060736, 1.677488268874398 ], [ 101.326560579884671, 1.677126572247115 ], [ 101.326830073223704, 1.677126249755621 ], [ 101.326829752759394, 1.676855057970436 ], [ 101.327278801316922, 1.676764123255842 ], [ 101.327368418721221, 1.676583221298373 ], [ 101.327817573874484, 1.676582683779475 ], [ 101.328625411624188, 1.676039333106182 ], [ 101.329073177509756, 1.674863632934223 ], [ 101.329252839212856, 1.674863418002298 ], [ 101.329252518848165, 1.674592226680173 ], [ 101.329521904533507, 1.674501507213362 ], [ 101.329431860166125, 1.674320820478413 ] ], [ [ 101.32907285716972, 1.674592441577277 ], [ 101.329153524671995, 1.674763645684914 ], [ 101.329073059509213, 1.674763741938778 ], [ 101.32907285716972, 1.674592441577277 ] ] ], [ [ [ 101.341899735078869, 1.680057476098255 ], [ 101.341899950509713, 1.680238268664331 ], [ 101.341361076444144, 1.680329315307327 ], [ 101.341566493737162, 1.680634019446132 ], [ 101.34246458107711, 1.680452142646147 ], [ 101.342554195805832, 1.68027124172355 ], [ 101.342438608853968, 1.679966429445682 ], [ 101.341899735078869, 1.680057476098255 ] ] ], [ [ [ 101.657348067929107, -0.823678514202854 ], [ 101.657348667276764, -0.82458226424784 ], [ 101.657079568881528, -0.824943945431177 ], [ 101.656241395748282, -0.825511833827574 ], [ 101.655523159350679, -0.825512317029136 ], [ 101.655253580693696, -0.825150997563033 ], [ 101.653727446623151, -0.825332773921788 ], [ 101.653188468725432, -0.82488125936185 ], [ 101.653008550016324, -0.824339128000341 ], [ 101.653097910928537, -0.823706440527287 ], [ 101.653546613395207, -0.823409939605843 ], [ 101.653725830623102, -0.822892641597846 ], [ 101.65444335072398, -0.82180765762402 ], [ 101.654743147562073, -0.821692007693414 ], [ 101.655341129547452, -0.821781982575885 ], [ 101.65635899917821, -0.821419800420414 ], [ 101.656897675599453, -0.821419439714481 ], [ 101.657167252707936, -0.821780759410185 ], [ 101.657078430298512, -0.823226819968124 ], [ 101.657348067929107, -0.823678514202854 ] ] ], [ [ [ 101.642349069360677, -0.814922073297911 ], [ 101.643157327656553, -0.815283043527209 ], [ 101.643786143301583, -0.815824883946964 ], [ 101.643786320415245, -0.816096011962619 ], [ 101.644235694118692, -0.816818722516168 ], [ 101.64441519540712, -0.816728227548855 ], [ 101.645133673272625, -0.817089255110488 ], [ 101.645403250358427, -0.817450580018982 ], [ 101.646031888760845, -0.817721290466791 ], [ 101.646211626626382, -0.817992298725162 ], [ 101.646570806177266, -0.81808243597997 ], [ 101.646750544094914, -0.818353444042255 ], [ 101.647109782854173, -0.818533956863682 ], [ 101.648276804116279, -0.818352429348229 ], [ 101.649354519122539, -0.818893966314201 ], [ 101.65022178307612, -0.818893388859197 ], [ 101.6504909443222, -0.818622082949986 ], [ 101.650580503099192, -0.818285595231605 ], [ 101.650970080803731, -0.818169886335427 ], [ 101.651239954555294, -0.818983086179738 ], [ 101.651838175395298, -0.819434564816462 ], [ 101.652017556409675, -0.819163318886211 ], [ 101.651837300559848, -0.818104007679098 ], [ 101.652406199656895, -0.817626677811618 ], [ 101.653093842679482, -0.81753584479088 ], [ 101.653932155538442, -0.817173785558697 ], [ 101.65491967033914, -0.817082753041087 ], [ 101.655907481306372, -0.817443595994091 ], [ 101.656266836474316, -0.817804857084732 ], [ 101.656267312288577, -0.818527857779775 ], [ 101.656147134087362, -0.818733762202944 ], [ 101.655549391184806, -0.819005286572499 ], [ 101.655250471565893, -0.820451489266529 ], [ 101.654679703780388, -0.820195881846406 ], [ 101.654679584616048, -0.820015131440568 ], [ 101.654320347382267, -0.819834620849007 ], [ 101.654023258935965, -0.819187055366953 ], [ 101.653843997399676, -0.819639051477766 ], [ 101.653844457315714, -0.820336979582152 ], [ 101.653665076894669, -0.820608225361558 ], [ 101.652767535436382, -0.820995400580377 ], [ 101.651929579779676, -0.821899714939373 ], [ 101.651390901114226, -0.821900075181722 ], [ 101.651211222250495, -0.821719444331584 ], [ 101.650972417313724, -0.821719603963511 ], [ 101.651242396434839, -0.822688479859167 ], [ 101.65097335544246, -0.823140537487412 ], [ 101.650524592084381, -0.823346663132417 ], [ 101.650524814456205, -0.82368309108194 ], [ 101.650704553531014, -0.823954097269193 ], [ 101.650704792672414, -0.824315599243374 ], [ 101.650884412267871, -0.824405854329207 ], [ 101.650884591724576, -0.824676980769624 ], [ 101.651333491124348, -0.824676679616025 ], [ 101.651692909842723, -0.825128315759231 ], [ 101.651603848996899, -0.826212881156225 ], [ 101.651783528674386, -0.826393511270304 ], [ 101.651873668512167, -0.826935703336513 ], [ 101.651515029225678, -0.827658948432855 ], [ 101.650946071952859, -0.828045907666319 ], [ 101.650707266587446, -0.828046068511093 ], [ 101.650348386891935, -0.828407812436743 ], [ 101.650259311672855, -0.829467305127562 ], [ 101.649600513724721, -0.829763950411143 ], [ 101.649331173381896, -0.829764132105255 ], [ 101.649182027432843, -0.82958348142258 ], [ 101.648882573523537, -0.830216313011823 ], [ 101.648703013176331, -0.830216434176491 ], [ 101.64852315199947, -0.82976467707708 ], [ 101.648253691157379, -0.829584107355274 ], [ 101.648342990545387, -0.828861041512309 ], [ 101.647983569538368, -0.828409404931506 ], [ 101.647983089477336, -0.827686399397679 ], [ 101.648341893627645, -0.827209205413239 ], [ 101.648521050962401, -0.826601529253822 ], [ 101.647982010873122, -0.826059636935879 ], [ 101.647712251584466, -0.825427187719784 ], [ 101.647831892208416, -0.8244079001523 ], [ 101.648370572769451, -0.824407539295488 ], [ 101.648460532133114, -0.824678606120418 ], [ 101.648789237362649, -0.824859137156305 ], [ 101.648518898270439, -0.823348005720146 ], [ 101.648190312653995, -0.82334822557465 ], [ 101.647562090733004, -0.823710148896563 ], [ 101.647472652251821, -0.824227389220989 ], [ 101.647262753091894, -0.824523731275763 ], [ 101.646395605284368, -0.824705063671714 ], [ 101.645557585990943, -0.825519008004392 ], [ 101.645288245049741, -0.825519188493409 ], [ 101.64510838567405, -0.825067429289212 ], [ 101.645287810297546, -0.824861483072023 ], [ 101.645287647741952, -0.82461542958395 ], [ 101.645467132074842, -0.82449985933206 ], [ 101.645556570854069, -0.823982618191559 ], [ 101.644658767831174, -0.823983218630634 ], [ 101.644119906854797, -0.823712450865013 ], [ 101.643760785329604, -0.823712690855963 ], [ 101.643311525864434, -0.823170734579185 ], [ 101.642952285083496, -0.82299022221277 ], [ 101.642952166040942, -0.82280947008632 ], [ 101.642682765206885, -0.822719273722885 ], [ 101.642682348851991, -0.822086641140362 ], [ 101.643308412521051, -0.82119759990399 ], [ 101.643309930370563, -0.82074571850587 ], [ 101.643130359692009, -0.820730701098627 ], [ 101.642411711120801, -0.820113683351109 ], [ 101.64178323814393, -0.820098964254706 ], [ 101.641783119572125, -0.819918211954279 ], [ 101.641423938437114, -0.819828074452268 ], [ 101.64142381992059, -0.819647322098947 ], [ 101.641334157956052, -0.81982813410928 ], [ 101.641154596974303, -0.819828253417239 ], [ 101.641064697973178, -0.819647560662248 ], [ 101.6410613450456, -0.817297780570647 ], [ 101.640614198464704, -0.817207700435293 ], [ 101.640254840353933, -0.816846433161708 ], [ 101.640252883321779, -0.81662862093218 ], [ 101.640701608676949, -0.816357195219464 ], [ 101.641062545237332, -0.816356956445772 ], [ 101.641061802876891, -0.815219126660376 ], [ 101.641182042711264, -0.815103596704496 ], [ 101.64136160347914, -0.815103478082826 ], [ 101.641600586699383, -0.815374448806989 ], [ 101.641989948102335, -0.81492231056903 ], [ 101.642349069360677, -0.814922073297911 ] ], [ [ 101.641631652186334, -0.816187814094976 ], [ 101.641960238968508, -0.816187596691703 ], [ 101.6416905602984, -0.815670592204746 ], [ 101.641631314626764, -0.815670631376699 ], [ 101.641631652186334, -0.816187814094976 ] ], [ [ 101.643128344947726, -0.817657915333349 ], [ 101.642768928065379, -0.817206273075511 ], [ 101.642171059445232, -0.81729704540106 ], [ 101.641902174854522, -0.817995158749588 ], [ 101.641722689589045, -0.818110728230555 ], [ 101.642082209030946, -0.818718048707234 ], [ 101.64259029744079, -0.818627335298211 ], [ 101.642889877226452, -0.818175255877837 ], [ 101.64348762719159, -0.817903731019419 ], [ 101.643397685834614, -0.817657736708831 ], [ 101.643128344947726, -0.817657915333349 ] ], [ [ 101.649360446011229, -0.827866224114403 ], [ 101.648911845692538, -0.828318404325397 ], [ 101.648822469379439, -0.828926020067054 ], [ 101.649092050215003, -0.829287341030508 ], [ 101.649241075851776, -0.82928724056852 ], [ 101.649240912179678, -0.829041187876204 ], [ 101.649420395610818, -0.828925617172229 ], [ 101.6494201118402, -0.828498813343484 ], [ 101.64977881173796, -0.827865942523683 ], [ 101.649360446011229, -0.827866224114403 ] ] ], [ [ [ 101.652822683514586, -0.814759462495317 ], [ 101.652913054916667, -0.815663156301216 ], [ 101.652464808804964, -0.816657583385927 ], [ 101.651566953196991, -0.816567804607207 ], [ 101.651207597543745, -0.816206541346067 ], [ 101.651205605124559, -0.815935416170023 ], [ 101.651027742157936, -0.815754783203372 ], [ 101.651025666428822, -0.815356221933362 ], [ 101.65120498918661, -0.8149946009898 ], [ 101.651474150740455, -0.814723296079958 ], [ 101.651923048816556, -0.814722998494843 ], [ 101.652192210206124, -0.81445169375427 ], [ 101.652551328446194, -0.814451455705154 ], [ 101.652822683514586, -0.814759462495317 ] ] ], [ [ [ 101.615187730949131, -0.057399217495448 ], [ 101.61554681586523, -0.057218444456504 ], [ 101.616085455349577, -0.057218419715294 ], [ 101.6161997671839, -0.057324315357782 ], [ 101.616199791925055, -0.057866584560069 ], [ 101.615661169104172, -0.058228122540423 ], [ 101.615032756124691, -0.058228151909264 ], [ 101.614918427522753, -0.057760743074874 ], [ 101.615187730949131, -0.057399217495448 ] ] ], [ [ [ 101.619818131699574, 0.912882408729861 ], [ 101.619671021641182, 0.912867319026008 ], [ 101.619670901760642, 0.912701761233291 ], [ 101.61927921888676, 0.912596473111055 ], [ 101.619100042947608, 0.91313887137432 ], [ 101.618740971174418, 0.913229512688439 ], [ 101.61874116755736, 0.913500646048005 ], [ 101.618561598889954, 0.913500777850408 ], [ 101.618741363998623, 0.913771779407118 ], [ 101.619190427619728, 0.913967402922702 ], [ 101.619010913491039, 0.914042714927886 ], [ 101.619100894393796, 0.914313782257358 ], [ 101.619312943496183, 0.914328824101081 ], [ 101.619402596719212, 0.91414800264632 ], [ 101.618953347629173, 0.91369644359808 ], [ 101.619492053413126, 0.913696048020018 ], [ 101.619491856931873, 0.913424914824388 ], [ 101.619850928474946, 0.913334273433005 ], [ 101.619671283487122, 0.913228829902468 ], [ 101.619818131699574, 0.912882408729861 ] ], [ [ 101.618953347629173, 0.91369644359808 ], [ 101.61892086716216, 0.913681269783296 ], [ 101.618953336616656, 0.913681245943583 ], [ 101.618953347629173, 0.91369644359808 ] ], [ [ 101.61892086716216, 0.913681269783296 ], [ 101.618863497824606, 0.913606131742387 ], [ 101.618920812688557, 0.91360608966487 ], [ 101.61892086716216, 0.913681269783296 ] ], [ [ 101.619100370297289, 0.913590760176495 ], [ 101.618953216662049, 0.913515688056108 ], [ 101.619100250347842, 0.913425202308502 ], [ 101.619100370297289, 0.913590760176495 ] ] ], [ [ [ 101.619728729272595, 0.913409543258961 ], [ 101.619851124963617, 0.913605406550503 ], [ 101.619818513523043, 0.913409477336118 ], [ 101.619728729272595, 0.913409543258961 ] ] ], [ [ [ 101.61178956572212, 0.912460538142843 ], [ 101.611804950485421, 0.911834485112875 ], [ 101.611320026841184, 0.911442580776578 ], [ 101.610781317859377, 0.911442974148774 ], [ 101.61069166326449, 0.911623796445344 ], [ 101.610512093530346, 0.911623927572931 ], [ 101.610512354106035, 0.911985441109149 ], [ 101.61033304498936, 0.912347085867166 ], [ 101.61006382060323, 0.9125280395166 ], [ 101.609974426881195, 0.91307037566579 ], [ 101.609794922191853, 0.913160885400701 ], [ 101.609705398159818, 0.913522464820409 ], [ 101.608897789833449, 0.914155705328506 ], [ 101.608898508211155, 0.915149868822449 ], [ 101.609347651845383, 0.915451420516137 ], [ 101.609527657497992, 0.916053192880398 ], [ 101.608934867934195, 0.916038429843779 ], [ 101.608270012513572, 0.915150329188259 ], [ 101.607641451191753, 0.915060410853326 ], [ 101.607102870679981, 0.915241562488915 ], [ 101.606891080730989, 0.91558803450243 ], [ 101.606891407429586, 0.916039927722563 ], [ 101.606622247746657, 0.916311261065673 ], [ 101.60581437613358, 0.916582989343203 ], [ 101.605814506881686, 0.91676374678607 ], [ 101.60563500157042, 0.916854257141066 ], [ 101.605635263151825, 0.917215772077904 ], [ 101.606296634023138, 0.91777275724803 ], [ 101.606982446649141, 0.917772253835332 ], [ 101.606982697612281, 0.918118570580688 ], [ 101.607252064465854, 0.918133570549114 ], [ 101.607374450576017, 0.91831423796644 ], [ 101.608112630544468, 0.918337834200449 ], [ 101.609099747890781, 0.917620686973605 ], [ 101.610177098576187, 0.917522910329745 ], [ 101.610461836208785, 0.916896658643405 ], [ 101.610371723756813, 0.916444832622921 ], [ 101.610551293750589, 0.916444700809042 ], [ 101.610910171770541, 0.91608292374224 ], [ 101.610730013011988, 0.915269650225396 ], [ 101.61108869507035, 0.914636738505576 ], [ 101.611087911206965, 0.913552198411357 ], [ 101.611267154596362, 0.913100175334431 ], [ 101.61178956572212, 0.912460538142843 ] ], [ [ 101.60701490544001, 0.917757032198331 ], [ 101.607072166445178, 0.917681809289732 ], [ 101.607072220914446, 0.91775699012076 ], [ 101.60701490544001, 0.917757032198331 ] ] ], [ [ [ 101.655382005975767, 1.106168505512059 ], [ 101.655202834069499, 1.106620542402295 ], [ 101.655203880062686, 1.107795417553607 ], [ 101.655563672389988, 1.108518093284383 ], [ 101.655563984639855, 1.108868299442802 ], [ 101.655295494540368, 1.109139667234556 ], [ 101.655295278515894, 1.109602836601653 ], [ 101.65565450735923, 1.109692886893023 ], [ 101.655744536397094, 1.109963930618741 ], [ 101.65592411046191, 1.109963768201161 ], [ 101.656193713613533, 1.110234649365057 ], [ 101.656373772046464, 1.110776736420973 ], [ 101.657033146775333, 1.111443813250279 ], [ 101.657182451908355, 1.111443677964852 ], [ 101.65721288241393, 1.111624400259232 ], [ 101.657931339799433, 1.111804498807656 ], [ 101.658290325719804, 1.111623423592412 ], [ 101.659187224054833, 1.110538112814276 ], [ 101.660264341857172, 1.110175637830873 ], [ 101.660353805288423, 1.109814057948797 ], [ 101.659874505310768, 1.109001119445618 ], [ 101.659514187617802, 1.107689855916858 ], [ 101.659722716411636, 1.106922637545723 ], [ 101.659722152533263, 1.106290014793253 ], [ 101.659273016963297, 1.106063327767663 ], [ 101.659062863022527, 1.105713311966894 ], [ 101.658191043470183, 1.105046409672242 ], [ 101.658011470033244, 1.105046571508298 ], [ 101.657831655449527, 1.104775608875311 ], [ 101.657562295229681, 1.104775851533035 ], [ 101.657087393927398, 1.105534343473978 ], [ 101.656458886114748, 1.10553490986741 ], [ 101.655382005975767, 1.106168505512059 ] ] ], [ [ [ 101.643249114749096, 1.121383531272103 ], [ 101.643070087316985, 1.121995370547358 ], [ 101.642621407889308, 1.122287862064547 ], [ 101.642711339792768, 1.122447576904996 ], [ 101.64253210664225, 1.122830199364108 ], [ 101.643340201921134, 1.122829463602448 ], [ 101.643519859818781, 1.122919675929912 ], [ 101.643699842785367, 1.123371391608448 ], [ 101.643969207731587, 1.123371146152967 ], [ 101.644173669956999, 1.123078876874865 ], [ 101.644083737980623, 1.122919162315834 ], [ 101.644263295691374, 1.122898043453945 ], [ 101.644263070762776, 1.122647871305553 ], [ 101.644442547186003, 1.122536376682074 ], [ 101.644711280906193, 1.121834080414071 ], [ 101.645429161468897, 1.121360592600082 ], [ 101.645428774418789, 1.120929669242498 ], [ 101.645762697419272, 1.120838989646692 ], [ 101.646056947655921, 1.120546639403091 ], [ 101.646056704234582, 1.120275512375259 ], [ 101.645338318446974, 1.120185789850731 ], [ 101.644978922715751, 1.119914989094444 ], [ 101.644709558306261, 1.119915233888251 ], [ 101.644594783993497, 1.120096089899898 ], [ 101.64435056778629, 1.120096311844084 ], [ 101.644350405668632, 1.11991556024132 ], [ 101.64399133397086, 1.120006262377947 ], [ 101.643811676515838, 1.119916049688058 ], [ 101.643811352424905, 1.11955454632376 ], [ 101.643631776010238, 1.119554709397905 ], [ 101.643541825803354, 1.119374039208814 ], [ 101.64309288464689, 1.119374446766219 ], [ 101.643067898285366, 1.119555221385838 ], [ 101.642888340539557, 1.119576339707912 ], [ 101.642888664523724, 1.119937843342838 ], [ 101.643158191381062, 1.12011835049011 ], [ 101.643068727275406, 1.120479935630268 ], [ 101.643248303828415, 1.120479772456108 ], [ 101.643249114749096, 1.121383531272103 ] ] ], [ [ [ 101.630795386073913, 1.123362165843628 ], [ 101.630395237607274, 1.123556066347116 ], [ 101.630575382596547, 1.124188541155793 ], [ 101.630975611921343, 1.124085017229469 ], [ 101.630975126381003, 1.123542756564416 ], [ 101.630795386073913, 1.123362165843628 ] ] ], [ [ [ 101.595821069724465, 1.34494950484341 ], [ 101.596170930061362, 1.344280398160698 ], [ 101.595811637848215, 1.34419040352292 ], [ 101.595722029674704, 1.344371258007999 ], [ 101.595452632049117, 1.34437154638643 ], [ 101.595371978040149, 1.344859606475221 ], [ 101.595821069724465, 1.34494950484341 ] ] ], [ [ [ 101.658341012647, 1.52613725555968 ], [ 101.65834081478873, 1.525976223500892 ], [ 101.658516482586137, 1.525885630300834 ], [ 101.6585198631374, 1.525524127688893 ], [ 101.659323476532848, 1.524890505996465 ], [ 101.659237142375346, 1.524599772830828 ], [ 101.659057539109554, 1.52459999618578 ], [ 101.659057095298493, 1.524238498487196 ], [ 101.657979364438404, 1.524149463478874 ], [ 101.657975761581881, 1.524330217240818 ], [ 101.657796269050593, 1.5244208149681 ], [ 101.657440775865709, 1.524330882072103 ], [ 101.657350641519685, 1.524059870004445 ], [ 101.65690163272663, 1.524060427770216 ], [ 101.656901411066244, 1.523879678602319 ], [ 101.656542203943246, 1.523880124694333 ], [ 101.656361935653479, 1.523338099973875 ], [ 101.655913037394299, 1.523429031925537 ], [ 101.655822349812951, 1.522706146066299 ], [ 101.65537300874648, 1.522435578923321 ], [ 101.653666994166784, 1.522618443747492 ], [ 101.653576971037765, 1.522437805388315 ], [ 101.652948246667719, 1.522348209419815 ], [ 101.652588596563362, 1.521987154788949 ], [ 101.652315586863054, 1.522168242988499 ], [ 101.652049894903655, 1.522078196932268 ], [ 101.652049673935664, 1.521897447046644 ], [ 101.651869959374906, 1.521807294447435 ], [ 101.652045541971759, 1.52164604394733 ], [ 101.652048924847492, 1.521284539439687 ], [ 101.652673603680114, 1.521193391222662 ], [ 101.652763626567662, 1.521374029845652 ], [ 101.652943230487807, 1.521373807490357 ], [ 101.653036722515282, 1.521263599721446 ], [ 101.652946589193277, 1.520992586264197 ], [ 101.652587381390745, 1.520993030848935 ], [ 101.65249735857607, 1.52081239216416 ], [ 101.652138040272931, 1.520722461683673 ], [ 101.651419734548526, 1.520813725354658 ], [ 101.651240351195241, 1.520994697507072 ], [ 101.651147497249184, 1.52162743838678 ], [ 101.650878532622741, 1.521989271860476 ], [ 101.650339940564493, 1.522170688769018 ], [ 101.649086313382568, 1.521991489176647 ], [ 101.648727435354147, 1.522263058967152 ], [ 101.648814320232546, 1.523005671114311 ], [ 101.648994035298614, 1.523095824018308 ], [ 101.649354128325854, 1.523818380540019 ], [ 101.649355344273175, 1.524812507068904 ], [ 101.6496249725067, 1.524992923443155 ], [ 101.65043308272152, 1.524901546472924 ], [ 101.650612466016199, 1.524720573705605 ], [ 101.650615516488017, 1.524087943640599 ], [ 101.650884480867106, 1.523726109670045 ], [ 101.651239975533557, 1.523816044312695 ], [ 101.651150726329675, 1.524268030635326 ], [ 101.651690092691993, 1.524719237497691 ], [ 101.65169031403984, 1.524899987431464 ], [ 101.652588114199432, 1.524718123577385 ], [ 101.652946990489014, 1.524446553280116 ], [ 101.652859906432141, 1.523542911124814 ], [ 101.653304981291612, 1.523451984289334 ], [ 101.653664521293464, 1.523722663333665 ], [ 101.653575272742103, 1.524174648859769 ], [ 101.65375487677538, 1.524174426027147 ], [ 101.653755098216266, 1.524355175658008 ], [ 101.654024836483558, 1.52462596572739 ], [ 101.654923188660661, 1.52489597508242 ], [ 101.656360019090755, 1.524894190251434 ], [ 101.656450042707064, 1.525074827900265 ], [ 101.656719448227918, 1.525074493086273 ], [ 101.656809471881601, 1.525255130653554 ], [ 101.65734850464878, 1.525435209921733 ], [ 101.657438615139966, 1.525686504977847 ], [ 101.657262836171242, 1.525686723584549 ], [ 101.657259146705641, 1.525796819807864 ], [ 101.657797957512258, 1.525796149625176 ], [ 101.657618686944971, 1.526067496622824 ], [ 101.657708821826489, 1.526338508467954 ], [ 101.658341012647, 1.52613725555968 ] ] ], [ [ [ 101.651064503457334, 1.524067670172749 ], [ 101.650884899039596, 1.524067892764026 ], [ 101.650881209089619, 1.524177989544475 ], [ 101.65106081351702, 1.524177766937431 ], [ 101.651064503457334, 1.524067670172749 ] ] ], [ [ [ 101.588953720457837, 1.552251818701368 ], [ 101.587785448147997, 1.551620600407996 ], [ 101.587055958834398, 1.551623044333367 ], [ 101.587146426210353, 1.552165211552724 ], [ 101.587505658121955, 1.552164769043328 ], [ 101.587865659741368, 1.552796983539399 ], [ 101.588864792787177, 1.552974965475542 ], [ 101.588953720457837, 1.552251818701368 ] ] ], [ [ [ 101.673574672122299, -0.834356769745587 ], [ 101.67357455003787, -0.834176022145013 ], [ 101.674202815878203, -0.833904470750736 ], [ 101.675728986551889, -0.833813052421675 ], [ 101.675998138196164, -0.833541747160915 ], [ 101.676716425072939, -0.833631629068584 ], [ 101.677076363326066, -0.834020173746702 ], [ 101.676987135324879, -0.83483359717817 ], [ 101.676807762395242, -0.835104840988716 ], [ 101.676898030268376, -0.835827767829863 ], [ 101.67671878000256, -0.836279758933637 ], [ 101.676539345993234, -0.836460629423584 ], [ 101.676180232822745, -0.836460876114616 ], [ 101.675551968293476, -0.836732428702122 ], [ 101.674923887263418, -0.837275102564587 ], [ 101.674205782282698, -0.837456343600213 ], [ 101.673577271529922, -0.837366401626468 ], [ 101.673576218900038, -0.836643411621926 ], [ 101.673396539471966, -0.836462787237161 ], [ 101.673217545125226, -0.836462910056299 ], [ 101.673127888996376, -0.836643719320547 ], [ 101.672319881913907, -0.836644273743273 ], [ 101.671691798748626, -0.837186948477277 ], [ 101.671063348015323, -0.837187379757686 ], [ 101.670972804585702, -0.836889022828523 ], [ 101.671062216340687, -0.836346717334853 ], [ 101.672049231256011, -0.835532675030724 ], [ 101.67267768121809, -0.835532244443941 ], [ 101.673126696112192, -0.835712684485893 ], [ 101.673217159604278, -0.835893370208077 ], [ 101.673485871264191, -0.835802812102689 ], [ 101.673305703117407, -0.834899197017778 ], [ 101.673395176256847, -0.834447266462344 ], [ 101.673574672122299, -0.834356769745587 ] ] ], [ [ [ 101.824534146100831, -0.658094478123059 ], [ 101.825088321784364, -0.65795323093312 ], [ 101.824908896715471, -0.6581340580087 ], [ 101.824729878960312, -0.659037783913473 ], [ 101.824370927013433, -0.659218713785945 ], [ 101.824265161040316, -0.65863680603969 ], [ 101.824534146100831, -0.658094478123059 ] ] ], [ [ [ 101.69521281676262, -0.182469328939611 ], [ 101.695299780623472, -0.183118960909624 ], [ 101.695033445575419, -0.183570863188023 ], [ 101.695120434654996, -0.184384201409005 ], [ 101.694674564227526, -0.184836131474325 ], [ 101.694674629884801, -0.185270955004629 ], [ 101.695123578831485, -0.185993865256922 ], [ 101.695662199659751, -0.186084154726826 ], [ 101.695841776522684, -0.18635524406128 ], [ 101.695749275855462, -0.187456764843523 ], [ 101.695659563386855, -0.187818268118152 ], [ 101.695482942452813, -0.187908667914424 ], [ 101.695390329187333, -0.18827017175248 ], [ 101.695031327192481, -0.188722089596026 ], [ 101.693954112014751, -0.188722257707718 ], [ 101.693595012267011, -0.188541568745174 ], [ 101.693415365298634, -0.187818616679479 ], [ 101.693235829271671, -0.187818644551881 ], [ 101.69323580159994, -0.187637899513142 ], [ 101.693056265548194, -0.187637927356871 ], [ 101.693056237904955, -0.187457182291269 ], [ 101.69251754684197, -0.186915030292486 ], [ 101.692610089546491, -0.186084624323692 ], [ 101.693055837503621, -0.184819340282185 ], [ 101.693148262326631, -0.183192620653461 ], [ 101.693686762409243, -0.182469559203562 ], [ 101.693953165353435, -0.182469519015828 ], [ 101.694135575232636, -0.182288746586981 ], [ 101.69467418266612, -0.182288665399202 ], [ 101.69521281676262, -0.182469328939611 ] ] ], [ [ [ 101.907930289411581, 0.100451178089538 ], [ 101.908199518771312, 0.100180086461715 ], [ 101.908109751746679, 0.099999382815779 ], [ 101.908289253928544, 0.099999366792812 ], [ 101.908378965306795, 0.099547579710011 ], [ 101.908109708950491, 0.099512261371465 ], [ 101.908109696219498, 0.099366891964393 ], [ 101.907840431905711, 0.099241217714059 ], [ 101.907840403454998, 0.098915136556686 ], [ 101.907930170324249, 0.099095840333784 ], [ 101.908109664647881, 0.099005468620621 ], [ 101.908109625345134, 0.09855368944078 ], [ 101.907930120075434, 0.098518362960663 ], [ 101.907930091831432, 0.09819228182925 ], [ 101.907660835420813, 0.098156963147131 ], [ 101.908019819527112, 0.097921206433396 ], [ 101.907708267838771, 0.097795535515646 ], [ 101.90761853228706, 0.097976255100372 ], [ 101.907080048779434, 0.098247369940123 ], [ 101.907169839119945, 0.098699141630769 ], [ 101.906990344620496, 0.098789513365546 ], [ 101.9071698705839, 0.099060565277757 ], [ 101.906990384001915, 0.099241292996601 ], [ 101.906763417976379, 0.099241313093606 ], [ 101.906631355553998, 0.09897025691899 ], [ 101.90627235064153, 0.098970288616093 ], [ 101.906272405912858, 0.099602780504615 ], [ 101.906092911334255, 0.099693152451498 ], [ 101.906362168180081, 0.099728470826773 ], [ 101.906314736302832, 0.100089898971862 ], [ 101.906583989996875, 0.100089874930121 ], [ 101.90658395028349, 0.099638095135489 ], [ 101.90708016991924, 0.099638051022084 ], [ 101.907169933856835, 0.099783412571467 ], [ 101.906900680306052, 0.099783436544422 ], [ 101.906900696194697, 0.09996414841121 ], [ 101.906631434630583, 0.099873816470268 ], [ 101.906631450532132, 0.100054528380456 ], [ 101.907032753975344, 0.100180190778355 ], [ 101.907080201680984, 0.099999474697785 ], [ 101.907122521109613, 0.100360894586454 ], [ 101.907259727926046, 0.10027052639377 ], [ 101.907571284899163, 0.1004512102753 ], [ 101.907930289411581, 0.100451178089538 ] ], [ [ 101.908109767676294, 0.100180094487553 ], [ 101.908067477044312, 0.100144756002857 ], [ 101.908109764558645, 0.100144752222788 ], [ 101.908109767676294, 0.100180094487553 ] ], [ [ 101.908067477044312, 0.100144756002857 ], [ 101.908020008605931, 0.100089746670022 ], [ 101.908067472193636, 0.100089742429661 ], [ 101.908067477044312, 0.100144756002857 ] ], [ [ 101.907887930244598, 0.099637979196945 ], [ 101.907840471478352, 0.099692997002263 ], [ 101.907840466649944, 0.099637983417906 ], [ 101.907887930244598, 0.099637979196945 ] ], [ [ 101.907618668943584, 0.099547647265349 ], [ 101.907481459017461, 0.099602673057529 ], [ 101.907481454194027, 0.099547659455542 ], [ 101.907618668943584, 0.099547647265349 ] ], [ [ 101.907708412159238, 0.099457283423238 ], [ 101.907660953376592, 0.099512301229462 ], [ 101.907660948557236, 0.099457287636284 ], [ 101.907708412159238, 0.099457283423238 ] ], [ [ 101.906541615293989, 0.099095963120265 ], [ 101.906494156443017, 0.099150980966788 ], [ 101.906494151643088, 0.099095967316323 ], [ 101.906541615293989, 0.099095963120265 ] ] ], [ [ [ 101.908109688315804, 0.099276536128458 ], [ 101.907977638716702, 0.099150849713301 ], [ 101.908019937216039, 0.099276544081664 ], [ 101.908109688315804, 0.099276536128458 ] ] ], [ [ [ 101.870631810708261, 0.140673208740599 ], [ 101.871152440134225, 0.140221350223386 ], [ 101.87115237416198, 0.139679197453161 ], [ 101.871331860550924, 0.139498457794915 ], [ 101.871601122982028, 0.139498424690174 ], [ 101.871601101073054, 0.139317707171481 ], [ 101.871764061116707, 0.139317687160644 ], [ 101.871690877111533, 0.139498413654573 ], [ 101.871960139457428, 0.139498380545707 ], [ 101.871977859960339, 0.138505435157015 ], [ 101.872481995697171, 0.138505373600369 ], [ 101.872947368506502, 0.138956107207369 ], [ 101.873289836484489, 0.138957068068827 ], [ 101.874187430714429, 0.139407748001365 ], [ 101.874456736384744, 0.139769149012464 ], [ 101.874563093515576, 0.140220928520217 ], [ 101.875640139820078, 0.140220795247133 ], [ 101.875729871700742, 0.140041070103154 ], [ 101.875999143995756, 0.140130392402959 ], [ 101.876734992612285, 0.139950587489233 ], [ 101.876734970592992, 0.139769870789073 ], [ 101.877239104240672, 0.13976980856767 ], [ 101.877508397096378, 0.140030822759486 ], [ 101.877722294217008, 0.14004082373892 ], [ 101.877901790478717, 0.139950443277407 ], [ 101.87799146701262, 0.139316921610173 ], [ 101.878260662272695, 0.138775741924186 ], [ 101.878422328899504, 0.13877471928101 ], [ 101.878781245224076, 0.137962454401595 ], [ 101.879588950919953, 0.137328846238679 ], [ 101.88020067710805, 0.137328771981421 ], [ 101.88039675372309, 0.1375094642949 ], [ 101.880755756544758, 0.137419062617426 ], [ 101.881024984243581, 0.137147955875964 ], [ 101.880845455865469, 0.136967261601196 ], [ 101.881383954499285, 0.136786480416648 ], [ 101.881383932943393, 0.136605764458425 ], [ 101.881114651344973, 0.136425080985771 ], [ 101.881383911415995, 0.136425048500171 ], [ 101.881563375122411, 0.136063594982205 ], [ 101.881277555237688, 0.135964246804635 ], [ 101.880845357906225, 0.136145014815693 ], [ 101.880755562712068, 0.135792618089659 ], [ 101.880559496065771, 0.135693258995265 ], [ 101.880200514488109, 0.135964376285261 ], [ 101.879947791514383, 0.135874048565131 ], [ 101.879947696495705, 0.135069850312918 ], [ 101.879661844432533, 0.134699427372511 ], [ 101.879229635671493, 0.134789836978255 ], [ 101.879033559313442, 0.134609143997113 ], [ 101.878046259497864, 0.134518903169273 ], [ 101.877777009250153, 0.134609293431236 ], [ 101.877687308708801, 0.135061095474965 ], [ 101.877328326047945, 0.135332213209688 ], [ 101.876806352066751, 0.135332275589353 ], [ 101.876537058993236, 0.135061232664918 ], [ 101.876447221501181, 0.134347401001325 ], [ 101.874831641585502, 0.134248209436868 ], [ 101.874203280165247, 0.133525415433592 ], [ 101.87375439548039, 0.132531523820945 ], [ 101.873844129622995, 0.13235982080826 ], [ 101.872767070521377, 0.132260563213837 ], [ 101.872677286381787, 0.131998522309515 ], [ 101.872408023252873, 0.131989528992784 ], [ 101.872301700279792, 0.131808823954347 ], [ 101.871224640824522, 0.131718590297028 ], [ 101.870955419838552, 0.132080056796737 ], [ 101.870327171721399, 0.132351206496349 ], [ 101.870057950701508, 0.132712673421967 ], [ 101.869805236210709, 0.13271270296501 ], [ 101.869519393963145, 0.132441659597233 ], [ 101.869070632917854, 0.132532070902437 ], [ 101.868711730501417, 0.133526061688362 ], [ 101.868891281152273, 0.133887476484966 ], [ 101.869429839605786, 0.134167514464475 ], [ 101.869519645595432, 0.134610273809472 ], [ 101.869340168761724, 0.134881371909943 ], [ 101.868801642866202, 0.134881435874701 ], [ 101.868263148506671, 0.13515257690359 ], [ 101.868083629127426, 0.135062239221729 ], [ 101.867904141536897, 0.135242978671717 ], [ 101.867904301537592, 0.13659836447942 ], [ 101.868891880877953, 0.138947579099655 ], [ 101.869161166926091, 0.139138291570653 ], [ 101.869430516276665, 0.139851102526096 ], [ 101.869969120264798, 0.140493575917289 ], [ 101.869879386849959, 0.140664277314201 ], [ 101.870272827095917, 0.140945332660924 ], [ 101.870542089794824, 0.140945299225149 ], [ 101.870631810708261, 0.140673208740599 ] ] ], [ [ [ 101.890522307504298, 0.13758956390339 ], [ 101.890448576782262, 0.137468793449995 ], [ 101.890432554876597, 0.137589574859303 ], [ 101.890522307504298, 0.13758956390339 ] ] ], [ [ [ 101.890432576655755, 0.137770289368917 ], [ 101.89053835116907, 0.137649496996313 ], [ 101.890448598542434, 0.137649507957059 ], [ 101.890432576655755, 0.137770289368917 ] ] ], [ [ [ 101.890432609378095, 0.138041361133281 ], [ 101.890538383863941, 0.137920568735266 ], [ 101.890448631236296, 0.137920579717596 ], [ 101.890432609378095, 0.138041361133281 ] ] ], [ [ [ 101.889372018680803, 0.141354290386704 ], [ 101.889192490870073, 0.141173598180947 ], [ 101.889282191638344, 0.140752222440357 ], [ 101.890253479423151, 0.141113530263137 ], [ 101.890343254414361, 0.141294233550709 ], [ 101.890971522806112, 0.141294154789495 ], [ 101.89098753690584, 0.141113438358819 ], [ 101.891151027996571, 0.141294132283157 ], [ 101.891238810986167, 0.141113406893837 ], [ 101.891330555530558, 0.141474824140479 ], [ 101.891869070848713, 0.141474756522559 ], [ 101.891869048472458, 0.141294042243879 ], [ 101.89231778868637, 0.141113271751294 ], [ 101.892495264526374, 0.140449246815528 ], [ 101.892317706806722, 0.140449268954888 ], [ 101.89231573733916, 0.140268554990498 ], [ 101.891958685670986, 0.140358956582842 ], [ 101.892225962656113, 0.140087851945044 ], [ 101.891974688806911, 0.140087883192008 ], [ 101.891866930450789, 0.139907182309395 ], [ 101.891166893837578, 0.139908350158113 ], [ 101.891166853337666, 0.139577343553821 ], [ 101.891346343729055, 0.139456541964066 ], [ 101.891436041210753, 0.13900474498483 ], [ 101.891166794509317, 0.139095135395928 ], [ 101.891256514102423, 0.138824052751375 ], [ 101.890987245380799, 0.138733728711147 ], [ 101.890897427066335, 0.13819159645508 ], [ 101.890179406065599, 0.138191684487769 ], [ 101.889999878901378, 0.138010991913622 ], [ 101.88982026477521, 0.137107440849347 ], [ 101.889192006695851, 0.137197874600638 ], [ 101.888996529963478, 0.137740042610152 ], [ 101.888727297154048, 0.137951212523074 ], [ 101.888817298895304, 0.139998999138424 ], [ 101.88802556016752, 0.139999097406678 ], [ 101.887845999263064, 0.139547332373152 ], [ 101.888025307588904, 0.137920876112066 ], [ 101.887845801926403, 0.137920898057356 ], [ 101.887756005547374, 0.137559479152441 ], [ 101.887576488978993, 0.13746914355453 ], [ 101.887576434757378, 0.137017356136126 ], [ 101.886858400857136, 0.136927085779387 ], [ 101.886573192338247, 0.137649980904019 ], [ 101.886303958913544, 0.137861151221382 ], [ 101.886304064464284, 0.138734304766165 ], [ 101.886034882408865, 0.139366841106794 ], [ 101.885765645437914, 0.139547589603387 ], [ 101.885422669859565, 0.139547631993623 ], [ 101.885227164051287, 0.13984915151324 ], [ 101.885227208273349, 0.140210582199361 ], [ 101.885512470744231, 0.139939473827259 ], [ 101.886124727399633, 0.140120113138852 ], [ 101.886214502526755, 0.140300817183053 ], [ 101.886753009181831, 0.140210392695407 ], [ 101.886932559397806, 0.140571800534268 ], [ 101.887291571024932, 0.140571755812842 ], [ 101.887201840354905, 0.140752482020555 ], [ 101.887650604767316, 0.140752426040837 ], [ 101.887560974668048, 0.141746369568275 ], [ 101.887740536498058, 0.142198134367413 ], [ 101.887920042209842, 0.142198111742376 ], [ 101.888009817544344, 0.142378815326502 ], [ 101.888817592835892, 0.142378713363919 ], [ 101.888727862577753, 0.142559439476602 ], [ 101.889715165349898, 0.142740029286565 ], [ 101.889731130430221, 0.142167461174841 ], [ 101.889551568890766, 0.141715697183732 ], [ 101.889372063308329, 0.141714638817009 ], [ 101.889372018680803, 0.141354290386704 ] ] ], [ [ [ 101.892495242307604, 0.140268532637145 ], [ 101.892407452056048, 0.140390403737871 ], [ 101.892497204537008, 0.140390392551304 ], [ 101.892495242307604, 0.140268532637145 ] ] ], [ [ [ 101.684284048842215, 1.518513506053085 ], [ 101.684327919386476, 1.518123010220193 ], [ 101.684238119872148, 1.518123122473759 ], [ 101.684014427115784, 1.518333097722718 ], [ 101.684014761783871, 1.518604215463986 ], [ 101.684284048842215, 1.518513506053085 ] ] ], [ [ [ 101.671729141121247, 1.521389182875706 ], [ 101.67144649920526, 1.521660656223545 ], [ 101.671100870658563, 1.521661087179261 ], [ 101.67108744730001, 1.521783418519346 ], [ 101.671267048565412, 1.521783194569051 ], [ 101.67117747047989, 1.52196405360788 ], [ 101.671357071746968, 1.521963829623466 ], [ 101.671357254995925, 1.522112635786993 ], [ 101.671177693050183, 1.522144800669349 ], [ 101.671178210246438, 1.522564727445663 ], [ 101.670743448731614, 1.523107512003996 ], [ 101.670730431581504, 1.523559396755709 ], [ 101.670474603290756, 1.523559716058976 ], [ 101.670102311065165, 1.52395361661266 ], [ 101.66992467580809, 1.525548625060607 ], [ 101.669296666280943, 1.526033219623923 ], [ 101.669298076872764, 1.527176136360007 ], [ 101.669029717711879, 1.528021777318806 ], [ 101.669030275953986, 1.528473645741621 ], [ 101.669210213123861, 1.528744541992914 ], [ 101.669031057770567, 1.529106261530012 ], [ 101.66903340516366, 1.53100410887033 ], [ 101.669123430054142, 1.531184743655837 ], [ 101.669303032388683, 1.531184518487924 ], [ 101.66930325615094, 1.531365265811497 ], [ 101.67129200641611, 1.531001276583603 ], [ 101.671547835415453, 1.531000955623009 ], [ 101.671907375253895, 1.531271625324491 ], [ 101.672356380034245, 1.531271061757717 ], [ 101.672715471718945, 1.531180237427278 ], [ 101.672818510568433, 1.530908987448854 ], [ 101.673163804086556, 1.53063743346755 ], [ 101.67317677858523, 1.530153608731843 ], [ 101.672996729144614, 1.529792340517595 ], [ 101.673086194208793, 1.529521107726163 ], [ 101.672906480669212, 1.529430959571736 ], [ 101.6728162323231, 1.529069578567494 ], [ 101.672636630681666, 1.529069803720218 ], [ 101.67272524092273, 1.528107524463824 ], [ 101.672814818120742, 1.527926665147697 ], [ 101.673250136120984, 1.527835746255919 ], [ 101.673263486495799, 1.527654982506958 ], [ 101.673519091113164, 1.527473915306444 ], [ 101.673711668085062, 1.526989865808577 ], [ 101.673531435880705, 1.526479791429553 ], [ 101.67369746323665, 1.526479583576936 ], [ 101.673710702061101, 1.526208446564837 ], [ 101.67423526160681, 1.525665549244129 ], [ 101.674158699972324, 1.525394524723144 ], [ 101.67469712876732, 1.525090789875234 ], [ 101.674696124148866, 1.524277430466456 ], [ 101.674337033771792, 1.524368252956083 ], [ 101.674426499535599, 1.524097020792169 ], [ 101.674246603309413, 1.523858066238246 ], [ 101.674425718707781, 1.523464407772888 ], [ 101.674156133685145, 1.523315938641103 ], [ 101.674245711161248, 1.523135079821805 ], [ 101.675129918510265, 1.522953228093697 ], [ 101.675322758634422, 1.522681866999127 ], [ 101.675578808846097, 1.522862293708489 ], [ 101.675938010205314, 1.522861844722308 ], [ 101.675951433136362, 1.522739513827514 ], [ 101.675771760373934, 1.52268130587715 ], [ 101.675937787133535, 1.522681098368013 ], [ 101.675951026463707, 1.522409961873017 ], [ 101.676206741952171, 1.522319268999307 ], [ 101.67621998132303, 1.522048132565613 ], [ 101.676489342700151, 1.522015855194162 ], [ 101.676219607470699, 1.52174507235078 ], [ 101.676218493078139, 1.520841340775563 ], [ 101.675769491883855, 1.520841901313174 ], [ 101.675666491296965, 1.521145090708312 ], [ 101.675935892093818, 1.521144754342907 ], [ 101.676026210139838, 1.521564567323415 ], [ 101.675667231906999, 1.521745762338352 ], [ 101.675231692786426, 1.521655932912343 ], [ 101.675231469950177, 1.521475186451194 ], [ 101.675051980701724, 1.521565783932186 ], [ 101.674961846169182, 1.521294776299679 ], [ 101.674512733052794, 1.521204963457087 ], [ 101.673974264803121, 1.521476755795319 ], [ 101.673884019016555, 1.521115374540202 ], [ 101.673704418191861, 1.521115598611396 ], [ 101.673793995970073, 1.520934739902361 ], [ 101.673434794297549, 1.520935187961464 ], [ 101.673242064722302, 1.521296922412068 ], [ 101.672986237225118, 1.521297241540928 ], [ 101.672972885933106, 1.521478005269191 ], [ 101.672088454649042, 1.521479108432382 ], [ 101.672088232100307, 1.521298361504767 ], [ 101.671729141121247, 1.521389182875706 ] ], [ [ 101.671908742259546, 1.521388958929666 ], [ 101.671895207658267, 1.521420916713082 ], [ 101.671895168332782, 1.521388975855625 ], [ 101.671908742259546, 1.521388958929666 ] ], [ [ 101.671895207658267, 1.521420916713082 ], [ 101.671819052960188, 1.521479444388292 ], [ 101.671818981018049, 1.521421011764016 ], [ 101.671895207658267, 1.521420916713082 ] ], [ [ 101.673242287366833, 1.521477669168626 ], [ 101.673165988830561, 1.521419331711272 ], [ 101.673242215386495, 1.521419236612559 ], [ 101.673242287366833, 1.521477669168626 ] ] ], [ [ [ 101.676221057171873, 1.522919923385979 ], [ 101.675682255204137, 1.522920596939586 ], [ 101.675668943819602, 1.523133301058368 ], [ 101.6758485445216, 1.523133076525293 ], [ 101.675938679579659, 1.523404083783173 ], [ 101.676208080596666, 1.523403746884128 ], [ 101.676221057171873, 1.522919923385979 ] ] ], [ [ [ 101.869174752607151, 1.524238028560042 ], [ 101.869174513223257, 1.524057311925958 ], [ 101.869443870025165, 1.524056950564278 ], [ 101.870520099540371, 1.523151922675825 ], [ 101.870609286725639, 1.522700011221532 ], [ 101.870327863010587, 1.522318203894731 ], [ 101.868533348199179, 1.523224194020381 ], [ 101.868635799427651, 1.524058034547891 ], [ 101.869174752607151, 1.524238028560042 ] ] ], [ [ [ 101.864340107946461, 1.534635778272515 ], [ 101.865058158510251, 1.534454092241199 ], [ 101.865237009342181, 1.533911698311909 ], [ 101.864877255155292, 1.533454755501028 ], [ 101.86478699540551, 1.533099075646051 ], [ 101.864337575443884, 1.532732611937128 ], [ 101.864337342621923, 1.532557528320756 ], [ 101.863762552005838, 1.532462309629861 ], [ 101.862686556231424, 1.533548065870783 ], [ 101.862687397513866, 1.534180577642304 ], [ 101.862866978083616, 1.534185969466096 ], [ 101.862867211033532, 1.534361053306065 ], [ 101.863046791591302, 1.534366445085314 ], [ 101.863676011293947, 1.534902116660813 ], [ 101.864160775691829, 1.534816737838211 ], [ 101.864340107946461, 1.534635778272515 ] ] ], [ [ [ 101.851413065129762, 1.536370009169489 ], [ 101.85101748274235, 1.53600346729514 ], [ 101.850568544958591, 1.536004070370591 ], [ 101.850478997071022, 1.536184910553891 ], [ 101.850030178874832, 1.536275873411869 ], [ 101.850031377632476, 1.537179471658565 ], [ 101.850696323699452, 1.53754565144379 ], [ 101.850696083778402, 1.537364931900891 ], [ 101.85150369219042, 1.537002406455535 ], [ 101.851413065129762, 1.536370009169489 ] ] ], [ [ [ 101.677162903624378, 1.647936799140798 ], [ 101.676624413216317, 1.648194591547876 ], [ 101.676728217800843, 1.648569999522858 ], [ 101.677177366963576, 1.648659764679167 ], [ 101.677356736627118, 1.648478775586392 ], [ 101.677356253431483, 1.648117283738328 ], [ 101.677162903624378, 1.647936799140798 ] ] ], [ [ [ 101.723935973441712, 1.822755657757139 ], [ 101.724393713623101, 1.822393482749447 ], [ 101.724932303672375, 1.822211923666176 ], [ 101.726629737993193, 1.822390076498111 ], [ 101.726638697950222, 1.822209324224257 ], [ 101.727077836616871, 1.821756808614493 ], [ 101.727265872877879, 1.821214306517169 ], [ 101.72744533058669, 1.821106093915338 ], [ 101.72753446085747, 1.8206541119205 ], [ 101.726905382887296, 1.820383962043769 ], [ 101.726815165219421, 1.820112991500385 ], [ 101.726545463375146, 1.819932663377648 ], [ 101.726455110051276, 1.819571323580502 ], [ 101.726185408322962, 1.819390995226126 ], [ 101.726185136784665, 1.819210256947006 ], [ 101.725825760802962, 1.819120434174458 ], [ 101.725825489340863, 1.818939695840412 ], [ 101.725107008642624, 1.818940788250768 ], [ 101.72491842778841, 1.81912181381363 ], [ 101.724568419172584, 1.819122345894226 ], [ 101.724290163676159, 1.819393877314717 ], [ 101.723670859775027, 1.819485188188368 ], [ 101.723302793674264, 1.819756856262631 ], [ 101.722234572942838, 1.819939218838731 ], [ 101.72177685776083, 1.820318963026785 ], [ 101.721689896857825, 1.822216858517856 ], [ 101.721959192653415, 1.822126079218322 ], [ 101.722229031526851, 1.822396777661179 ], [ 101.72258813766085, 1.822305861623688 ], [ 101.722768437787593, 1.8227574352683 ], [ 101.722948194600917, 1.822847531235151 ], [ 101.723127679648783, 1.822756888422709 ], [ 101.723136639929137, 1.822576135635495 ], [ 101.723576460042665, 1.822575466097918 ], [ 101.723666542238135, 1.822756068019456 ], [ 101.723935973441712, 1.822755657757139 ] ] ], [ [ [ 102.542286551932989, -1.029700389204085 ], [ 102.542393138107187, -1.029794865726718 ], [ 102.542286651736575, -1.029790688031264 ], [ 102.542286551932989, -1.029700389204085 ] ] ], [ [ [ 102.283813980696863, -0.907945276139078 ], [ 102.284263202513316, -0.9085771286932 ], [ 102.284263447502042, -0.908848098632218 ], [ 102.283878856662611, -0.908859826369211 ], [ 102.283519201490932, -0.908047244749544 ], [ 102.283813980696863, -0.907945276139078 ] ] ], [ [ [ 102.282463474052179, -0.902888392934291 ], [ 102.282643502151075, -0.903520493910195 ], [ 102.282528507450564, -0.903983591732201 ], [ 102.281899747157055, -0.903261575555377 ], [ 102.282168846298887, -0.903159631698554 ], [ 102.281989071840641, -0.902809876288888 ], [ 102.282463474052179, -0.902888392934291 ] ] ], [ [ [ 102.000717319822655, -0.879925638731625 ], [ 102.000604150633265, -0.879944590995121 ], [ 102.000603933905282, -0.879673546855064 ], [ 102.000424353782066, -0.879583344208296 ], [ 102.000717030862205, -0.879564246582416 ], [ 102.000717319822655, -0.879925638731625 ] ] ], [ [ [ 102.00089668318229, -0.879744797216213 ], [ 102.000783514014856, -0.87976374946324 ], [ 102.000783297318492, -0.879492705367699 ], [ 102.000603717244104, -0.879402502714559 ], [ 102.001075829856475, -0.879292911728895 ], [ 102.001075974294551, -0.879473607744142 ], [ 102.000896481559295, -0.879492613688803 ], [ 102.00089668318229, -0.879744797216213 ] ] ], [ [ [ 102.028718874995221, -0.878276617935032 ], [ 102.029077517322406, -0.877824596488368 ], [ 102.029181861137403, -0.877858040584943 ], [ 102.02918212525411, -0.878185893988202 ], [ 102.029436814542109, -0.878185686039107 ], [ 102.029436668953892, -0.878004994765752 ], [ 102.029616171954146, -0.878004848224532 ], [ 102.02954113132688, -0.878185600861338 ], [ 102.029795820529827, -0.87818539288769 ], [ 102.030334766360056, -0.878727026462051 ], [ 102.030439839225252, -0.879663925915189 ], [ 102.030081344072798, -0.880296638693846 ], [ 102.029901841040754, -0.880296785640079 ], [ 102.029812235499847, -0.880477550317988 ], [ 102.028556005213119, -0.880839961717248 ], [ 102.028630680726792, -0.880207480235764 ], [ 102.028450739918526, -0.879665552785289 ], [ 102.027837043633738, -0.879666054507665 ], [ 102.02783726232505, -0.879937091818272 ], [ 102.027657758935689, -0.879937238595803 ], [ 102.027568225969105, -0.8802083493593 ], [ 102.027284232596969, -0.87999436056148 ], [ 102.02728386819166, -0.879542631478188 ], [ 102.027462643332456, -0.87863902676495 ], [ 102.027731680000116, -0.878367769595318 ], [ 102.028539517422445, -0.87845745590207 ], [ 102.028449620239527, -0.878276837746584 ], [ 102.028718874995221, -0.878276617935032 ] ] ], [ [ [ 102.000623833770774, -0.875246473618619 ], [ 102.000600978650553, -0.875969276896045 ], [ 102.000062455390804, -0.875969711277728 ], [ 101.999882803772849, -0.875789159837173 ], [ 101.999882444389328, -0.875337419293338 ], [ 102.000175049501166, -0.875227974759966 ], [ 102.000175193228344, -0.875408670929066 ], [ 102.00033127065845, -0.875408545118337 ], [ 102.00035434168224, -0.874956785882654 ], [ 102.000893080239194, -0.875227396035826 ], [ 102.00086973682636, -0.87533662349011 ], [ 102.000623833770774, -0.875246473618619 ] ], [ [ 102.000331630124904, -0.875860285475284 ], [ 102.000265249663045, -0.875788851440134 ], [ 102.000265306559399, -0.875860338965699 ], [ 102.000331630124904, -0.875860285475284 ] ] ], [ [ [ 102.016397363134175, -0.845942504507138 ], [ 102.016308240011114, -0.846755695567159 ], [ 102.016218627932616, -0.846936459440389 ], [ 102.015913896234665, -0.847026712740045 ], [ 102.015644360941579, -0.846665536605008 ], [ 102.0156437324232, -0.845852415333327 ], [ 102.016038146281133, -0.845671745322894 ], [ 102.016397363134175, -0.845942504507138 ] ] ], [ [ [ 102.538085740251688, -0.470294331559442 ], [ 102.538281085984735, -0.47011363280075 ], [ 102.538639923482208, -0.470203748953677 ], [ 102.538819683894218, -0.470926052486621 ], [ 102.540434154732679, -0.47074462762432 ], [ 102.540524080640026, -0.471196077877093 ], [ 102.540687435560926, -0.471195994195866 ], [ 102.540597150226304, -0.47003222857817 ], [ 102.540866106982193, -0.469761193472468 ], [ 102.540343869984611, -0.469580861637355 ], [ 102.540254440143897, -0.47011262462298 ], [ 102.540059008882537, -0.470122802847895 ], [ 102.539520639658193, -0.469761880531734 ], [ 102.539520457767082, -0.4694006832113 ], [ 102.539341061984359, -0.469400774729149 ], [ 102.539340971095854, -0.469220176033553 ], [ 102.538982134008108, -0.469130059601936 ], [ 102.538802465765386, -0.468588354648628 ], [ 102.538802284365616, -0.468227157045071 ], [ 102.538981675163726, -0.468216987405738 ], [ 102.538981589571506, -0.468046467003175 ], [ 102.538622797829902, -0.468046649478476 ], [ 102.538263779517138, -0.467595334665996 ], [ 102.538263462880508, -0.46696323848771 ], [ 102.537994368918689, -0.466963375001506 ], [ 102.538083841019358, -0.466511832139021 ], [ 102.537724958717789, -0.46633141495575 ], [ 102.537635035133846, -0.465879962813036 ], [ 102.537112977758767, -0.466060826166766 ], [ 102.537382428018603, -0.466773007894759 ], [ 102.537203393535776, -0.467495495310194 ], [ 102.536844560944743, -0.467415456273633 ], [ 102.536754993493929, -0.467676322222502 ], [ 102.536559606781523, -0.467776799491218 ], [ 102.536111115919837, -0.467777027295229 ], [ 102.535841930813362, -0.467596564580957 ], [ 102.535841749948943, -0.467235365814862 ], [ 102.535572519722692, -0.466964603160827 ], [ 102.535572429402166, -0.466784003724683 ], [ 102.535393032916602, -0.466784094630989 ], [ 102.535482550632068, -0.466422850270618 ], [ 102.535123577235581, -0.466061832884446 ], [ 102.535123306937066, -0.465520034310238 ], [ 102.534854212112407, -0.465520170281498 ], [ 102.534853987120869, -0.465068671337018 ], [ 102.534495644077694, -0.465971850680109 ], [ 102.533778102223906, -0.466062513428935 ], [ 102.533508871858672, -0.465791749745239 ], [ 102.533418543893461, -0.464527596061827 ], [ 102.533597761143511, -0.464166305996434 ], [ 102.533165220142465, -0.463985923866205 ], [ 102.533075651283454, -0.464246790478248 ], [ 102.532806605793553, -0.464347304420813 ], [ 102.532179345346606, -0.465611821379771 ], [ 102.532090092136002, -0.466504788831555 ], [ 102.531805095870141, -0.46678591179335 ], [ 102.531372598492965, -0.466695830560998 ], [ 102.531177250551195, -0.466876529756728 ], [ 102.531177160359817, -0.466695929459295 ], [ 102.530997763021006, -0.466696020235597 ], [ 102.531087236374717, -0.466244474060042 ], [ 102.531356327299108, -0.466234259574512 ], [ 102.531445940883728, -0.466063692428797 ], [ 102.531356152213959, -0.465883137496682 ], [ 102.531087056275723, -0.465883273429162 ], [ 102.531086966278565, -0.465702673113557 ], [ 102.53072799170981, -0.465341653498523 ], [ 102.530548324786082, -0.464799942735631 ], [ 102.530368882483728, -0.464709732898704 ], [ 102.53045849143912, -0.464529087273069 ], [ 102.530009639190652, -0.463806910996323 ], [ 102.530009236406457, -0.462994208621179 ], [ 102.530270435768827, -0.462257225068944 ], [ 102.530359643859299, -0.461263877592085 ], [ 102.53053899663567, -0.461173487675929 ], [ 102.530449216032594, -0.461007382449669 ], [ 102.530097908975989, -0.460917257728242 ], [ 102.530008299324066, -0.461097903070549 ], [ 102.52911153455905, -0.461549853075879 ], [ 102.52730993562129, -0.461370152809088 ], [ 102.526869017385962, -0.461460673714546 ], [ 102.526689842073409, -0.461912266308819 ], [ 102.526690332850336, -0.462905572786784 ], [ 102.526437499983658, -0.463357202699182 ], [ 102.526421637962628, -0.46371841320678 ], [ 102.526152674913632, -0.463989450242108 ], [ 102.525704223990999, -0.464079976222492 ], [ 102.52533766422134, -0.463614206200504 ], [ 102.525336949892264, -0.462169394663794 ], [ 102.525516177102503, -0.461822552547014 ], [ 102.525336593563921, -0.461446988892812 ], [ 102.525156439913658, -0.459911965932651 ], [ 102.525425359988532, -0.459550629114566 ], [ 102.525603968830708, -0.457939577790126 ], [ 102.525155113156771, -0.457202943735982 ], [ 102.525154584648902, -0.456119334850488 ], [ 102.525333850920774, -0.455848344108649 ], [ 102.525512809840507, -0.45494524852668 ], [ 102.525692164072311, -0.454854859484862 ], [ 102.525602333440474, -0.454584001561786 ], [ 102.525781424790196, -0.45395180851771 ], [ 102.526050434261748, -0.453771074957991 ], [ 102.526229533010238, -0.453153332805309 ], [ 102.525421798286715, -0.452236271249646 ], [ 102.525601021934079, -0.451874980632605 ], [ 102.525600760573582, -0.451333176443876 ], [ 102.525869646950895, -0.450895992046349 ], [ 102.525241442731669, -0.450249742937647 ], [ 102.525240972517324, -0.449270885321558 ], [ 102.525061307719113, -0.448714717594992 ], [ 102.525150876958023, -0.44844377180082 ], [ 102.525330274979837, -0.448443684718909 ], [ 102.525330188493427, -0.448263083268137 ], [ 102.525509586476019, -0.44826299621689 ], [ 102.525509500020092, -0.448082394801086 ], [ 102.525868209442152, -0.447901619409765 ], [ 102.525867089025127, -0.445553801905281 ], [ 102.526315368674418, -0.445102082402311 ], [ 102.526943217578179, -0.445011479199326 ], [ 102.527391883342275, -0.445372465141207 ], [ 102.527578985032576, -0.445733576991983 ], [ 102.528289042589833, -0.445733234142221 ], [ 102.528655627758411, -0.446274859639729 ], [ 102.530352411541642, -0.446364339246424 ], [ 102.530621248431004, -0.445822407785958 ], [ 102.530890300698047, -0.445731977541634 ], [ 102.530890214599324, -0.445551377177381 ], [ 102.531517845240842, -0.445009273120393 ], [ 102.531696984110482, -0.44446738592946 ], [ 102.531965950269338, -0.444196355991737 ], [ 102.532145346863516, -0.444196269568053 ], [ 102.53259340932884, -0.443293053331911 ], [ 102.533131512893348, -0.443112194602672 ], [ 102.533221039805312, -0.442750951664592 ], [ 102.533490134264923, -0.442750822403398 ], [ 102.533937983734432, -0.44139610867955 ], [ 102.534296647984078, -0.441125037273105 ], [ 102.53429656269337, -0.440944437573922 ], [ 102.535013976222459, -0.440582895040405 ], [ 102.536807805934856, -0.440311138089462 ], [ 102.536986903452885, -0.439678955201818 ], [ 102.537166256416725, -0.439588569966985 ], [ 102.537076431090682, -0.439317714059528 ], [ 102.537345191245706, -0.438609639517172 ], [ 102.536634971654507, -0.438248779268738 ], [ 102.536447825302403, -0.43778291975091 ], [ 102.536627009185779, -0.437331336357217 ], [ 102.537254893361322, -0.437331038137753 ], [ 102.537531772647867, -0.437872703934731 ], [ 102.537883116028695, -0.438053135855722 ], [ 102.537980515439017, -0.438414287542608 ], [ 102.53824969324863, -0.438594758300465 ], [ 102.538780261865668, -0.438413906599692 ], [ 102.538869874558372, -0.438233265065167 ], [ 102.539138967205375, -0.438233136918595 ], [ 102.539407932506109, -0.437962110715248 ], [ 102.539317775803781, -0.43698331070546 ], [ 102.539138211603358, -0.436622198395011 ], [ 102.538420413201763, -0.436156591360801 ], [ 102.538420202197074, -0.435705094128459 ], [ 102.538778697361806, -0.435072828391529 ], [ 102.540662385786916, -0.435162236881965 ], [ 102.540670002170174, -0.435342831770204 ], [ 102.540939178553273, -0.43552330280289 ], [ 102.541469788118818, -0.435432752356167 ], [ 102.54146970375831, -0.435252154061589 ], [ 102.541828492781406, -0.435251984235121 ], [ 102.541925890841952, -0.435613134620314 ], [ 102.542097753242643, -0.435613053196443 ], [ 102.542374545836694, -0.435974118364478 ], [ 102.542905070062545, -0.435702969684482 ], [ 102.542994682747562, -0.43552232917341 ], [ 102.543002341475159, -0.435793222594742 ], [ 102.543181742478225, -0.435807587715599 ], [ 102.543182669265818, -0.437784086928835 ], [ 102.543467886088834, -0.437964549018036 ], [ 102.543737232307024, -0.438506214327084 ], [ 102.544006323539449, -0.438506085924564 ], [ 102.544096105653423, -0.43868664089859 ], [ 102.544096318441717, -0.439138135340687 ], [ 102.543916971632939, -0.439238598285866 ], [ 102.543917052069645, -0.439409117786835 ], [ 102.544544888835006, -0.439318518689518 ], [ 102.544634713701981, -0.439589372306828 ], [ 102.544977418533819, -0.439498909508755 ], [ 102.545156476491144, -0.438786511708576 ], [ 102.545425562567658, -0.438776304878234 ], [ 102.545425482212664, -0.438605785656962 ], [ 102.545784222558922, -0.438505237318088 ], [ 102.546142839951159, -0.438143871264703 ], [ 102.546142674731115, -0.437792754801317 ], [ 102.546322021197099, -0.437692292327604 ], [ 102.546321941020423, -0.43752177327228 ], [ 102.546501329917973, -0.437511609519046 ], [ 102.546606982335945, -0.437330961856594 ], [ 102.547145120520398, -0.437240406933936 ], [ 102.548042299832645, -0.437691472217408 ], [ 102.549640797853996, -0.437690709807763 ], [ 102.549909637171353, -0.437158869773913 ], [ 102.550105023341871, -0.437058400103032 ], [ 102.550643116997321, -0.436877547187019 ], [ 102.550912206147487, -0.436877419012418 ], [ 102.551001987416399, -0.437057972704595 ], [ 102.551613821335721, -0.437057681107239 ], [ 102.551882702698521, -0.43661614045385 ], [ 102.552167827140423, -0.436605926452017 ], [ 102.552184081415547, -0.469925921650325 ], [ 102.552078349380579, -0.469936054066638 ], [ 102.552078212414912, -0.469665159780439 ], [ 102.551898864722403, -0.469755549787425 ], [ 102.55189872781628, -0.469484655448054 ], [ 102.551719334449103, -0.469484747301991 ], [ 102.551629318635918, -0.468852706248882 ], [ 102.551450016359794, -0.469033394287233 ], [ 102.551270304139052, -0.468401398814666 ], [ 102.551017254422533, -0.468401528059316 ], [ 102.551001304960579, -0.468582132655255 ], [ 102.550283639660805, -0.46840190269964 ], [ 102.549386671032266, -0.46840236065601 ], [ 102.549117443867786, -0.468131602858613 ], [ 102.548758610633115, -0.468041487466544 ], [ 102.548399641030102, -0.467680476611328 ], [ 102.548399504863028, -0.467409581236974 ], [ 102.548220020134679, -0.46722907564328 ], [ 102.547608181426398, -0.467229387072485 ], [ 102.547518887765577, -0.46803204135649 ], [ 102.547144245624736, -0.468403505043269 ], [ 102.546516274649846, -0.468223228056434 ], [ 102.546426395812134, -0.467862079182988 ], [ 102.546173299392251, -0.467771909425936 ], [ 102.545814868703459, -0.4684844035727 ], [ 102.545619484109878, -0.468584880278218 ], [ 102.544290064576117, -0.46858555835608 ], [ 102.54357257591451, -0.468766522120864 ], [ 102.543572843668741, -0.469298237400989 ], [ 102.543752466230814, -0.469749640366614 ], [ 102.544021695294049, -0.47002039947906 ], [ 102.545187989471984, -0.470471296824881 ], [ 102.546158573498573, -0.47038050097873 ], [ 102.546353917293743, -0.470199803560051 ], [ 102.547250889115233, -0.470199344238623 ], [ 102.547699465990235, -0.470379711587152 ], [ 102.548327345453089, -0.470379389829402 ], [ 102.548506830855089, -0.470559894781837 ], [ 102.549224452432796, -0.470649825205768 ], [ 102.549762771145495, -0.470920444109462 ], [ 102.550480346081102, -0.470920075745155 ], [ 102.550839270622035, -0.471190786186501 ], [ 102.551467148008626, -0.471190463589086 ], [ 102.551556936327756, -0.471371013791839 ], [ 102.551720243491403, -0.471280631688753 ], [ 102.551899275914707, -0.470568232804032 ], [ 102.552005007973221, -0.470558100315595 ], [ 102.55200537407724, -0.471280485134062 ], [ 102.552184813239094, -0.471370691005897 ], [ 102.552185042394711, -0.471822181428047 ], [ 102.551989659516266, -0.471922658326133 ], [ 102.551467473817311, -0.471832628902064 ], [ 102.551557257150634, -0.472003100815512 ], [ 102.551736650613876, -0.472003008473083 ], [ 102.551736742361129, -0.472183604729976 ], [ 102.55154135940964, -0.472284081741388 ], [ 102.535216360936829, -0.472202170679042 ], [ 102.535216269612192, -0.47202157117578 ], [ 102.535575012135425, -0.471921009209897 ], [ 102.535395529337279, -0.471750580051744 ], [ 102.535680523056428, -0.47146945650537 ], [ 102.535949617866663, -0.471469318764307 ], [ 102.536129242531942, -0.471920725242384 ], [ 102.536667386188071, -0.471830149841776 ], [ 102.536757175702718, -0.472010703082533 ], [ 102.537727814481286, -0.472010205471998 ], [ 102.53783346194146, -0.471829552265317 ], [ 102.538086515412573, -0.47182942255754 ], [ 102.538176081576211, -0.471568556567188 ], [ 102.53799663983483, -0.47147834899368 ], [ 102.53799654857859, -0.471297750035329 ], [ 102.537817152450373, -0.471297841883522 ], [ 102.537996497872996, -0.471197372181235 ], [ 102.538085740251688, -0.470294331559442 ] ], [ [ 102.537628852015573, -0.453328329815698 ], [ 102.538093289276858, -0.45313742373047 ], [ 102.538183074835615, -0.453317978504053 ], [ 102.538541866011983, -0.453317801792759 ], [ 102.538631693357871, -0.453584283999855 ], [ 102.539235960873739, -0.453493686780167 ], [ 102.5392357923199, -0.453146939567008 ], [ 102.539056309155129, -0.452966429149153 ], [ 102.538428337202831, -0.45278613930435 ], [ 102.537449237010023, -0.452876920465283 ], [ 102.537628720428714, -0.453057431256026 ], [ 102.537628852015573, -0.453328329815698 ] ], [ [ 102.538265911501895, -0.471829330598761 ], [ 102.538192213611509, -0.471749147269046 ], [ 102.538192254183784, -0.471829368356207 ], [ 102.538265911501895, -0.471829330598761 ] ], [ [ 102.5434530377904, -0.44049292730661 ], [ 102.543452573340588, -0.439509717157412 ], [ 102.543362791009827, -0.439329162129877 ], [ 102.543183396718391, -0.439329247877754 ], [ 102.543183993795992, -0.440593433567344 ], [ 102.5434530377904, -0.44049292730661 ] ], [ [ 102.544724794745775, -0.440402018828089 ], [ 102.544798413280986, -0.44032176300267 ], [ 102.544724756806417, -0.440321798303797 ], [ 102.544724794745775, -0.440402018828089 ] ], [ [ 102.545173450650609, -0.440762998962051 ], [ 102.54560581418103, -0.440592272274377 ], [ 102.544724842227708, -0.440502395956355 ], [ 102.544725093927994, -0.441034110611421 ], [ 102.545067884201046, -0.441124244864238 ], [ 102.545157500409644, -0.44095368252286 ], [ 102.544798626904296, -0.44077325709767 ], [ 102.545083710924274, -0.440672743207485 ], [ 102.545173450650609, -0.440762998962051 ] ], [ [ 102.545157500409644, -0.44095368252286 ], [ 102.545173536168278, -0.440943596526186 ], [ 102.545157495636317, -0.440943604225622 ], [ 102.545157500409644, -0.44095368252286 ] ], [ [ 102.545173536168278, -0.440943596526186 ], [ 102.545247154621364, -0.440863340692183 ], [ 102.545173498177462, -0.440863376041198 ], [ 102.545173536168278, -0.440943596526186 ] ], [ [ 102.544100056000943, -0.446994138528417 ], [ 102.544263371234891, -0.446913838501975 ], [ 102.544100017500398, -0.446913917951011 ], [ 102.544100056000943, -0.446994138528417 ] ], [ [ 102.543564713057975, -0.452873909591404 ], [ 102.543295967759704, -0.453586355575562 ], [ 102.543654844922258, -0.453766776360802 ], [ 102.543654932924852, -0.453947374217023 ], [ 102.544372775201126, -0.454488812884199 ], [ 102.544462869426894, -0.455301458152796 ], [ 102.545074753375545, -0.45539145373081 ], [ 102.545253887749695, -0.454859650472625 ], [ 102.545612627200896, -0.454759095779173 ], [ 102.545881453934285, -0.454217170292692 ], [ 102.545791717716881, -0.454136994223453 ], [ 102.545881194621046, -0.453685456326121 ], [ 102.545970803672517, -0.45350481461701 ], [ 102.546150192852608, -0.453494647746873 ], [ 102.54597075968104, -0.453414515916431 ], [ 102.545791101806003, -0.452872812168604 ], [ 102.544625039235441, -0.452873387025447 ], [ 102.544355772074383, -0.452512324219932 ], [ 102.543833629299655, -0.452512581344986 ], [ 102.543833712164869, -0.452683100855261 ], [ 102.543564713057975, -0.452873909591404 ] ], [ [ 102.543566161753304, -0.455843696190616 ], [ 102.543835076952575, -0.45548236707814 ], [ 102.543998475092792, -0.45557258500588 ], [ 102.544087912404478, -0.455040825534615 ], [ 102.543190983512559, -0.455131568626018 ], [ 102.543191331813588, -0.455843882093729 ], [ 102.543566161753304, -0.455843696190616 ] ], [ [ 102.540950495625594, -0.4591058431447 ], [ 102.538455177559612, -0.459468286137709 ], [ 102.538275910325339, -0.459729195684437 ], [ 102.538096519510731, -0.459739363659337 ], [ 102.537738039537729, -0.460371639403521 ], [ 102.537738346681294, -0.460993657576424 ], [ 102.537917831823492, -0.461174166717406 ], [ 102.53836636603728, -0.461264241459779 ], [ 102.538366500035025, -0.461535139796153 ], [ 102.53854589580898, -0.461535049836557 ], [ 102.538635683065138, -0.461715603693033 ], [ 102.538904687251986, -0.461534869903752 ], [ 102.53953261663861, -0.461624854308648 ], [ 102.539443052994301, -0.461895797329477 ], [ 102.540160635076873, -0.461895437073236 ], [ 102.540250467050242, -0.462166289817322 ], [ 102.540429817710901, -0.462075900444036 ], [ 102.540519649722924, -0.462346753087691 ], [ 102.541057925342045, -0.462527080918448 ], [ 102.542118255828782, -0.462526547591087 ], [ 102.54202842885725, -0.462265773787311 ], [ 102.542403254605361, -0.46225550700021 ], [ 102.542313606893913, -0.46235592948542 ], [ 102.542387348416355, -0.462526412216933 ], [ 102.542746048767427, -0.462345633671685 ], [ 102.542745964158996, -0.462175113964213 ], [ 102.542925354094862, -0.462164945447392 ], [ 102.543014474893496, -0.46100109181129 ], [ 102.542647654911974, -0.459993536060887 ], [ 102.542647261136125, -0.459195295011823 ], [ 102.542206350357745, -0.459285814328471 ], [ 102.542116786424586, -0.45955675636933 ], [ 102.541847693869329, -0.459556890864072 ], [ 102.541488770132261, -0.459286172756143 ], [ 102.541040282206936, -0.459286396736749 ], [ 102.540950495625594, -0.4591058431447 ] ], [ [ 102.542134386123877, -0.462707137672257 ], [ 102.542208003198468, -0.462626879864542 ], [ 102.542134346291846, -0.462626916926788 ], [ 102.542134386123877, -0.462707137672257 ] ], [ [ 102.542297830264658, -0.462887653579596 ], [ 102.542224088667339, -0.462717170859658 ], [ 102.542224173362541, -0.462887690663671 ], [ 102.542297830264658, -0.462887653579596 ] ], [ [ 102.533322557009981, -0.451705049718275 ], [ 102.533233113886155, -0.452232443052657 ], [ 102.533322943349702, -0.452503298870509 ], [ 102.533584506000381, -0.452503170456412 ], [ 102.533502434391622, -0.452698260971561 ], [ 102.53314359752801, -0.452608137230627 ], [ 102.533135977906809, -0.452427541008089 ], [ 102.532426010899783, -0.452608489544465 ], [ 102.532426098399995, -0.452789089604434 ], [ 102.532246701651232, -0.45278917770691 ], [ 102.53223908200971, -0.452608581309294 ], [ 102.531887820562048, -0.452608753733119 ], [ 102.531798209626615, -0.452789397943626 ], [ 102.531529070563721, -0.452699229954482 ], [ 102.531529158059271, -0.45287983019009 ], [ 102.531260150181765, -0.453060562623297 ], [ 102.531350148261495, -0.453678169145631 ], [ 102.531888470545454, -0.453948804620122 ], [ 102.53223973205742, -0.453948631685777 ], [ 102.532777790702198, -0.453677466702946 ], [ 102.533054637201701, -0.454128830401951 ], [ 102.533226501686954, -0.454128745729577 ], [ 102.533323819941714, -0.45430929770862 ], [ 102.53358533874119, -0.454218868865962 ], [ 102.533503436222986, -0.454760708903413 ], [ 102.533862581310657, -0.455482930973192 ], [ 102.53412414391525, -0.45548280169382 ], [ 102.534393106485126, -0.455211769171915 ], [ 102.53475185521404, -0.455121292110753 ], [ 102.535469660498194, -0.455572436263478 ], [ 102.535746595588321, -0.45620439737587 ], [ 102.536546390025919, -0.456294300850511 ], [ 102.536815263357582, -0.455842669515453 ], [ 102.536725168763539, -0.455030017447939 ], [ 102.536904395681702, -0.454683180707383 ], [ 102.536724904747643, -0.454488219799111 ], [ 102.536724779890946, -0.454231771249283 ], [ 102.536545296062314, -0.454051260488062 ], [ 102.536104338167917, -0.454051477893761 ], [ 102.536104426038349, -0.454232077232067 ], [ 102.535386929443661, -0.454413030584832 ], [ 102.535020509950627, -0.45421816142806 ], [ 102.535020334303908, -0.453856962326281 ], [ 102.535468561584906, -0.453314942979486 ], [ 102.536096404051975, -0.453224334291887 ], [ 102.536006493926365, -0.452787330322932 ], [ 102.535475837786052, -0.452787591181215 ], [ 102.534847819763854, -0.452517000407179 ], [ 102.534750283392739, -0.451884949545459 ], [ 102.534309193725122, -0.451614266267084 ], [ 102.534122047020389, -0.451162858558388 ], [ 102.533770786359725, -0.451163030522981 ], [ 102.533591608101958, -0.451614617923144 ], [ 102.533322557009981, -0.451705049718275 ] ], [ [ 102.530358894844113, -0.459743224049808 ], [ 102.53009736831639, -0.459819204277118 ], [ 102.5303589321462, -0.459819073905889 ], [ 102.530358894844113, -0.459743224049808 ] ], [ [ 102.53090505620149, -0.46063150346323 ], [ 102.531256273915204, -0.460541027889372 ], [ 102.53125614759054, -0.460284577821998 ], [ 102.530815231252546, -0.460375098068812 ], [ 102.53090505620149, -0.46063150346323 ] ] ], [ [ [ 102.5446059849004, -0.332113358946078 ], [ 102.545233823729887, -0.332022833164984 ], [ 102.545503040077449, -0.332383930992548 ], [ 102.545291844112285, -0.332504761158921 ], [ 102.545291779628201, -0.332324163571847 ], [ 102.544785419748038, -0.332234047893571 ], [ 102.544964832840108, -0.332293826898534 ], [ 102.544933060723409, -0.332504891022774 ], [ 102.544394917624416, -0.332595384675707 ], [ 102.544305124989478, -0.332324520472022 ], [ 102.544484505952497, -0.332294000626474 ], [ 102.544484387986941, -0.331963260096656 ], [ 102.544605920504694, -0.331932761224028 ], [ 102.5446059849004, -0.332113358946078 ] ] ], [ [ [ 102.548372561625598, -0.330306026640478 ], [ 102.547713692883832, -0.332684481346592 ], [ 102.546758888214313, -0.332684827338609 ], [ 102.546458050574458, -0.332955832405204 ], [ 102.546099267624854, -0.332955962487952 ], [ 102.545919779236073, -0.332685131329254 ], [ 102.545650659619426, -0.332594930040228 ], [ 102.545650498414915, -0.332143436248852 ], [ 102.546009206222379, -0.33193225414238 ], [ 102.546188447653293, -0.331511150682244 ], [ 102.546457491808042, -0.331390299966622 ], [ 102.546578938490967, -0.331119360101799 ], [ 102.546995569450345, -0.331119209856892 ], [ 102.54765496521884, -0.330215986300118 ], [ 102.548193106480213, -0.330125494183426 ], [ 102.548372561625598, -0.330306026640478 ] ] ], [ [ [ 102.521121043226259, -0.31381812687653 ], [ 102.521246633657483, -0.313911396098753 ], [ 102.521121073461629, -0.313908428041365 ], [ 102.521121043226259, -0.31381812687653 ] ] ], [ [ [ 102.520887962583146, -0.314272722620513 ], [ 102.520708566492544, -0.314272830447337 ], [ 102.520439563098179, -0.314543778686518 ], [ 102.519722008391113, -0.314634323953232 ], [ 102.519453035120989, -0.314995620763751 ], [ 102.518878953227045, -0.314902504096099 ], [ 102.51860976856139, -0.314634702104272 ], [ 102.518274502544699, -0.314544561491091 ], [ 102.51783834511717, -0.314635011186638 ], [ 102.517838435985013, -0.314905868765949 ], [ 102.515583640429796, -0.314816380661342 ], [ 102.514507075581562, -0.314274935544295 ], [ 102.513981187404539, -0.314275113886618 ], [ 102.513174080011837, -0.314817152369811 ], [ 102.510752148904004, -0.314637417096424 ], [ 102.510483112216335, -0.31481806589231 ], [ 102.509663516357648, -0.314818390863808 ], [ 102.509484057631312, -0.314637847128446 ], [ 102.508497366438135, -0.314638181625422 ], [ 102.508114951352226, -0.314457706357332 ], [ 102.507959140607213, -0.314548061591504 ], [ 102.507756123979533, -0.314367525419259 ], [ 102.506087636873318, -0.314187484952013 ], [ 102.504921603225881, -0.31436848479465 ], [ 102.504921693683812, -0.314639346146361 ], [ 102.504730050774583, -0.314820063457445 ], [ 102.504640140053937, -0.314187927579686 ], [ 102.503360785812035, -0.314185349323708 ], [ 102.502463697707427, -0.313914743504425 ], [ 102.502104778104723, -0.313553652562483 ], [ 102.501745739575213, -0.312834359858858 ], [ 102.501386880054113, -0.312653874368565 ], [ 102.500436042421725, -0.312654193939016 ], [ 102.500256702286421, -0.312834860616677 ], [ 102.499054738178913, -0.312832253933017 ], [ 102.49851632777758, -0.312200311256999 ], [ 102.498605700764884, -0.311209954998159 ], [ 102.498336510889402, -0.310939134812464 ], [ 102.497887979056941, -0.310845970429589 ], [ 102.497708519088164, -0.310665423435534 ], [ 102.497618671288265, -0.310216946850508 ], [ 102.497170139218156, -0.310123782017035 ], [ 102.496900891020729, -0.309675364769398 ], [ 102.49636265831704, -0.309582229385525 ], [ 102.496362600094045, -0.309404632989809 ], [ 102.495950049072633, -0.309675680890385 ], [ 102.495860585874951, -0.310398139691878 ], [ 102.49564529217794, -0.310304897013188 ], [ 102.495639222682584, -0.2912508277764 ], [ 102.504548750046297, -0.29115773619716 ], [ 102.504552622980185, -0.282220769336001 ], [ 102.506878237350008, -0.282310365387654 ], [ 102.508409660602567, -0.282129294907281 ], [ 102.509575828076024, -0.282399847322826 ], [ 102.511818297406094, -0.282399164664192 ], [ 102.512177200606217, -0.282760263566964 ], [ 102.512267035196459, -0.283211746380342 ], [ 102.51244648688251, -0.283392295616245 ], [ 102.512446732329025, -0.284205013757281 ], [ 102.512626184189301, -0.284385562762885 ], [ 102.512626348323309, -0.284927374751114 ], [ 102.5131649515681, -0.286281738524702 ], [ 102.513075418247766, -0.286823577949504 ], [ 102.5127167084852, -0.287100758319778 ], [ 102.512716789413119, -0.28736550088849 ], [ 102.512537449297298, -0.287552323903491 ], [ 102.512537668750355, -0.28826857655388 ], [ 102.512358411957294, -0.28872630584709 ], [ 102.512269462699138, -0.291155314539421 ], [ 102.514056842441761, -0.29115776385211 ], [ 102.514146179687202, -0.28998997502268 ], [ 102.514325409532972, -0.289448107895482 ], [ 102.514684090213592, -0.289080625250742 ], [ 102.514773540712014, -0.288274044556715 ], [ 102.515042550927518, -0.28799689216498 ], [ 102.51522175592163, -0.28737088756803 ], [ 102.516125385866886, -0.287545047197123 ], [ 102.516394563718592, -0.287815868544492 ], [ 102.516394619113825, -0.287996471805084 ], [ 102.515766927062231, -0.288634942253937 ], [ 102.515498136021804, -0.289622181612735 ], [ 102.51612630340199, -0.290525001855661 ], [ 102.516306148300202, -0.291969771797932 ], [ 102.516665110151308, -0.292511468304493 ], [ 102.516844506682986, -0.292511411638803 ], [ 102.517023987656088, -0.292782259674741 ], [ 102.517651987913183, -0.293143267155878 ], [ 102.518363008117191, -0.293233343448107 ], [ 102.519349630414595, -0.29305242814894 ], [ 102.520073666482773, -0.292600692435229 ], [ 102.520880891282076, -0.292419834708577 ], [ 102.521329436859361, -0.292600295209898 ], [ 102.521508917097719, -0.292871141843412 ], [ 102.522136801539816, -0.292870942983867 ], [ 102.522585346632951, -0.293051402970412 ], [ 102.52321342829768, -0.2936833106752 ], [ 102.523393021958455, -0.294315360300634 ], [ 102.523751925998383, -0.294676449694087 ], [ 102.523752153542503, -0.29539885698226 ], [ 102.523214338614423, -0.296572941509912 ], [ 102.523214998410197, -0.298649863661271 ], [ 102.52348417784367, -0.298920679526268 ], [ 102.523842997255841, -0.299010864385976 ], [ 102.52420193196663, -0.299462252629278 ], [ 102.524560751175812, -0.299552437184869 ], [ 102.524650535432983, -0.299823310572733 ], [ 102.524829930533485, -0.299823252358875 ], [ 102.525009441327541, -0.300184397291403 ], [ 102.525009615181361, -0.300726202014871 ], [ 102.525548032541423, -0.301448432696792 ], [ 102.526617953139095, -0.301896576033061 ], [ 102.526983278489809, -0.301718866041875 ], [ 102.527844389687175, -0.301715573979085 ], [ 102.528561792920215, -0.301173536786049 ], [ 102.529225505752066, -0.301086030447655 ], [ 102.530212289984433, -0.301446909582412 ], [ 102.530481497575849, -0.301808022656491 ], [ 102.531916677764741, -0.301897853116419 ], [ 102.532017772935617, -0.30207540960023 ], [ 102.532454975600828, -0.302258877129419 ], [ 102.532903634063487, -0.302797519534918 ], [ 102.533262422094097, -0.302800412307492 ], [ 102.533352176418617, -0.302977972148198 ], [ 102.5341595062999, -0.303161317166271 ], [ 102.534339193181665, -0.304064256881954 ], [ 102.534698067971064, -0.304335037995293 ], [ 102.534698126849264, -0.304515637671891 ], [ 102.534877520073081, -0.304515578378645 ], [ 102.534967334542017, -0.304876747978381 ], [ 102.535236453786581, -0.304966958710595 ], [ 102.535415964972742, -0.305328098391711 ], [ 102.535954203251549, -0.305508519422211 ], [ 102.536043988458303, -0.30577938878723 ], [ 102.536223381440962, -0.305779329225277 ], [ 102.536492559643776, -0.306050138863106 ], [ 102.536582404267165, -0.306501607318677 ], [ 102.536403219135721, -0.307133764722596 ], [ 102.535775462513001, -0.307495219913948 ], [ 102.535685974376634, -0.308127301170069 ], [ 102.535327277550834, -0.308398367390273 ], [ 102.53514800371282, -0.30875957974629 ], [ 102.534520246710628, -0.309120989587585 ], [ 102.533982097417507, -0.3092145822734 ], [ 102.53371309589518, -0.309482507002187 ], [ 102.533444455312093, -0.310837049889844 ], [ 102.532738462220806, -0.311559735154334 ], [ 102.532547968692754, -0.312282153121825 ], [ 102.532021249908482, -0.312646644206986 ], [ 102.531471786510863, -0.312824318586517 ], [ 102.531292363308452, -0.312737191513077 ], [ 102.530944976534798, -0.312917909738436 ], [ 102.530383148331282, -0.312915034962058 ], [ 102.53020372387482, -0.312824795536321 ], [ 102.530203664491367, -0.312647260355268 ], [ 102.52985714947134, -0.312557077464119 ], [ 102.528971578781153, -0.312737978251184 ], [ 102.528612850124503, -0.312918700698916 ], [ 102.528433546201029, -0.313189662871351 ], [ 102.528074756920446, -0.31318978461058 ], [ 102.528074847649648, -0.313460686066573 ], [ 102.527895452952464, -0.313460746984216 ], [ 102.527626572821063, -0.31409294205867 ], [ 102.527357541254872, -0.314273634717357 ], [ 102.526987409483141, -0.314270648441569 ], [ 102.526987349895165, -0.314093159517626 ], [ 102.526718256458707, -0.314090138789057 ], [ 102.52635928586713, -0.313551569162171 ], [ 102.525013822277387, -0.313552025879858 ], [ 102.524924244613231, -0.313910147228793 ], [ 102.52419435933335, -0.313910442067589 ], [ 102.523925205621907, -0.313729931691581 ], [ 102.523219927214086, -0.313730171090472 ], [ 102.523040592049142, -0.313910787055932 ], [ 102.522502374665393, -0.313820715646789 ], [ 102.522502495691725, -0.314181872890899 ], [ 102.522131369972186, -0.314091744800909 ], [ 102.522041520827898, -0.313640269895354 ], [ 102.521503393559911, -0.313821054686466 ], [ 102.520887750902304, -0.313640661183037 ], [ 102.520887962583146, -0.314272722620513 ] ], [ [ 102.513077792835944, -0.2944992439732 ], [ 102.513693407464572, -0.294589350288235 ], [ 102.513783021134145, -0.294318463003204 ], [ 102.514141730471792, -0.294047396639567 ], [ 102.514236802981259, -0.292969907677775 ], [ 102.514051215782871, -0.291428718096696 ], [ 102.513076891527618, -0.291609628360773 ], [ 102.512987361210719, -0.292151421470738 ], [ 102.512807992034254, -0.292241826859871 ], [ 102.512718800312143, -0.29386724403731 ], [ 102.512808639352102, -0.294315714799449 ], [ 102.512988037602298, -0.294318668545949 ], [ 102.513077792835944, -0.2944992439732 ] ], [ [ 102.507753325375603, -0.305876035832819 ], [ 102.507328270351209, -0.305518023374144 ], [ 102.506969473148857, -0.305518141421869 ], [ 102.506945681262565, -0.304795728791866 ], [ 102.50661041236593, -0.304705536236304 ], [ 102.506610353918575, -0.304524931075823 ], [ 102.506341197438203, -0.304344414094031 ], [ 102.50572560569735, -0.304344615787334 ], [ 102.505635964646061, -0.304525203647237 ], [ 102.505277137638387, -0.304435065421192 ], [ 102.505187525769145, -0.304705956091757 ], [ 102.504918456518155, -0.304796393960642 ], [ 102.505008711918208, -0.306509058915296 ], [ 102.506354116485142, -0.306240717892533 ], [ 102.506892430226486, -0.306601750638815 ], [ 102.506892517533714, -0.306869647577205 ], [ 102.507430743830469, -0.306962782938998 ], [ 102.507610200333062, -0.307140317878329 ], [ 102.508112534136785, -0.307140151694359 ], [ 102.508225733039822, -0.306962566968479 ], [ 102.508584499346227, -0.30686908834264 ], [ 102.508763810336802, -0.306601179509879 ], [ 102.50912260686637, -0.30660101410693 ], [ 102.509032760694353, -0.306149578894359 ], [ 102.508853421226036, -0.306330242794054 ], [ 102.508596539601385, -0.306059420383941 ], [ 102.508506928589867, -0.30633031027029 ], [ 102.508225527015199, -0.306330450008828 ], [ 102.508225438848953, -0.306059542740135 ], [ 102.508045981698302, -0.305878997004437 ], [ 102.507753325375603, -0.305876035832819 ] ], [ [ 102.504523533943086, -0.30398375148646 ], [ 102.502406575200808, -0.303894140761127 ], [ 102.501868463959724, -0.304165225763514 ], [ 102.501868522259215, -0.304345831845628 ], [ 102.501689093488167, -0.304255587494642 ], [ 102.50150983967859, -0.304707161560963 ], [ 102.501240798518083, -0.304887855920418 ], [ 102.501151273054575, -0.305426693247268 ], [ 102.501330731326874, -0.305607240526466 ], [ 102.502766015924621, -0.305877677745164 ], [ 102.503178593991365, -0.305696936159133 ], [ 102.504075590412342, -0.30569664116336 ], [ 102.50434457200511, -0.305335341448679 ], [ 102.504637229369308, -0.305338256018927 ], [ 102.504636848533124, -0.30416130925614 ], [ 102.504523533943086, -0.30398375148646 ] ], [ [ 102.509493825101401, -0.306962100700568 ], [ 102.510647520086508, -0.306690812421019 ], [ 102.510647461205878, -0.306510254922882 ], [ 102.51091646977811, -0.306239212648579 ], [ 102.510826712034415, -0.306058684798132 ], [ 102.511006051135823, -0.305878021301717 ], [ 102.512172077722354, -0.305696985755427 ], [ 102.512261600457961, -0.305155190878644 ], [ 102.51181298912671, -0.304794130172507 ], [ 102.511095398099087, -0.304794365997391 ], [ 102.51092824570425, -0.30461381658297 ], [ 102.51065920739839, -0.30479446244486 ], [ 102.510300411522863, -0.304794627200891 ], [ 102.510121159969316, -0.305246150453398 ], [ 102.509493296006994, -0.305336706185273 ], [ 102.509224551135844, -0.306420375757198 ], [ 102.509493825101401, -0.306962100700568 ] ], [ [ 102.49612777458043, -0.304525305442839 ], [ 102.496361071782417, -0.304705836343492 ], [ 102.496360898025785, -0.304167025644203 ], [ 102.496217359456296, -0.304167072514987 ], [ 102.49612777458043, -0.304525305442839 ] ], [ [ 102.49600215386883, -0.304344739269045 ], [ 102.495948287482619, -0.304257463996949 ], [ 102.495948315617127, -0.304344756857962 ], [ 102.49600215386883, -0.304344739269045 ] ], [ [ 102.511454105862569, -0.304523294888033 ], [ 102.511376681725878, -0.304433065059349 ], [ 102.511376710960889, -0.304523320299747 ], [ 102.511454105862569, -0.304523294888033 ] ], [ [ 102.511723173214321, -0.304432951322272 ], [ 102.51155610872614, -0.304523308271832 ], [ 102.511556137971297, -0.304613563494753 ], [ 102.511723231713916, -0.304613508611701 ], [ 102.511723173214321, -0.304432951322272 ] ] ], [ [ [ 102.001528042841514, -0.271341912812402 ], [ 102.001924516000358, -0.27097861574286 ], [ 102.002732236870202, -0.271068762102092 ], [ 102.003001849338617, -0.272604611516739 ], [ 102.003181382632633, -0.272785262463541 ], [ 102.003271239039492, -0.273236979983807 ], [ 102.003630283295436, -0.27350793351977 ], [ 102.003720139984253, -0.273959650789368 ], [ 102.003181945365853, -0.275043963086218 ], [ 102.002228140099149, -0.275405097099228 ], [ 102.001349587039996, -0.27549797385029 ], [ 102.000721308204163, -0.275227088590172 ], [ 102.000003216913086, -0.274685180838192 ], [ 101.999105726385537, -0.274504711081138 ], [ 101.998836312643007, -0.273781992022347 ], [ 101.998832771712017, -0.273188880854727 ], [ 101.998925743432267, -0.272517092095847 ], [ 101.999284587640432, -0.271974911940435 ], [ 102.00057857318771, -0.271882434215285 ], [ 102.001117106710808, -0.272153343955475 ], [ 102.001528243266179, -0.272153240873392 ], [ 102.001528042841514, -0.271341912812402 ] ] ], [ [ [ 101.998383113803513, -0.269394359853219 ], [ 101.99923176178838, -0.269262668967366 ], [ 101.999321616902932, -0.269714388454694 ], [ 101.999190925569835, -0.269845901353793 ], [ 101.998472946875353, -0.269755731271373 ], [ 101.998383113803513, -0.269394359853219 ] ] ], [ [ [ 101.917990220144588, -0.166910285732827 ], [ 101.917810679087779, -0.166639247424291 ], [ 101.917631177951478, -0.16663927421233 ], [ 101.917631124793175, -0.166277853965038 ], [ 101.917451583840744, -0.166006815464198 ], [ 101.917361504197075, -0.163747951711644 ], [ 101.917541003645695, -0.163736139906271 ], [ 101.917727696234522, -0.163193982194043 ], [ 101.917899927555624, -0.163193957021529 ], [ 101.917996882795904, -0.162742167678138 ], [ 101.918714860812372, -0.162561353060234 ], [ 101.919073953705393, -0.16319378539188 ], [ 101.919432942390046, -0.16310337797974 ], [ 101.919522771111886, -0.163645494316 ], [ 101.918804926680878, -0.164741644670819 ], [ 101.918805109867805, -0.165994828736483 ], [ 101.918625650432972, -0.166277705847202 ], [ 101.918625715184689, -0.166717695280786 ], [ 101.91826671488046, -0.166729534372265 ], [ 101.918349222277783, -0.166910232061373 ], [ 101.917990220144588, -0.166910285732827 ] ] ], [ [ [ 101.909545697033622, 0.099186053123811 ], [ 101.909413647608773, 0.099060366864903 ], [ 101.909455946049178, 0.099186061073689 ], [ 101.909545697033622, 0.099186053123811 ] ] ], [ [ [ 101.908695718654258, 0.099963988260194 ], [ 101.909413714038166, 0.099818554934415 ], [ 101.9095457683961, 0.099999254604447 ], [ 101.909725206881831, 0.099276392928932 ], [ 101.908875149421263, 0.099150770272103 ], [ 101.909144426203426, 0.099421813692386 ], [ 101.908785422091299, 0.099421845561618 ], [ 101.908695718654258, 0.099963988260194 ] ] ], [ [ [ 102.567237081450145, -1.025161824277963 ], [ 102.567447509988583, -1.025267686444512 ], [ 102.567237181512752, -1.025252120648444 ], [ 102.567237081450145, -1.025161824277963 ] ] ], [ [ [ 102.561635766906221, -1.020950037342469 ], [ 102.561544668052392, -1.019685980385662 ], [ 102.561758894149577, -1.019659851573282 ], [ 102.561849296785994, -1.020291829891786 ], [ 102.56229832819723, -1.020742813733987 ], [ 102.562298825752535, -1.021194298039035 ], [ 102.561994892883291, -1.021220527414588 ], [ 102.561635766906221, -1.020950037342469 ] ] ], [ [ [ 102.67016089706884, -0.966858993720789 ], [ 102.670788953322614, -0.967038881604191 ], [ 102.67086804232234, -0.967531541100755 ], [ 102.670252190737372, -0.968344788181107 ], [ 102.670242222487687, -0.969428233127353 ], [ 102.670063027836207, -0.969609001266214 ], [ 102.66934547002765, -0.969609785199987 ], [ 102.668716925424434, -0.968978467469411 ], [ 102.668626841651204, -0.968617420447774 ], [ 102.668177784397272, -0.968076192073337 ], [ 102.668188487177915, -0.967673719600332 ], [ 102.668356741047518, -0.96767353622115 ], [ 102.668546683832972, -0.967131611121736 ], [ 102.668905171673316, -0.966860361651017 ], [ 102.67016089706884, -0.966858993720789 ] ] ], [ [ [ 102.828014189570695, -0.435162024114873 ], [ 102.827417747786228, -0.435396611291698 ], [ 102.827207613054441, -0.436028608705462 ], [ 102.826490376231362, -0.43624604424651 ], [ 102.825894180575105, -0.436968510843722 ], [ 102.825356261254584, -0.437149327373219 ], [ 102.825056028152147, -0.436932413221544 ], [ 102.824966149629844, -0.436517636188434 ], [ 102.824338150249318, -0.435886066198306 ], [ 102.822755140668733, -0.435706335574691 ], [ 102.822006490488761, -0.43534563637448 ], [ 102.821051296072, -0.435436395071633 ], [ 102.820872049240378, -0.435617027970189 ], [ 102.82075110756827, -0.435309749687748 ], [ 102.820482055157854, -0.435219616423451 ], [ 102.819944132047851, -0.435400432606833 ], [ 102.819237275719132, -0.435220251989635 ], [ 102.818778570160916, -0.435671840518629 ], [ 102.818061216491984, -0.435672207030748 ], [ 102.817511294589778, -0.435401674925607 ], [ 102.816715994857788, -0.435311809777983 ], [ 102.816614464774261, -0.435131319377964 ], [ 102.816267511528494, -0.435041225191847 ], [ 102.815998730391527, -0.435492718080812 ], [ 102.815999322182421, -0.43666624297044 ], [ 102.815730815670435, -0.437659363542578 ], [ 102.815911207957399, -0.439735508102832 ], [ 102.815732466404626, -0.440909125765965 ], [ 102.815733296351624, -0.442534006864659 ], [ 102.815643950348289, -0.443165951636108 ], [ 102.815464703680121, -0.44334658717065 ], [ 102.815286013176532, -0.444610477403167 ], [ 102.8152862257473, -0.44502380340303 ], [ 102.815453795181696, -0.445023716020515 ], [ 102.815465724000603, -0.445332553566849 ], [ 102.814748366622041, -0.445332927881377 ], [ 102.814659441666549, -0.446777315220585 ], [ 102.814279965749364, -0.447256367089685 ], [ 102.81340431179467, -0.44725682582392 ], [ 102.812666094807881, -0.447618298554549 ], [ 102.812307414906968, -0.447618486543353 ], [ 102.811051754237525, -0.447077514371621 ], [ 102.810534777763806, -0.447077784877848 ], [ 102.810334486203431, -0.447258433201721 ], [ 102.808472407866361, -0.447169135603946 ], [ 102.807486219375534, -0.44753073961398 ], [ 102.807396721188681, -0.447864378026275 ], [ 102.807106819302405, -0.448162842898437 ], [ 102.806389501301794, -0.448253490925519 ], [ 102.806120442723923, -0.448163359700529 ], [ 102.805940961465708, -0.4478926370347 ], [ 102.806029840712753, -0.44635796275695 ], [ 102.806387998370269, -0.445337285109288 ], [ 102.801477146477808, -0.445339840079673 ], [ 102.801387382767231, -0.445159341330108 ], [ 102.801375546941557, -0.4450310440476 ], [ 102.801644467679964, -0.44485035895586 ], [ 102.801643886486545, -0.443714845085869 ], [ 102.801464432639321, -0.443496361928714 ], [ 102.801464221564856, -0.443083029244855 ], [ 102.801027497934257, -0.442812436903233 ], [ 102.801015616434441, -0.442593866807279 ], [ 102.801732893030433, -0.442412950831447 ], [ 102.802449985099685, -0.441870944789066 ], [ 102.802718997932402, -0.441870805968766 ], [ 102.803167214591895, -0.441599757081987 ], [ 102.804063968881152, -0.441689566911363 ], [ 102.804691342589834, -0.441057336607393 ], [ 102.804870683998629, -0.441057244177639 ], [ 102.805049887681818, -0.440786334840745 ], [ 102.805049704229347, -0.440425245636626 ], [ 102.80522895387378, -0.440244608766273 ], [ 102.805407471736245, -0.438619615750181 ], [ 102.805586767278669, -0.438529251569132 ], [ 102.805586630360793, -0.438258434834373 ], [ 102.805765925892516, -0.438168070743526 ], [ 102.805855414053738, -0.437806935952358 ], [ 102.805496295627279, -0.436942427475794 ], [ 102.805059667107372, -0.436852378113181 ], [ 102.804521461398195, -0.436491563328868 ], [ 102.804320712382122, -0.435769486493949 ], [ 102.803513644265891, -0.435707121729974 ], [ 102.803423792227434, -0.435346077473554 ], [ 102.803244405361838, -0.435255896179109 ], [ 102.803333578577906, -0.434262853272265 ], [ 102.803712886107604, -0.433422711812716 ], [ 102.804776829633568, -0.432752235987214 ], [ 102.80541638373208, -0.432932457124441 ], [ 102.808453361684855, -0.432840647908363 ], [ 102.808811862175716, -0.432479378685864 ], [ 102.808923166499454, -0.431028169316546 ], [ 102.809371292671784, -0.430576584001657 ], [ 102.810088742939584, -0.430756766142286 ], [ 102.810514963678898, -0.431214712411955 ], [ 102.810706388419405, -0.431846517909008 ], [ 102.811053298353499, -0.431846342569136 ], [ 102.811692937757101, -0.432207105729958 ], [ 102.81239857166463, -0.432297020221599 ], [ 102.812948540606925, -0.432657827794325 ], [ 102.813474789071591, -0.43265756114758 ], [ 102.813833148624994, -0.432018677412792 ], [ 102.813754641057798, -0.430799749968261 ], [ 102.813933688517167, -0.430213198781955 ], [ 102.813933396808537, -0.429626131725635 ], [ 102.813664119180373, -0.429084638733243 ], [ 102.813573556153301, -0.42727925572351 ], [ 102.81384245370279, -0.427053745838233 ], [ 102.813852862908021, -0.426692655044149 ], [ 102.814111239754055, -0.426602254535407 ], [ 102.813942265545563, -0.426150982036338 ], [ 102.814290311936929, -0.426060536943455 ], [ 102.814289801160285, -0.42502211348249 ], [ 102.814648124640939, -0.424299764563198 ], [ 102.81464794760835, -0.423938679398809 ], [ 102.814827242289326, -0.423848319052092 ], [ 102.814737263450638, -0.423216464607923 ], [ 102.815532588062638, -0.423358582561324 ], [ 102.815801728744816, -0.423629262607552 ], [ 102.81581380832759, -0.4242611549392 ], [ 102.816519570276071, -0.424621888461507 ], [ 102.816545779125519, -0.424892688753698 ], [ 102.816800588362497, -0.425111134052825 ], [ 102.8166217165397, -0.426059372961643 ], [ 102.817339070520362, -0.42605901467115 ], [ 102.817787171711217, -0.425561997253027 ], [ 102.817876663153982, -0.425200868712289 ], [ 102.817786506093896, -0.424207932870804 ], [ 102.818324432171963, -0.424027123441182 ], [ 102.818862180885048, -0.42348523082081 ], [ 102.819041518906275, -0.423485141743405 ], [ 102.819130966801481, -0.42303374311873 ], [ 102.819310260561807, -0.422943383332068 ], [ 102.819130790090256, -0.422672659850736 ], [ 102.819220203220169, -0.422149293116716 ], [ 102.818951099153168, -0.421950582070187 ], [ 102.818951011009176, -0.421770040397647 ], [ 102.819758031546527, -0.421769641130917 ], [ 102.819772611045479, -0.422329561103632 ], [ 102.819593361480315, -0.422510191491215 ], [ 102.819593573374462, -0.422943242771852 ], [ 102.819773043855719, -0.423213966038288 ], [ 102.819952390645994, -0.423232179548587 ], [ 102.820132029285261, -0.423845682926881 ], [ 102.820745449656229, -0.423935648529736 ], [ 102.820833485444211, -0.42059559036339 ], [ 102.821044028617152, -0.420776027718845 ], [ 102.82110253570977, -0.420685728197731 ], [ 102.821371585905993, -0.420775865965755 ], [ 102.822389587605343, -0.421858609099001 ], [ 102.823075862853543, -0.421948539618541 ], [ 102.824062393067322, -0.42230913206011 ], [ 102.824272980125087, -0.42257983849138 ], [ 102.824869585642219, -0.422669812584765 ], [ 102.82517019536175, -0.423662635510022 ], [ 102.825798184245059, -0.424294213846984 ], [ 102.826394700196246, -0.424203646364932 ], [ 102.826663571683667, -0.423932702202051 ], [ 102.827380917012121, -0.423932344763394 ], [ 102.8278294351759, -0.424293200908842 ], [ 102.827950327571656, -0.424510208213383 ], [ 102.827861818443637, -0.426857270126647 ], [ 102.827682571612741, -0.427037899939463 ], [ 102.827682840071574, -0.427579519395987 ], [ 102.827324167441716, -0.427579699675441 ], [ 102.82732423887326, -0.427723711752625 ], [ 102.82792079842595, -0.427723411793884 ], [ 102.82804167359545, -0.427903890797896 ], [ 102.828369273309718, -0.427993995840407 ], [ 102.828490193334872, -0.428264744527063 ], [ 102.828759260492632, -0.428391406612042 ], [ 102.828938937627896, -0.429076946727478 ], [ 102.829387475700415, -0.429474327132037 ], [ 102.829746534637508, -0.430250045450801 ], [ 102.830015628627038, -0.430430448634527 ], [ 102.830701854359305, -0.430430101158024 ], [ 102.830733152229485, -0.430791163739188 ], [ 102.831509180692763, -0.431061578958064 ], [ 102.831988881137022, -0.431549210609777 ], [ 102.832168424573098, -0.431963939075898 ], [ 102.833572080173255, -0.43214376393332 ], [ 102.833782668568574, -0.432414464632899 ], [ 102.83402055392267, -0.432414343510051 ], [ 102.834141429425628, -0.432594820452219 ], [ 102.834648407890711, -0.432775100558452 ], [ 102.834859269016619, -0.43358741560201 ], [ 102.835487232506367, -0.434165236979072 ], [ 102.83548757877557, -0.434850862141917 ], [ 102.835666977657112, -0.434977566793946 ], [ 102.835936390943914, -0.435789850223338 ], [ 102.83503994554556, -0.43624165616226 ], [ 102.834591837031113, -0.43669323238222 ], [ 102.833964255804489, -0.436874093645204 ], [ 102.833067533678147, -0.436784285527928 ], [ 102.832888289916141, -0.436964916448289 ], [ 102.832888473257483, -0.437325993865336 ], [ 102.832709229554169, -0.437506624933545 ], [ 102.832440226336999, -0.437506763465259 ], [ 102.831960495095856, -0.436965393635433 ], [ 102.831781186752607, -0.437019227705487 ], [ 102.831601503454308, -0.436333691640098 ], [ 102.83142207633307, -0.436153244700941 ], [ 102.830197797300102, -0.436063603278248 ], [ 102.830018552730039, -0.436244234587678 ], [ 102.830018735632265, -0.4366053132248 ], [ 102.829570395523703, -0.436605543468476 ], [ 102.828852822323256, -0.436154562887347 ], [ 102.828552380933587, -0.435522828105338 ], [ 102.82822478017701, -0.435432725991499 ], [ 102.828014189570695, -0.435162024114873 ] ], [ [ 102.816722240211817, -0.426600949318374 ], [ 102.816801299755568, -0.426555471059793 ], [ 102.816722217792758, -0.426555510601901 ], [ 102.816722240211817, -0.426600949318374 ] ], [ [ 102.804973988058137, -0.444706114790229 ], [ 102.805153422096566, -0.444886566167087 ], [ 102.804884436719959, -0.444938947785278 ], [ 102.805769373672717, -0.444938487623087 ], [ 102.80603812727891, -0.444434745047841 ], [ 102.805948364134579, -0.444254247220812 ], [ 102.805511780896992, -0.444254473916554 ], [ 102.805422249010704, -0.444525337257276 ], [ 102.804973988058137, -0.444706114790229 ] ] ], [ [ [ 102.666387575477856, -0.369477725601895 ], [ 102.667374211889125, -0.369748174890155 ], [ 102.668450679913278, -0.370379731959571 ], [ 102.668540505621522, -0.370723847282664 ], [ 102.669347854007654, -0.371191935108734 ], [ 102.669527401144705, -0.371626298803513 ], [ 102.670424582539994, -0.372455492654364 ], [ 102.670424650314374, -0.372619072130453 ], [ 102.670604024897315, -0.372635989850757 ], [ 102.670963022051936, -0.373267842652109 ], [ 102.670873713623536, -0.374170742609238 ], [ 102.67060473749892, -0.374351428589035 ], [ 102.670604812700034, -0.37453200108733 ], [ 102.670425445121083, -0.374532076810027 ], [ 102.669977214144495, -0.374983697665448 ], [ 102.669439110890679, -0.374983925057614 ], [ 102.669259818367479, -0.37516457361939 ], [ 102.668678612937939, -0.375057539737672 ], [ 102.667960847081787, -0.374352543834619 ], [ 102.667512344572074, -0.374155166664733 ], [ 102.666345933179628, -0.372908637470343 ], [ 102.66616655773376, -0.372891719636312 ], [ 102.665448679996999, -0.371915859456071 ], [ 102.664910492610474, -0.371718517887213 ], [ 102.664820703523944, -0.371464688059541 ], [ 102.664641327829443, -0.371447769873519 ], [ 102.664641260374481, -0.371284189331481 ], [ 102.664102998316338, -0.370906273328824 ], [ 102.664013172259715, -0.370562156259589 ], [ 102.663833759302776, -0.370454950921012 ], [ 102.664012942576591, -0.370003441555546 ], [ 102.664281958650847, -0.369913042646275 ], [ 102.664281884505186, -0.369732468860186 ], [ 102.665178690690311, -0.369641808885015 ], [ 102.665447669372298, -0.369461123393405 ], [ 102.665716759137752, -0.369551298244892 ], [ 102.665716685035662, -0.369370724750262 ], [ 102.665896016422565, -0.369280363437628 ], [ 102.666208133051512, -0.36929722682227 ], [ 102.666387575477856, -0.369477725601895 ] ] ], [ [ [ 102.649907101229005, -0.34674653610083 ], [ 102.649548428034763, -0.34692725230106 ], [ 102.6495485008613, -0.347117032318899 ], [ 102.649369164233917, -0.347207390506429 ], [ 102.649279712270896, -0.347815602481127 ], [ 102.649528519494467, -0.348086370718805 ], [ 102.649697641226183, -0.347996016351852 ], [ 102.650504881037094, -0.34817627808963 ], [ 102.650784361229313, -0.348717898678742 ], [ 102.650963737909308, -0.34873246713845 ], [ 102.650964046099418, -0.349530422781923 ], [ 102.651322968442443, -0.349996361828274 ], [ 102.651592439382384, -0.351065075866033 ], [ 102.651851316049203, -0.351155262122051 ], [ 102.652216264730015, -0.352057999742355 ], [ 102.652389779858936, -0.352057931228264 ], [ 102.652658976798236, -0.352418977284705 ], [ 102.652665291050255, -0.353592719942159 ], [ 102.652934390488994, -0.353703312317891 ], [ 102.653024642565825, -0.355147885342589 ], [ 102.652755728472442, -0.355509144792255 ], [ 102.652845733966984, -0.35632170153054 ], [ 102.652576784610829, -0.356592673317759 ], [ 102.652576855893884, -0.356773249483767 ], [ 102.65203888585151, -0.357134617358426 ], [ 102.651859657664602, -0.357495841821082 ], [ 102.651859971379508, -0.358288024149688 ], [ 102.652123243794037, -0.358468494649621 ], [ 102.652488244017746, -0.359481928125787 ], [ 102.652399198411302, -0.3610867390354 ], [ 102.652578822149806, -0.361718682962257 ], [ 102.653117043299744, -0.361989328702343 ], [ 102.653469929224073, -0.361989185392556 ], [ 102.653565542661937, -0.362169722553781 ], [ 102.654008149959537, -0.362259830645154 ], [ 102.654193448726701, -0.362440331186626 ], [ 102.654725632324784, -0.362259538966271 ], [ 102.655353428920421, -0.362259283700527 ], [ 102.655718170289134, -0.362620286487801 ], [ 102.656071055207718, -0.362620142826148 ], [ 102.656878366172577, -0.36298096475547 ], [ 102.657063737243618, -0.363342039759769 ], [ 102.657775507088061, -0.363702899574238 ], [ 102.657871156928479, -0.363973723177352 ], [ 102.658134392547552, -0.3640639030835 ], [ 102.658140365783666, -0.364355174167175 ], [ 102.657686085336707, -0.364355360095319 ], [ 102.657507316631509, -0.365841483276056 ], [ 102.658046877015181, -0.366382986802915 ], [ 102.659570631572933, -0.367223374133195 ], [ 102.659481277990594, -0.368035997573087 ], [ 102.658675529010168, -0.368487768177161 ], [ 102.658674372167383, -0.368668343611826 ], [ 102.658405428084876, -0.368939317522825 ], [ 102.6580467251176, -0.369029753734174 ], [ 102.657102613595086, -0.368892510717449 ], [ 102.656653986122933, -0.368398317200072 ], [ 102.65616296962358, -0.36812765711199 ], [ 102.655846488380107, -0.367586061326069 ], [ 102.654949506451118, -0.367268221054777 ], [ 102.654458342772372, -0.366636408169095 ], [ 102.653693581524678, -0.366456146833341 ], [ 102.652348031887684, -0.365796380544411 ], [ 102.651319004077251, -0.365782164084027 ], [ 102.650124809473297, -0.365255562327227 ], [ 102.649614762292032, -0.365255771134016 ], [ 102.648817913940832, -0.365526962725287 ], [ 102.64666537716694, -0.365347266697476 ], [ 102.645948070393501, -0.365799003974306 ], [ 102.645589581212732, -0.366431172409266 ], [ 102.645589764053796, -0.366882616349091 ], [ 102.645051756345836, -0.367153703879036 ], [ 102.644962143301825, -0.367334318439484 ], [ 102.644962583503826, -0.368417784652949 ], [ 102.644335214619304, -0.369486871798132 ], [ 102.644278328369936, -0.370793881958907 ], [ 102.643650875829039, -0.371654090707318 ], [ 102.643651338712203, -0.372780500070294 ], [ 102.643519302371544, -0.373098769604418 ], [ 102.643203166515292, -0.373412710297827 ], [ 102.641678568646242, -0.373593925479377 ], [ 102.641230321305898, -0.37404555895343 ], [ 102.640871611562517, -0.37413599825269 ], [ 102.640513162796111, -0.374858462703721 ], [ 102.639526719317729, -0.375129744279014 ], [ 102.639526794037963, -0.375310323076124 ], [ 102.638988747120095, -0.375491127685979 ], [ 102.638766836897133, -0.375357989494098 ], [ 102.638587032888722, -0.374317532618275 ], [ 102.638407566658358, -0.374094086793235 ], [ 102.638407417783995, -0.37373292874621 ], [ 102.638586754594158, -0.373642564349617 ], [ 102.638676292878259, -0.373281368966956 ], [ 102.638586363653232, -0.372692321730575 ], [ 102.638048019185476, -0.372150808512691 ], [ 102.637372929750967, -0.371970509898294 ], [ 102.636971552132351, -0.371609517964549 ], [ 102.636655284714905, -0.371609649220076 ], [ 102.636655395669749, -0.371880518286839 ], [ 102.636386445147409, -0.372151499171615 ], [ 102.63620707073045, -0.372151573712519 ], [ 102.635715987711407, -0.371747676614233 ], [ 102.635626189560497, -0.371476844459741 ], [ 102.635715618403808, -0.370844778776855 ], [ 102.636074293584969, -0.370664050739532 ], [ 102.636074146170785, -0.370302891748449 ], [ 102.636522361240324, -0.369760968105826 ], [ 102.636522177421625, -0.369309519591877 ], [ 102.63697046618455, -0.368948176009243 ], [ 102.636970392782828, -0.36876759669377 ], [ 102.637149730289622, -0.368677233175491 ], [ 102.637239160794181, -0.368045168828811 ], [ 102.637508148739414, -0.367864479011115 ], [ 102.637508075542527, -0.367683899803652 ], [ 102.637687449609132, -0.367683826131283 ], [ 102.637956400900251, -0.367412846940289 ], [ 102.638135628668408, -0.367051615151016 ], [ 102.637866275755101, -0.3663294089393 ], [ 102.637748156768481, -0.365426561329271 ], [ 102.637389263330803, -0.365065549303419 ], [ 102.63678952180841, -0.365065793840561 ], [ 102.636312739049487, -0.364370951804278 ], [ 102.630631380561425, -0.364369822272421 ], [ 102.630421389949916, -0.364255774884912 ], [ 102.630421317612289, -0.364075194247877 ], [ 102.630835405832798, -0.363984735875055 ], [ 102.630778674309582, -0.360577569942875 ], [ 102.630509539723633, -0.360397097488021 ], [ 102.630181394221509, -0.360487519686552 ], [ 102.630061065471196, -0.360306987300964 ], [ 102.629643232041957, -0.360397445523221 ], [ 102.6295538931154, -0.36127654323829 ], [ 102.629822965873657, -0.361300277261011 ], [ 102.630002484944313, -0.361661366465338 ], [ 102.629554118003995, -0.361842128053204 ], [ 102.629464502094166, -0.362022745054194 ], [ 102.629016063026185, -0.362022925983325 ], [ 102.628536972876105, -0.3618186958005 ], [ 102.628267801487127, -0.361547932664595 ], [ 102.628267667476067, -0.361210612932488 ], [ 102.627639699160426, -0.360825860751671 ], [ 102.627729351311672, -0.360735534110856 ], [ 102.627639458151947, -0.360217668985393 ], [ 102.627370179925165, -0.359676033191881 ], [ 102.626952309489297, -0.359676200598625 ], [ 102.62683198054151, -0.359495667411384 ], [ 102.626145045609334, -0.359495942421308 ], [ 102.626145116953268, -0.359676523920575 ], [ 102.625965740735609, -0.359676595760177 ], [ 102.625935099798596, -0.359496026461366 ], [ 102.625396899629393, -0.359315660199194 ], [ 102.625337923691689, -0.359676847170945 ], [ 102.625068894784818, -0.359767245762957 ], [ 102.62515869006954, -0.360038082389633 ], [ 102.624800008615367, -0.360218807940136 ], [ 102.624979590130025, -0.360736638716678 ], [ 102.625248700001436, -0.360850663998504 ], [ 102.625248843227382, -0.361211827356317 ], [ 102.624979778573902, -0.361211935547645 ], [ 102.62497985023532, -0.361392517280512 ], [ 102.624710893047308, -0.361663498198206 ], [ 102.624172799174019, -0.361754005758784 ], [ 102.624172906816895, -0.362024878601032 ], [ 102.623993566056527, -0.362115241835793 ], [ 102.623904057328858, -0.362566732849875 ], [ 102.623724716555216, -0.362657096214346 ], [ 102.623724860437378, -0.363018260183342 ], [ 102.623366250879855, -0.363379569210036 ], [ 102.623097185598695, -0.363379677994195 ], [ 102.622828228323399, -0.363650660016891 ], [ 102.62246947437184, -0.363650805147329 ], [ 102.622349108056881, -0.363379980402511 ], [ 102.622200300746414, -0.363380040550026 ], [ 102.622200625191383, -0.364192660856693 ], [ 102.621841870967955, -0.364192806178289 ], [ 102.621806824091721, -0.352812698354407 ], [ 102.621633303021824, -0.352812766441194 ], [ 102.621627377245758, -0.352632186329052 ], [ 102.621005448469802, -0.35272272149261 ], [ 102.620377488760965, -0.352361802384124 ], [ 102.620371346087509, -0.351619062241147 ], [ 102.620640307396258, -0.351348083143991 ], [ 102.620729829916698, -0.35091700341072 ], [ 102.620466515864109, -0.350646232137549 ], [ 102.620460555825233, -0.350375360452912 ], [ 102.620197311244425, -0.350285171630196 ], [ 102.61992810670786, -0.349924110898696 ], [ 102.619383462181318, -0.348208785295805 ], [ 102.618845054529416, -0.34748666166329 ], [ 102.6180436772771, -0.347396679504115 ], [ 102.617864402871277, -0.347667623487029 ], [ 102.617864636173664, -0.348279252726788 ], [ 102.618307293213434, -0.348459664544517 ], [ 102.618492637972977, -0.348750879216298 ], [ 102.618492776141011, -0.349112045297479 ], [ 102.618313433162356, -0.3492024064183 ], [ 102.618313502314493, -0.349382989494717 ], [ 102.618134055583624, -0.349202476015446 ], [ 102.618134228522422, -0.349653933796311 ], [ 102.617954885512248, -0.349744295054105 ], [ 102.617955016219454, -0.350085049507719 ], [ 102.618128537948522, -0.350084982015853 ], [ 102.618397743022669, -0.35044604347347 ], [ 102.618493600291586, -0.351258629947218 ], [ 102.61876277096259, -0.351529399403281 ], [ 102.619115704835252, -0.351619552998728 ], [ 102.619384910303665, -0.351980613571531 ], [ 102.619391158018615, -0.352994228814812 ], [ 102.619211850502623, -0.35317488208327 ], [ 102.618583994223769, -0.353084836979873 ], [ 102.618314997732952, -0.353265525617444 ], [ 102.617956242385389, -0.353265666427888 ], [ 102.617597382047691, -0.352994932396557 ], [ 102.617591351574063, -0.352543476643041 ], [ 102.617411904027264, -0.352362963635993 ], [ 102.617148693195929, -0.352363066657124 ], [ 102.617148762951373, -0.35254364996599 ], [ 102.616969385076885, -0.35254372020646 ], [ 102.616604486672429, -0.351801117424217 ], [ 102.616694079120435, -0.351550619152518 ], [ 102.615803044950823, -0.351550967001316 ], [ 102.615617706626907, -0.351280163879219 ], [ 102.615264771462961, -0.351190009666804 ], [ 102.614989597447959, -0.350537661841751 ], [ 102.614899535341806, -0.349564897969343 ], [ 102.614725978435743, -0.349474673402974 ], [ 102.614720053410181, -0.349294091877548 ], [ 102.61445680734289, -0.349203902000607 ], [ 102.614091781004035, -0.348120539774058 ], [ 102.613828569320745, -0.348120641461541 ], [ 102.613553542495154, -0.347849871618781 ], [ 102.613380088716127, -0.348030522661228 ], [ 102.613111020893996, -0.34803062656365 ], [ 102.613111227464586, -0.348572378923385 ], [ 102.612932021240766, -0.349023908684269 ], [ 102.612836330277958, -0.348642365373178 ], [ 102.612924716544342, -0.345211231686192 ], [ 102.61310409508539, -0.345211162983432 ], [ 102.613110121743446, -0.345662621043588 ], [ 102.615794939768335, -0.345661590992598 ], [ 102.616243145485981, -0.345029376642611 ], [ 102.617588478691616, -0.345028861088298 ], [ 102.617684091716384, -0.345209407670969 ], [ 102.617947302192462, -0.345209306726422 ], [ 102.617953260638288, -0.345480179205843 ], [ 102.618670907481714, -0.345841069790248 ], [ 102.619023772132365, -0.345750642695056 ], [ 102.619023703685968, -0.34557005975978 ], [ 102.620016202926621, -0.34575026130867 ], [ 102.620817509641299, -0.345659661993395 ], [ 102.621002818745609, -0.345860585112183 ], [ 102.620913259622327, -0.346201372939765 ], [ 102.621176503482602, -0.346291562866357 ], [ 102.621086643596328, -0.345840141100113 ], [ 102.621361701975204, -0.346201200303499 ], [ 102.621535222976192, -0.346201133497617 ], [ 102.621534983091905, -0.345569094989097 ], [ 102.621803945645681, -0.345298118015569 ], [ 102.621803782414332, -0.34486707382772 ], [ 102.621265481186512, -0.34441582400152 ], [ 102.620105420697172, -0.344506559602465 ], [ 102.620099496591038, -0.344325979125305 ], [ 102.619925975347044, -0.344326045543039 ], [ 102.619830362701791, -0.34414549933878 ], [ 102.619387980192883, -0.344687417225622 ], [ 102.619208534674001, -0.344506903044718 ], [ 102.619118948392426, -0.344777811759136 ], [ 102.618401370596359, -0.34459750360067 ], [ 102.618485067043764, -0.344236305413453 ], [ 102.61831151141898, -0.344146080244938 ], [ 102.618305545667369, -0.3438547960292 ], [ 102.618664300519598, -0.343854658956632 ], [ 102.618843609824509, -0.343674007443141 ], [ 102.618843277695007, -0.342791504403985 ], [ 102.618131657902438, -0.342882067028937 ], [ 102.617766979119267, -0.342701622735817 ], [ 102.61723470221871, -0.342701825370274 ], [ 102.616690502246541, -0.342139870347317 ], [ 102.616869846130413, -0.34204951050054 ], [ 102.616869744633945, -0.341778635447272 ], [ 102.617138811157758, -0.341778533305314 ], [ 102.617587119955189, -0.3414171966018 ], [ 102.617586992498801, -0.341076442002686 ], [ 102.617413470828794, -0.341076507748014 ], [ 102.617407513704862, -0.340805635074679 ], [ 102.617228094759454, -0.340694999473169 ], [ 102.617227799291442, -0.339902786493416 ], [ 102.616874933555096, -0.339993211410491 ], [ 102.616785514129305, -0.340715578823781 ], [ 102.616247482012724, -0.340986657686063 ], [ 102.616247684581055, -0.341528408167704 ], [ 102.615619895748807, -0.341618938063991 ], [ 102.615434560532648, -0.34134813283491 ], [ 102.615171349427627, -0.341348232581168 ], [ 102.615075703248593, -0.34107739319372 ], [ 102.614722769263651, -0.340987234907643 ], [ 102.614716812223946, -0.340716361422688 ], [ 102.614363878150598, -0.340626202945911 ], [ 102.614357921225903, -0.340355329350281 ], [ 102.61418439894662, -0.340355394898125 ], [ 102.613998929448044, -0.339723421058749 ], [ 102.613729761324677, -0.339452646499655 ], [ 102.613556238940546, -0.339452711862309 ], [ 102.61328098037697, -0.338549894967617 ], [ 102.613107524869292, -0.338730544272655 ], [ 102.613107725923868, -0.339272296645057 ], [ 102.612928381032546, -0.339362656245933 ], [ 102.612832727710241, -0.339071403991037 ], [ 102.612831030130195, -0.33446650739563 ], [ 102.613010408491704, -0.334466440832946 ], [ 102.613106284638675, -0.335369326007037 ], [ 102.613279807037102, -0.335369261438672 ], [ 102.613369396768661, -0.335098351954167 ], [ 102.613548775034474, -0.335098285255815 ], [ 102.613548642596626, -0.33473711718128 ], [ 102.613817709918607, -0.334737017235418 ], [ 102.613996988841706, -0.334466074679423 ], [ 102.614355711997092, -0.334375649570176 ], [ 102.614355579815538, -0.334014481818547 ], [ 102.614624646876862, -0.334014382066205 ], [ 102.614630568869941, -0.334194963715884 ], [ 102.61498340283363, -0.334014249051594 ], [ 102.615521602595024, -0.334194633147176 ], [ 102.615252436676229, -0.333923857433955 ], [ 102.61525233763615, -0.333652981889647 ], [ 102.615611093329846, -0.333652848995912 ], [ 102.61543754587214, -0.333583033346016 ], [ 102.61543158356595, -0.333291748123656 ], [ 102.615880028055116, -0.333291582176071 ], [ 102.615790207370139, -0.332930448190008 ], [ 102.616148896967999, -0.332749732047562 ], [ 102.616423918166049, -0.333020505652224 ], [ 102.616776817469528, -0.33302037513337 ], [ 102.616776685735957, -0.33265920835161 ], [ 102.617225096611563, -0.332568751006911 ], [ 102.61722496504045, -0.332207584404651 ], [ 102.617404375367087, -0.332297809843816 ], [ 102.617404284179344, -0.332047346801802 ], [ 102.617224899308511, -0.332027001103402 ], [ 102.617404211051465, -0.331846351680601 ], [ 102.617404079759822, -0.331485185149672 ], [ 102.617583457156741, -0.331485119096906 ], [ 102.617583391561297, -0.331304535867308 ], [ 102.617942080675277, -0.331123820666273 ], [ 102.617941982393063, -0.330852945929569 ], [ 102.61812135967142, -0.330852879992993 ], [ 102.618121294191411, -0.330672296871082 ], [ 102.618479957866029, -0.33042170231665 ], [ 102.618127059322276, -0.330421831877937 ], [ 102.618037468848769, -0.330692739511963 ], [ 102.617320024935083, -0.33087358638767 ], [ 102.617230434489386, -0.331144494301975 ], [ 102.616961433836792, -0.331325176622879 ], [ 102.616602645987584, -0.331235016925556 ], [ 102.616507035770383, -0.331054468627028 ], [ 102.616154169186444, -0.331144890123928 ], [ 102.616154234724419, -0.331325473640247 ], [ 102.615885168192833, -0.331325572631383 ], [ 102.615879246754403, -0.331144991214275 ], [ 102.61570572493055, -0.331145055015162 ], [ 102.615699803530021, -0.330964473560726 ], [ 102.615436560049247, -0.330874278449706 ], [ 102.615251057429518, -0.330131599797397 ], [ 102.615430435231048, -0.330131534053449 ], [ 102.615430272076324, -0.329680074898587 ], [ 102.615609617228316, -0.329589717428257 ], [ 102.615609519464641, -0.329318841988993 ], [ 102.615788897180224, -0.329318776400405 ], [ 102.615788832045865, -0.329138192810097 ], [ 102.616147522258373, -0.328957478176701 ], [ 102.616237080957717, -0.328596278412768 ], [ 102.616416458535411, -0.328596212956744 ], [ 102.616512068250685, -0.328776761536043 ], [ 102.616685524834921, -0.328596114766651 ], [ 102.616691445776809, -0.328776696039093 ], [ 102.616954721185806, -0.328957183282649 ], [ 102.616954591054039, -0.328596016569292 ], [ 102.617133968488758, -0.32859595110035 ], [ 102.617133910820371, -0.328435779641667 ], [ 102.61704399482764, -0.327803770674178 ], [ 102.616691095812925, -0.327803899158019 ], [ 102.616691160699446, -0.327984482567872 ], [ 102.616511718304068, -0.32780396446117 ], [ 102.616505725421916, -0.327422387822324 ], [ 102.616685102925189, -0.327422322595295 ], [ 102.616684948368132, -0.326991275939342 ], [ 102.616326096329288, -0.326720530993302 ], [ 102.616062918199987, -0.326810918256876 ], [ 102.615967179677128, -0.326269202262823 ], [ 102.615434902597897, -0.326269395085287 ], [ 102.61534534288991, -0.326630594933646 ], [ 102.61471748829122, -0.326540530674894 ], [ 102.614711560519751, -0.326339537073029 ], [ 102.615070316166822, -0.326339407111617 ], [ 102.615159722214514, -0.325547159797014 ], [ 102.614717133622563, -0.325547319740321 ], [ 102.614717198027407, -0.325727903546782 ], [ 102.614268914446015, -0.326179525416854 ], [ 102.614269043525525, -0.326540693208927 ], [ 102.613999976558958, -0.326540790719719 ], [ 102.614000073455159, -0.326811666644459 ], [ 102.61382066312197, -0.326721439708697 ], [ 102.613641414332164, -0.327082672787868 ], [ 102.613545772402432, -0.326811831404823 ], [ 102.61336638698171, -0.326791484506218 ], [ 102.613366322390618, -0.326610900429415 ], [ 102.613545732797306, -0.32670112744089 ], [ 102.613545675518353, -0.32654095534352 ], [ 102.613103086090163, -0.32654111570354 ], [ 102.613013784955712, -0.327624653081598 ], [ 102.612834406717838, -0.327624718282764 ], [ 102.61282683986893, -0.322818827541984 ], [ 102.613006218023486, -0.32281876329737 ], [ 102.613101922664569, -0.32327018940424 ], [ 102.613454790975112, -0.323179770792793 ], [ 102.613819530802417, -0.323540808008622 ], [ 102.614262119748105, -0.323540649090534 ], [ 102.614351744727557, -0.323360033003544 ], [ 102.614357664604157, -0.323540614781194 ], [ 102.614537049699507, -0.32356096228688 ], [ 102.614357728605754, -0.323721198660425 ], [ 102.614710628392743, -0.323721071858545 ], [ 102.614716523557945, -0.323831773575074 ], [ 102.614537177752794, -0.323922129973341 ], [ 102.61453724183302, -0.324102713816455 ], [ 102.614268175011119, -0.324102810606405 ], [ 102.614178574980144, -0.324353306811237 ], [ 102.614268328101559, -0.324533858421442 ], [ 102.614531506937396, -0.324443471690113 ], [ 102.614896246912096, -0.32480450792307 ], [ 102.615338610723754, -0.324172305448871 ], [ 102.615248729658617, -0.323630586625553 ], [ 102.615607484996161, -0.323630457723813 ], [ 102.615523748151844, -0.323901363314505 ], [ 102.615786958691686, -0.32390126865717 ], [ 102.615786894629196, -0.323720685064524 ], [ 102.61596627221023, -0.323720620587718 ], [ 102.615972256277914, -0.324081785593705 ], [ 102.616145777928907, -0.324081723149068 ], [ 102.616235409829514, -0.323921519251952 ], [ 102.616061888198502, -0.323921581667266 ], [ 102.616055960987353, -0.323720588348122 ], [ 102.616325059296628, -0.323810783366939 ], [ 102.616504116843061, -0.322907801617828 ], [ 102.617042217059065, -0.322817316954762 ], [ 102.617137825521013, -0.322997866017879 ], [ 102.617311346928972, -0.322997803762057 ], [ 102.617407019388338, -0.323358936017346 ], [ 102.617676124497578, -0.323469542822777 ], [ 102.617496875383438, -0.323830773779539 ], [ 102.617496996395374, -0.324171528424694 ], [ 102.61767644508609, -0.324372458891115 ], [ 102.617407379195001, -0.324372555845645 ], [ 102.617407436154409, -0.324532727256968 ], [ 102.617850023379916, -0.324532567693624 ], [ 102.617849702617562, -0.32362965179969 ], [ 102.617945279130666, -0.323719909026786 ], [ 102.618477522550748, -0.323629426051877 ], [ 102.618573106247652, -0.323740095039745 ], [ 102.618483474586398, -0.323900298523736 ], [ 102.618656995750257, -0.323900236070783 ], [ 102.618662915782224, -0.324080816978795 ], [ 102.619105438213978, -0.323900074655546 ], [ 102.619374567746405, -0.324080560669718 ], [ 102.619380519934296, -0.324351432867841 ], [ 102.619733449898391, -0.324441597043122 ], [ 102.619560032623525, -0.324732945679452 ], [ 102.619560193514914, -0.325184402767627 ], [ 102.619380816624286, -0.325184467600268 ], [ 102.619380970442293, -0.325615512966683 ], [ 102.619554523710065, -0.325705741585534 ], [ 102.619739917833357, -0.326157131522916 ], [ 102.620098736091407, -0.326337584180395 ], [ 102.620272256985345, -0.32633752122945 ], [ 102.620451536790569, -0.326066582167125 ], [ 102.62072063411901, -0.326156775925293 ], [ 102.620720569522376, -0.325976193323392 ], [ 102.6208162106267, -0.326247032568138 ], [ 102.621169043346754, -0.326066322037041 ], [ 102.621707205199741, -0.326156418107713 ], [ 102.621794210378226, -0.318571925305144 ], [ 102.622063274805456, -0.318571829969077 ], [ 102.622063211688115, -0.318391247634117 ], [ 102.622242587925086, -0.318391184108855 ], [ 102.622332181414279, -0.318120278923537 ], [ 102.627354700879707, -0.318118500416389 ], [ 102.627744060517884, -0.318232495476629 ], [ 102.627564716968479, -0.318322849681125 ], [ 102.627654467742644, -0.31850339908861 ], [ 102.626578247859811, -0.318594071610243 ], [ 102.626457927528094, -0.318413532825688 ], [ 102.625860651376854, -0.318323453800655 ], [ 102.625591682854477, -0.318594421601006 ], [ 102.625053579286146, -0.318661060833607 ], [ 102.626040208128927, -0.31884129235714 ], [ 102.626368389540431, -0.318841175838415 ], [ 102.626547701676884, -0.31866053071432 ], [ 102.627265202847113, -0.318660276065126 ], [ 102.628162205092934, -0.319021119900728 ], [ 102.628192837835741, -0.319201690137724 ], [ 102.628431330977605, -0.319201605317128 ], [ 102.628431235961287, -0.318930733735309 ], [ 102.628969360777575, -0.318930542492035 ], [ 102.629269222681415, -0.319586311481307 ], [ 102.62900043790863, -0.320375179146076 ], [ 102.62962857685028, -0.321301701422523 ], [ 102.629628696106167, -0.321639020671092 ], [ 102.630167116649915, -0.322475283271588 ], [ 102.630257019931648, -0.323083441070216 ], [ 102.630585232030796, -0.323173613173912 ], [ 102.630615865570533, -0.323354182772994 ], [ 102.630764638753632, -0.323263838834694 ], [ 102.630884935961362, -0.323377928113842 ], [ 102.630974816143635, -0.323919637398596 ], [ 102.630885289843846, -0.324371121187983 ], [ 102.630078168239308, -0.324551993810692 ], [ 102.62998873898492, -0.325274349214467 ], [ 102.629630150936293, -0.325725931313156 ], [ 102.630168720575085, -0.326965958484764 ], [ 102.630706983335642, -0.327350765864804 ], [ 102.630527999437234, -0.328434315106676 ], [ 102.630169478428243, -0.32906647891541 ], [ 102.630080019989265, -0.329698544331862 ], [ 102.629991376159623, -0.33256402670879 ], [ 102.630170916314498, -0.333015411959559 ], [ 102.630888589858316, -0.33349043930367 ], [ 102.631247496304951, -0.333917914773721 ], [ 102.631575676300741, -0.333917792570391 ], [ 102.631606311991803, -0.334098361596871 ], [ 102.631755084093328, -0.334008015962628 ], [ 102.631754984576673, -0.333737145392428 ], [ 102.632024046421591, -0.333737045243751 ], [ 102.632413439826934, -0.333941322870601 ], [ 102.632413497447615, -0.334098060815794 ], [ 102.632772345957861, -0.334368797376621 ], [ 102.634894300193949, -0.334458295522295 ], [ 102.635642664749824, -0.335270624403883 ], [ 102.636270581881746, -0.335565100791385 ], [ 102.636450147216252, -0.33608292968234 ], [ 102.640724536477819, -0.336081324551877 ], [ 102.641125812310108, -0.336214404725163 ], [ 102.640498141449058, -0.336575797950171 ], [ 102.639511590006521, -0.336576169111998 ], [ 102.639601444223601, -0.33702758236695 ], [ 102.63942220542404, -0.337388807598612 ], [ 102.639153145701727, -0.33738890904907 ], [ 102.639243017989955, -0.33788767005547 ], [ 102.640097402495044, -0.337887347394952 ], [ 102.64009704886665, -0.336937106306594 ], [ 102.639870470245256, -0.336937191641306 ], [ 102.639648533282724, -0.336713754638206 ], [ 102.640186652311428, -0.336713552108342 ], [ 102.640498309167512, -0.337027244490379 ], [ 102.640498427523909, -0.337345459997362 ], [ 102.641352945277404, -0.337706294630156 ], [ 102.641442732610869, -0.337977128399428 ], [ 102.641442665289858, -0.337796549974444 ], [ 102.642249875844925, -0.337886534172491 ], [ 102.642787589946224, -0.336802861871069 ], [ 102.643235953802588, -0.336622114844983 ], [ 102.643774070667362, -0.336621912170947 ], [ 102.643009324852315, -0.336484563668597 ], [ 102.642877090866435, -0.336304035283549 ], [ 102.642381454242653, -0.336304221736784 ], [ 102.64233892403989, -0.336171006957582 ], [ 102.64574699530813, -0.336169724888537 ], [ 102.645789525394875, -0.336302939144749 ], [ 102.645430781675259, -0.336303074210619 ], [ 102.645430882333869, -0.336573940640235 ], [ 102.644982470070659, -0.336621456935623 ], [ 102.645657544306374, -0.336801780151188 ], [ 102.645789811652989, -0.337072596636056 ], [ 102.646328077583689, -0.337476489869565 ], [ 102.64668715811581, -0.338379241125166 ], [ 102.646507921513901, -0.338740463895806 ], [ 102.646328549771724, -0.338740531933265 ], [ 102.64605959349629, -0.339011500220807 ], [ 102.646059661144918, -0.339192077712435 ], [ 102.645611366864856, -0.339553403170028 ], [ 102.645701172233274, -0.339871582729882 ], [ 102.646107189109387, -0.340052005738872 ], [ 102.646830777233291, -0.340704162160833 ], [ 102.646651541550483, -0.341065385341327 ], [ 102.646508794670837, -0.341065439860649 ], [ 102.64629307046917, -0.341787832126545 ], [ 102.645959116603635, -0.341991067724687 ], [ 102.646138677072656, -0.342489790011354 ], [ 102.646377200159705, -0.342579987266074 ], [ 102.64674197044188, -0.343031290777833 ], [ 102.647549279974342, -0.343392135047178 ], [ 102.64826080761101, -0.343120995733193 ], [ 102.648709270385524, -0.343211111819577 ], [ 102.648798887561554, -0.343030500393779 ], [ 102.648585178979729, -0.342967575164438 ], [ 102.64858507631952, -0.342696709695305 ], [ 102.648888375663759, -0.342509146305547 ], [ 102.648445700442608, -0.3422384506386 ], [ 102.648349878352448, -0.341495768012356 ], [ 102.64843939373651, -0.341044291174666 ], [ 102.649156742846969, -0.34068286326649 ], [ 102.649431995924573, -0.341585642352307 ], [ 102.649605545514106, -0.341675864313523 ], [ 102.64961146945187, -0.341856438843333 ], [ 102.6497849849017, -0.34185637236193 ], [ 102.649701223310615, -0.342036981235147 ], [ 102.64987473874622, -0.342036914717001 ], [ 102.649970382486558, -0.342307743138392 ], [ 102.650323303104528, -0.342397896050836 ], [ 102.650418912704694, -0.342578435988483 ], [ 102.65095123833855, -0.342758808071894 ], [ 102.651130849102955, -0.343390756764553 ], [ 102.651041232273684, -0.343571367776453 ], [ 102.651220637481231, -0.343661586902492 ], [ 102.651220706154476, -0.343842163348127 ], [ 102.651400077007878, -0.343842094193464 ], [ 102.65143078314631, -0.344203235213679 ], [ 102.651669270691826, -0.344203143164555 ], [ 102.651879288002817, -0.344407480223927 ], [ 102.652238270532436, -0.345039358496151 ], [ 102.652417951857501, -0.345851881992933 ], [ 102.65223861573179, -0.345942239690514 ], [ 102.652238719467505, -0.34621310404842 ], [ 102.65188015102963, -0.346664684117734 ], [ 102.651252422311643, -0.346845504601149 ], [ 102.649907101229005, -0.34674653610083 ] ], [ [ 102.615523723359331, -0.323831483390625 ], [ 102.615517860215064, -0.323811073597074 ], [ 102.615517867455921, -0.323831485496027 ], [ 102.615523723359331, -0.323831483390625 ] ], [ [ 102.615517860215064, -0.323811073597074 ], [ 102.615434002502553, -0.323741223804818 ], [ 102.615434027287549, -0.323811103735671 ], [ 102.615517860215064, -0.323811073597074 ] ], [ [ 102.616601050834632, -0.326810722955473 ], [ 102.616684908706873, -0.326880572361247 ], [ 102.616684883678261, -0.326810692527885 ], [ 102.616601050834632, -0.326810722955473 ] ], [ [ 102.644581245356946, -0.336621608104072 ], [ 102.644175278146164, -0.336574413647351 ], [ 102.644175295743537, -0.336621761035796 ], [ 102.644581245356946, -0.336621608104072 ] ], [ [ 102.641622391026047, -0.338742315831109 ], [ 102.642070806624503, -0.338699204300365 ], [ 102.64171187504661, -0.338200546745301 ], [ 102.64157498316176, -0.338200598518903 ], [ 102.641485397921997, -0.33847150006225 ], [ 102.641622391026047, -0.338742315831109 ] ], [ [ 102.622362822402366, -0.318324692950923 ], [ 102.622421964126275, -0.318391120580464 ], [ 102.622421940907813, -0.318324672017366 ], [ 102.622362822402366, -0.318324692950923 ] ], [ [ 102.626548240433948, -0.320195472897093 ], [ 102.626458489218095, -0.320014923427013 ], [ 102.626637809502171, -0.319858120541831 ], [ 102.626309564710397, -0.319677655959777 ], [ 102.62622003567067, -0.320129141634557 ], [ 102.626040683570992, -0.320195653871861 ], [ 102.626548240433948, -0.320195472897093 ] ], [ [ 102.626400143953887, -0.322205764507594 ], [ 102.626400199458146, -0.322362503506952 ], [ 102.626549005439742, -0.322362450086889 ], [ 102.626548949933223, -0.322205711113505 ], [ 102.626400143953887, -0.322205764507594 ] ], [ [ 102.626220832427151, -0.32238641036567 ], [ 102.626279974241726, -0.322452837419706 ], [ 102.626369638438803, -0.322386356944285 ], [ 102.626220832427151, -0.32238641036567 ] ], [ [ 102.62684871043129, -0.32256676633717 ], [ 102.6269078522228, -0.322633193329172 ], [ 102.62690782866585, -0.322566745098416 ], [ 102.62684871043129, -0.32256676633717 ] ], [ [ 102.62475569778023, -0.323627166430803 ], [ 102.625114417234926, -0.323536746331899 ], [ 102.625114329481619, -0.323289716248441 ], [ 102.624875803308441, -0.323199511192853 ], [ 102.624606803717541, -0.323380189810985 ], [ 102.62424805197773, -0.323380318933233 ], [ 102.624068795897529, -0.323717704825608 ], [ 102.624755761982868, -0.323807748222897 ], [ 102.62475569778023, -0.323627166430803 ] ], [ [ 102.616863166820963, -0.323740710024429 ], [ 102.616689702151234, -0.323900943954934 ], [ 102.616952912350257, -0.323900849267236 ], [ 102.616863166820963, -0.323740710024429 ] ], [ [ 102.618214416197276, -0.323920807196525 ], [ 102.618298305760888, -0.324080948277498 ], [ 102.618298248866807, -0.323920777024562 ], [ 102.618214416197276, -0.323920807196525 ] ], [ [ 102.615792853883548, -0.324011970239578 ], [ 102.615876743651356, -0.324172111763028 ], [ 102.615876686779302, -0.324011940079296 ], [ 102.615792853883548, -0.324011970239578 ] ], [ [ 102.618035071127125, -0.324011163324099 ], [ 102.618118928638154, -0.324081012867647 ], [ 102.618118903814107, -0.324011133145214 ], [ 102.618035071127125, -0.324011163324099 ] ], [ [ 102.616061984372578, -0.324192456973385 ], [ 102.616145874152721, -0.324352598429868 ], [ 102.616145817244771, -0.32419242679406 ], [ 102.616061984372578, -0.324192456973385 ] ], [ [ 102.616056224726748, -0.324463334389154 ], [ 102.615792982159732, -0.324373137422194 ], [ 102.61579310331723, -0.324713892711822 ], [ 102.616056281680841, -0.324623506040811 ], [ 102.616056224726748, -0.324463334389154 ] ], [ [ 102.622634366109395, -0.325343461664012 ], [ 102.623141957404613, -0.325433569010142 ], [ 102.623410804513185, -0.324825276909801 ], [ 102.623231364019603, -0.32464475964158 ], [ 102.622365020358842, -0.324554781387348 ], [ 102.622365172781855, -0.324982394498012 ], [ 102.622634310149849, -0.325186722008596 ], [ 102.622634366109395, -0.325343461664012 ] ], [ [ 102.61633124326454, -0.324734110558522 ], [ 102.616415100983872, -0.324803960181117 ], [ 102.616415076116127, -0.324734080326526 ], [ 102.61633124326454, -0.324734110558522 ] ], [ [ 102.61758688494713, -0.324733657672868 ], [ 102.617670742558118, -0.32480350718756 ], [ 102.61767071768179, -0.324733627430431 ], [ 102.61758688494713, -0.324733657672868 ] ], [ [ 102.615428717151573, -0.325346066986997 ], [ 102.615249185919396, -0.324915084432977 ], [ 102.615075664081473, -0.324915147022683 ], [ 102.615075785417261, -0.325255902583324 ], [ 102.615428717151573, -0.325346066986997 ] ], [ [ 102.615524172667875, -0.325095568906614 ], [ 102.615608094832581, -0.325346002192872 ], [ 102.615608005597579, -0.325095538647713 ], [ 102.615524172667875, -0.325095568906614 ] ], [ [ 102.617587013572575, -0.325094824135337 ], [ 102.617670871214202, -0.325164673616333 ], [ 102.617670846310205, -0.325094793859264 ], [ 102.617587013572575, -0.325094824135337 ] ], [ [ 102.617587853123268, -0.327442406133805 ], [ 102.617408443398986, -0.327352179748022 ], [ 102.617229123520772, -0.327512416416203 ], [ 102.617940744447282, -0.327421865915993 ], [ 102.617946730039563, -0.327783030102026 ], [ 102.6182099075304, -0.327692642693594 ], [ 102.618215835647504, -0.327893635503164 ], [ 102.617946769824158, -0.327893733524751 ], [ 102.617946859885109, -0.328144196417915 ], [ 102.61829975841944, -0.328144067756098 ], [ 102.618395367874854, -0.328324615987628 ], [ 102.618568889131453, -0.328324552683148 ], [ 102.61866447343381, -0.328435221159403 ], [ 102.61857490764308, -0.328776008126031 ], [ 102.618927903645329, -0.329046753635257 ], [ 102.618933824702395, -0.329227334453403 ], [ 102.619017592174544, -0.329046720838429 ], [ 102.619197034383703, -0.329227238148991 ], [ 102.619292716613231, -0.329608780776853 ], [ 102.61893396253231, -0.329608912193369 ], [ 102.618934125809716, -0.330060369591284 ], [ 102.618575462241253, -0.330310963891965 ], [ 102.618748983497468, -0.330310900201334 ], [ 102.618844626087096, -0.330581739595982 ], [ 102.619018147296117, -0.330581675848406 ], [ 102.619652019302947, -0.331123191469295 ], [ 102.620363638190071, -0.331032638183253 ], [ 102.620453104696551, -0.330420977673515 ], [ 102.619920797332597, -0.33033088181112 ], [ 102.619825114836772, -0.329949339532955 ], [ 102.620094049515913, -0.329588075393041 ], [ 102.620273426342578, -0.329588009669523 ], [ 102.620273361074211, -0.329407426979074 ], [ 102.620452737861896, -0.329407361288329 ], [ 102.620452640021611, -0.329136487306528 ], [ 102.620721705128815, -0.329136388845374 ], [ 102.620901016632061, -0.328955740635968 ], [ 102.621259802498969, -0.329045900654965 ], [ 102.621259737320258, -0.328865318162372 ], [ 102.62152880217873, -0.328865219760436 ], [ 102.621528646732457, -0.328434175426129 ], [ 102.621355126044875, -0.328434238803475 ], [ 102.620996242758636, -0.328073204734724 ], [ 102.620996307775656, -0.328253787280515 ], [ 102.620816898605582, -0.328163561460136 ], [ 102.62045840549996, -0.328886022970209 ], [ 102.620099651909726, -0.328886154140742 ], [ 102.619830488954477, -0.328615378340724 ], [ 102.619914256443053, -0.32843476495494 ], [ 102.619734839695425, -0.328324127239377 ], [ 102.619914093926454, -0.327983308047367 ], [ 102.61974060541904, -0.328073662708501 ], [ 102.61956116355752, -0.327893145286464 ], [ 102.619196261934533, -0.327080655079493 ], [ 102.618843299042823, -0.326900200377698 ], [ 102.618663824931502, -0.326629391017784 ], [ 102.618657742916213, -0.325997352587695 ], [ 102.61839450089515, -0.325907156398713 ], [ 102.618298884652305, -0.325706196073665 ], [ 102.618478229529629, -0.325615839630322 ], [ 102.618478172363183, -0.325455668409895 ], [ 102.617945896811179, -0.325455860884974 ], [ 102.617766551810007, -0.325546217340332 ], [ 102.617766616268895, -0.32572680053527 ], [ 102.61749755036891, -0.32572689789703 ], [ 102.617497647117105, -0.325997772770259 ], [ 102.617228548873598, -0.325907578554401 ], [ 102.617228613394431, -0.326088161857136 ], [ 102.617049236023121, -0.326088226828135 ], [ 102.61713911848544, -0.326629944304747 ], [ 102.616959741086688, -0.326630009382083 ], [ 102.616869987752224, -0.326449458545085 ], [ 102.616870077389976, -0.326699921738563 ], [ 102.61713328760878, -0.326699826227877 ], [ 102.617312729653307, -0.32688034441909 ], [ 102.61713927289118, -0.32706099074357 ], [ 102.617581925114251, -0.327241413180516 ], [ 102.617587853123268, -0.327442406133805 ] ], [ [ 102.617312834058197, -0.327171631205439 ], [ 102.617229026330065, -0.327241541462993 ], [ 102.617312859118798, -0.327241510990011 ], [ 102.617312834058197, -0.327171631205439 ] ], [ [ 102.616780485685538, -0.32697082937067 ], [ 102.616954007230163, -0.32697076635531 ], [ 102.616953949849929, -0.326810594864091 ], [ 102.616780428308047, -0.326810657848581 ], [ 102.616780485685538, -0.32697082937067 ] ], [ [ 102.621444327242713, -0.327079837626413 ], [ 102.621797314300736, -0.327330171079644 ], [ 102.621797127183157, -0.326808835680021 ], [ 102.621623606575341, -0.326808898748401 ], [ 102.621623671353078, -0.326989481168663 ], [ 102.621444327242713, -0.327079837626413 ] ], [ [ 102.620637229727194, -0.327351005128411 ], [ 102.621080035362468, -0.327962471115381 ], [ 102.621079905476634, -0.327601306057135 ], [ 102.621348937903633, -0.327510916800674 ], [ 102.621348815514409, -0.327170163616667 ], [ 102.620816541570719, -0.327170357259002 ], [ 102.620637229727194, -0.327351005128411 ] ], [ [ 102.618210109658051, -0.328254803846734 ], [ 102.618036613482047, -0.328324746859733 ], [ 102.618210134807825, -0.328324683561496 ], [ 102.618210109658051, -0.328254803846734 ] ], [ [ 102.618210134807825, -0.328324683561496 ], [ 102.618215998043581, -0.328345093262894 ], [ 102.618215990696328, -0.328324681425294 ], [ 102.618210134807825, -0.328324683561496 ] ], [ [ 102.618215998043581, -0.328345093262894 ], [ 102.618299855906898, -0.3284149423866 ], [ 102.618299830749578, -0.328345062678817 ], [ 102.618215998043581, -0.328345093262894 ] ], [ [ 102.618305751660102, -0.328525643628189 ], [ 102.618389609531008, -0.328595492727325 ], [ 102.618389584359235, -0.328525613026537 ], [ 102.618305751660102, -0.328525643628189 ] ], [ [ 102.620369141339438, -0.330059843127358 ], [ 102.620453031865694, -0.330219983232671 ], [ 102.620452973859116, -0.330059812365291 ], [ 102.620369141339438, -0.330059843127358 ] ], [ [ 102.617314825700419, -0.332679421373995 ], [ 102.61696195954363, -0.332769843455482 ], [ 102.616962017970053, -0.332930014943355 ], [ 102.617314950011092, -0.333020176082018 ], [ 102.617314825700419, -0.332679421373995 ] ], [ [ 102.617500223764537, -0.333130811035175 ], [ 102.617584082096272, -0.333200659774142 ], [ 102.617584056577357, -0.333130780011463 ], [ 102.617500223764537, -0.333130811035175 ] ], [ [ 102.617500388720117, -0.333582269149061 ], [ 102.617584247090235, -0.333652117845907 ], [ 102.617584221536731, -0.333582238083305 ], [ 102.617500388720117, -0.333582269149061 ] ], [ [ 102.618122883075813, -0.335026703614512 ], [ 102.618308208313977, -0.335277097451942 ], [ 102.618750762383101, -0.33518664106799 ], [ 102.618750703531475, -0.335026469899159 ], [ 102.618391882727764, -0.334846020389641 ], [ 102.618039017140248, -0.334936443250988 ], [ 102.618033028708808, -0.334575279153801 ], [ 102.617859507240098, -0.334575343653932 ], [ 102.617949387283247, -0.33509664793732 ], [ 102.618122883075813, -0.335026703614512 ] ], [ [ 102.617052507475492, -0.335117393663827 ], [ 102.617315743531989, -0.335187175470615 ], [ 102.617315717862809, -0.335117295687388 ], [ 102.617052507475492, -0.335117393663827 ] ], [ [ 102.61839806301991, -0.335728521701497 ], [ 102.618571584405075, -0.335728456969435 ], [ 102.618577506784945, -0.335909037813371 ], [ 102.618750994887947, -0.335818681546452 ], [ 102.618750895189379, -0.335547807055803 ], [ 102.61893027239141, -0.335547740168655 ], [ 102.619020027440712, -0.335728289663634 ], [ 102.619019927761599, -0.33545741525392 ], [ 102.619199246001912, -0.335297177290927 ], [ 102.618846281193754, -0.335116725815206 ], [ 102.618846413975859, -0.335477891764733 ], [ 102.618308249012088, -0.335387800828528 ], [ 102.61839806301991, -0.335728521701497 ] ], [ [ 102.617411627855887, -0.336110468064469 ], [ 102.617585175185127, -0.336180283038576 ], [ 102.617585149437957, -0.336110403276407 ], [ 102.617411627855887, -0.336110468064469 ] ], [ [ 102.613370027767758, -0.336813900645305 ], [ 102.61310665734581, -0.336382950650525 ], [ 102.613106982757941, -0.337265459323013 ], [ 102.613190682733162, -0.336904259735965 ], [ 102.613370027767758, -0.336813900645305 ] ], [ [ 102.613107190492372, -0.33782762365037 ], [ 102.613191049601326, -0.337897472330249 ], [ 102.613191023754027, -0.337827592227416 ], [ 102.613107190492372, -0.33782762365037 ] ], [ [ 102.613370628528799, -0.338439157293379 ], [ 102.613196946486397, -0.338008174139078 ], [ 102.613197039202703, -0.338258638347962 ], [ 102.613370628528799, -0.338439157293379 ] ], [ [ 102.617227396297295, -0.338819286705208 ], [ 102.617143757142856, -0.339340656339024 ], [ 102.617233580338237, -0.339701789126421 ], [ 102.618124645617158, -0.339791744428043 ], [ 102.618393846327393, -0.340152808972365 ], [ 102.618573089061755, -0.339791575118268 ], [ 102.618483165149925, -0.339159568320657 ], [ 102.618662449367704, -0.338909038030178 ], [ 102.618219861903, -0.338909204699306 ], [ 102.618213972465483, -0.338818915354211 ], [ 102.618040450956642, -0.338818980675693 ], [ 102.618034561528589, -0.338728691311886 ], [ 102.617412596236306, -0.338728925359774 ], [ 102.617502352067817, -0.338909474855159 ], [ 102.617227396297295, -0.338819286705208 ] ], [ [ 102.614632844379543, -0.340355225491938 ], [ 102.614716770920083, -0.340605657605768 ], [ 102.614716677520988, -0.340355193820533 ], [ 102.614632844379543, -0.340355225491938 ] ], [ [ 102.648293317483905, -0.348200982913032 ], [ 102.648352460035099, -0.34826740648658 ], [ 102.6483524344561, -0.348200959851087 ], [ 102.648293317483905, -0.348200982913032 ] ], [ [ 102.628925229656502, -0.359133667134578 ], [ 102.62898440988549, -0.359290382010756 ], [ 102.62898434797728, -0.359133643474661 ], [ 102.628925229656502, -0.359133667134578 ] ], [ [ 102.628925872887137, -0.360758895592739 ], [ 102.628985017579296, -0.360825319897442 ], [ 102.628984991218331, -0.360758871825748 ], [ 102.628925872887137, -0.360758895592739 ] ] ], [ [ [ 102.618034595060792, -0.338818982880067 ], [ 102.617950829331136, -0.338999597590547 ], [ 102.617592074374485, -0.33899973270113 ], [ 102.617586143812332, -0.338798739828689 ], [ 102.618034595060792, -0.338818982880067 ] ] ], [ [ [ 102.617939327159462, -0.323449036391363 ], [ 102.618034942914818, -0.323649997040638 ], [ 102.617945254335467, -0.323650029290821 ], [ 102.617939327159462, -0.323449036391363 ] ] ], [ [ [ 102.843629785917429, 0.721399248768461 ], [ 102.843809279700722, 0.721579632249687 ], [ 102.845582832206134, 0.721674825261612 ], [ 102.845672654899545, 0.721855284639112 ], [ 102.846121084870589, 0.72194517023258 ], [ 102.847376398894198, 0.721853831810426 ], [ 102.847844465927082, 0.721576193281199 ], [ 102.848113022063814, 0.721034358033884 ], [ 102.848111532009113, 0.719260147226101 ], [ 102.848270905075736, 0.719235305755678 ], [ 102.848809534035283, 0.719956988944927 ], [ 102.849008670545615, 0.719776284252689 ], [ 102.849188081784561, 0.719859963129245 ], [ 102.849187854423263, 0.71958916054378 ], [ 102.849725346461597, 0.718956830548506 ], [ 102.849814335715649, 0.71814434716801 ], [ 102.850082892960913, 0.717602514148074 ], [ 102.85035175259344, 0.717421751076374 ], [ 102.851786475285493, 0.717420533720778 ], [ 102.85205525876006, 0.717149503746413 ], [ 102.851875594895191, 0.716762854724359 ], [ 102.851875238892319, 0.716337250708873 ], [ 102.85277133533431, 0.715614353585568 ], [ 102.852770882959831, 0.715072750699642 ], [ 102.853039591329662, 0.714711454607759 ], [ 102.853039139494811, 0.714169851891633 ], [ 102.852867899397509, 0.713873462809561 ], [ 102.852765096784381, 0.71288061030747 ], [ 102.852316371646637, 0.712429652481587 ], [ 102.85169256546574, 0.712339910897409 ], [ 102.85160269171935, 0.712094916841156 ], [ 102.851064596482558, 0.712005102660553 ], [ 102.850775864171354, 0.712276148065591 ], [ 102.850148253617348, 0.712373380239112 ], [ 102.849610806150551, 0.71306380495915 ], [ 102.849361517342061, 0.712793212380719 ], [ 102.849540284358113, 0.71210308963519 ], [ 102.849898809867469, 0.711915816690843 ], [ 102.85016744558142, 0.711464253113547 ], [ 102.850167220815521, 0.711193450831749 ], [ 102.849987506107809, 0.710742264408659 ], [ 102.849000909373444, 0.710472290555429 ], [ 102.849089757277625, 0.709479272276767 ], [ 102.848820373175172, 0.709028160021544 ], [ 102.848461617480211, 0.708938193000718 ], [ 102.848083213028488, 0.709209313187756 ], [ 102.847385648050277, 0.709029362212032 ], [ 102.846917428678722, 0.709126458367784 ], [ 102.846200507318301, 0.709662230328843 ], [ 102.845393626777877, 0.709849878724829 ], [ 102.844677003231183, 0.710746724075375 ], [ 102.844408065793047, 0.710837217865297 ], [ 102.843979509751335, 0.710657041211223 ], [ 102.84333187202202, 0.710664020608214 ], [ 102.842883891289162, 0.711115737692146 ], [ 102.842884559159643, 0.711921715418095 ], [ 102.842366555587247, 0.712012418935916 ], [ 102.84218751302862, 0.71237364272542 ], [ 102.842277633476868, 0.712915176957688 ], [ 102.841988828273742, 0.713102392745922 ], [ 102.841989578243016, 0.714005075730378 ], [ 102.842169070466326, 0.714185461196646 ], [ 102.842349013410214, 0.714907456137605 ], [ 102.842797819608478, 0.715448687152152 ], [ 102.84270942854198, 0.716983322616701 ], [ 102.843174773669517, 0.71818112204462 ], [ 102.843249947419437, 0.719961716700859 ], [ 102.843445519635566, 0.720249512183304 ], [ 102.843629785917429, 0.721399248768461 ] ], [ [ 102.849187854423263, 0.71958916054378 ], [ 102.84909810824216, 0.719498969282163 ], [ 102.849183819948479, 0.719498896382221 ], [ 102.849187854423263, 0.71958916054378 ] ] ], [ [ [ 102.890555514029089, 1.078180442468467 ], [ 102.891900634166362, 1.078178709505935 ], [ 102.892078835805435, 1.077275850912911 ], [ 102.892347744726834, 1.077185241803414 ], [ 102.892347285983405, 1.076824190922876 ], [ 102.892167922554734, 1.07681310394274 ], [ 102.891897881790143, 1.076012403063127 ], [ 102.89161930968784, 1.075730654606459 ], [ 102.890812009246545, 1.075551166246607 ], [ 102.890184858963835, 1.076003287611422 ], [ 102.89018520255398, 1.076274076473248 ], [ 102.890005967615011, 1.076364570032755 ], [ 102.889917438799088, 1.077267315156263 ], [ 102.890276496261976, 1.077548960225957 ], [ 102.890555514029089, 1.078180442468467 ] ] ], [ [ [ 103.150215876882939, -0.204675865980602 ], [ 103.150753591815885, -0.204405022974262 ], [ 103.150753545423825, -0.204224554537808 ], [ 103.15093280686952, -0.204224507853013 ], [ 103.15111197560509, -0.203863524458177 ], [ 103.151739320780237, -0.203592659012897 ], [ 103.15200821258486, -0.203592589185077 ], [ 103.152468420835859, -0.204068235398356 ], [ 103.152468839692858, -0.205692447772352 ], [ 103.151931220001984, -0.206324227457117 ], [ 103.151662351559821, -0.20641453233393 ], [ 103.151662462482975, -0.206841107277906 ], [ 103.151829790353034, -0.206841063133015 ], [ 103.151931401367676, -0.207021504502027 ], [ 103.152098729182214, -0.207021460315778 ], [ 103.152110709617759, -0.207201925287914 ], [ 103.152367691504296, -0.207292091402253 ], [ 103.152648782601645, -0.208309186727915 ], [ 103.152559317926915, -0.208940848616714 ], [ 103.152290473702081, -0.209121388369989 ], [ 103.151214882206872, -0.20903144109346 ], [ 103.150856311851967, -0.208851068253408 ], [ 103.150575384937056, -0.208465610433065 ], [ 103.150575219524171, -0.207833970764939 ], [ 103.150843993946665, -0.207382728465191 ], [ 103.150843906256185, -0.207046387283765 ], [ 103.150676554672984, -0.206956197235218 ], [ 103.150485218938655, -0.206414842197685 ], [ 103.150317890786127, -0.206414886237368 ], [ 103.149947287334044, -0.205848982191458 ], [ 103.14994710073637, -0.205127107704485 ], [ 103.150215876882939, -0.204675865980602 ] ] ], [ [ [ 103.059305718331188, -0.071634490609241 ], [ 103.059212771665599, -0.071768993782609 ], [ 103.059216077751955, -0.071634498616567 ], [ 103.059305718331188, -0.071634490609241 ] ] ], [ [ [ 103.083610234849417, -0.042489492142171 ], [ 103.08404081784046, -0.043611309710879 ], [ 103.083771953742328, -0.044513743168063 ], [ 103.083413412471927, -0.044694247020138 ], [ 103.083771993842873, -0.045235678162966 ], [ 103.083772014135064, -0.045596645660349 ], [ 103.083413478219256, -0.045867391914367 ], [ 103.082517094294872, -0.045777201467635 ], [ 103.081848416437381, -0.045416271484951 ], [ 103.080365745531296, -0.045145629126823 ], [ 103.079290051727199, -0.044513993319455 ], [ 103.078531706725045, -0.043661911221381 ], [ 103.078352388641008, -0.042889680838527 ], [ 103.077766083045518, -0.042348257016824 ], [ 103.076600782205588, -0.042348318826251 ], [ 103.075323163210726, -0.041978956629988 ], [ 103.074964589556515, -0.041618003991143 ], [ 103.074587464424823, -0.04090453896131 ], [ 103.074228897976354, -0.040684129007281 ], [ 103.074228862027184, -0.03996218537846 ], [ 103.07467702524599, -0.039330462639112 ], [ 103.075143745499105, -0.039181437694101 ], [ 103.076421376734416, -0.039821532569373 ], [ 103.07677995299693, -0.04026426940857 ], [ 103.077228159233115, -0.040534974650753 ], [ 103.077564054806686, -0.040534957596306 ], [ 103.077832956687104, -0.040264216302595 ], [ 103.078303807638605, -0.040272651142411 ], [ 103.078572740839064, -0.040633607424484 ], [ 103.078662415357272, -0.041347083894516 ], [ 103.079289919216023, -0.042037506866826 ], [ 103.079786561631735, -0.042127723027943 ], [ 103.080055466904298, -0.041947224239026 ], [ 103.080772572206996, -0.041947186532898 ], [ 103.081172339920499, -0.042398376354296 ], [ 103.081400062358185, -0.042398364249037 ], [ 103.081400052911917, -0.042217879963285 ], [ 103.08157932899644, -0.04221787047343 ], [ 103.081937862270507, -0.041856883164372 ], [ 103.082923879567204, -0.041856831404586 ], [ 103.083282440379094, -0.042037296439469 ], [ 103.083610234849417, -0.042489492142171 ] ] ], [ [ [ 103.074708614797885, 0.354174575898551 ], [ 103.074797861021793, 0.353272107604836 ], [ 103.074170062910738, 0.352550441648839 ], [ 103.074169827361246, 0.352008984089436 ], [ 103.073900788122984, 0.351738373689531 ], [ 103.073721115573093, 0.350836022831001 ], [ 103.072824709472883, 0.350836416345772 ], [ 103.072462694826029, 0.351017061516217 ], [ 103.07228690441454, 0.35092689555282 ], [ 103.071390653101219, 0.351288261993576 ], [ 103.071387281412839, 0.351653521177982 ], [ 103.071925322167573, 0.352104500513487 ], [ 103.07192555765134, 0.352645959593411 ], [ 103.072284356550767, 0.353187260257156 ], [ 103.072105153743038, 0.35336782578564 ], [ 103.072105271867031, 0.353638555264063 ], [ 103.072374154737744, 0.353548193167735 ], [ 103.072553633236751, 0.353999329416192 ], [ 103.073001836715761, 0.353999130909033 ], [ 103.073001915613006, 0.354179617025284 ], [ 103.073270837584928, 0.354179497849842 ], [ 103.073450197795367, 0.354359904410146 ], [ 103.074436244049181, 0.354359467124828 ], [ 103.074708614797885, 0.354174575898551 ] ], [ [ 103.072822200829862, 0.353187022608094 ], [ 103.072736167091122, 0.353363262172626 ], [ 103.072736090248966, 0.353187060658572 ], [ 103.072822200829862, 0.353187022608094 ] ] ], [ [ [ 103.026391060070864, 0.894516535140902 ], [ 103.026928399280791, 0.893974728360628 ], [ 103.027197364086021, 0.893974430961137 ], [ 103.027734899515494, 0.893612844280017 ], [ 103.027823766997429, 0.892890761600904 ], [ 103.028002879875913, 0.892710067680569 ], [ 103.029526911643757, 0.892618136335652 ], [ 103.029974791130527, 0.892256650267255 ], [ 103.03015370686019, 0.891895461489013 ], [ 103.030151840426896, 0.890180755435092 ], [ 103.029290011121574, 0.890050105649554 ], [ 103.028318746981242, 0.89036299422513 ], [ 103.028125330166162, 0.890814447396901 ], [ 103.027960618720684, 0.890814628922222 ], [ 103.027856562224812, 0.890995239700627 ], [ 103.027229032041021, 0.891045104532749 ], [ 103.026347866623482, 0.891768061356559 ], [ 103.025974670377664, 0.891788479779722 ], [ 103.025705487162071, 0.891588273129287 ], [ 103.025182056757345, 0.891498601769115 ], [ 103.025103723040885, 0.891349651325455 ], [ 103.024027773599173, 0.89127020342866 ], [ 103.023668455786549, 0.890629244463865 ], [ 103.023069397790152, 0.890459298316535 ], [ 103.02186358220608, 0.890370099533485 ], [ 103.02118678548733, 0.890600514983461 ], [ 103.020504239034977, 0.890452228051494 ], [ 103.020055765201107, 0.890272223306278 ], [ 103.019841115626264, 0.889831106277334 ], [ 103.019302692578179, 0.88938045272871 ], [ 103.018814215919406, 0.889380712404369 ], [ 103.018455788441457, 0.889561604060951 ], [ 103.01799358542236, 0.890184240361095 ], [ 103.017470356657881, 0.890284679514947 ], [ 103.016843156442249, 0.890646365573924 ], [ 103.016291786591552, 0.891720348258766 ], [ 103.015679488494754, 0.892362382790574 ], [ 103.015770223563251, 0.893355026307395 ], [ 103.016219486276697, 0.894257024742295 ], [ 103.016488749469019, 0.894527475667173 ], [ 103.017206293059019, 0.894797431509885 ], [ 103.017784427391177, 0.894797069789411 ], [ 103.018680298395822, 0.894164336961528 ], [ 103.019845627213911, 0.893982552779061 ], [ 103.019935086346763, 0.893801956169724 ], [ 103.020472823908804, 0.893620864965122 ], [ 103.020970559915753, 0.893620315696009 ], [ 103.020970756222212, 0.893800536521992 ], [ 103.021419427807771, 0.894161312909839 ], [ 103.021600412320737, 0.895695065156221 ], [ 103.021870266624887, 0.896507281654084 ], [ 103.021870957000857, 0.897138745319642 ], [ 103.021691843223451, 0.897319441283832 ], [ 103.021153909374732, 0.897320037473494 ], [ 103.02052691175237, 0.89786222547625 ], [ 103.019361188690098, 0.897683019752152 ], [ 103.018913402749746, 0.898134761184529 ], [ 103.018913797789736, 0.898495756934297 ], [ 103.019541982434561, 0.899036830646873 ], [ 103.019721788314527, 0.899487599264673 ], [ 103.020170463665295, 0.89984837320468 ], [ 103.020350368987337, 0.900389390036077 ], [ 103.020529779670383, 0.900479439431386 ], [ 103.021287224011743, 0.900478873707884 ], [ 103.021914021647916, 0.899756186857412 ], [ 103.022093332920946, 0.899755987559259 ], [ 103.02209313494771, 0.899575490394517 ], [ 103.022362200757854, 0.899665440043128 ], [ 103.023168308921427, 0.898942555421698 ], [ 103.023346828692354, 0.898220368697272 ], [ 103.022628991603568, 0.897679396989161 ], [ 103.022628794363797, 0.897499176536202 ], [ 103.022808105368412, 0.897498977702666 ], [ 103.023076676791277, 0.897137685540502 ], [ 103.023664165816768, 0.897227282762919 ], [ 103.023664363047473, 0.897407502985544 ], [ 103.023843674120883, 0.897407580715174 ], [ 103.02384387139999, 0.897587800897633 ], [ 103.024202690781564, 0.897768176352568 ], [ 103.024203679270542, 0.898670383236296 ], [ 103.024652549795562, 0.899211375076542 ], [ 103.024961713663203, 0.899211308013571 ], [ 103.025050972996226, 0.89885021533963 ], [ 103.025458655828302, 0.898488769033974 ], [ 103.025638262827457, 0.898759037810407 ], [ 103.025369594101093, 0.899030081337767 ], [ 103.025370188262713, 0.899571570640016 ], [ 103.02576900710622, 0.899571403657311 ], [ 103.026127429754879, 0.89939050848789 ], [ 103.026127231663921, 0.899210012222875 ], [ 103.026843680569044, 0.898487230206181 ], [ 103.026843086907064, 0.897945741887502 ], [ 103.026663578976184, 0.897765444872518 ], [ 103.026305057193312, 0.89785581454977 ], [ 103.026304859734765, 0.897675594916006 ], [ 103.026035597511637, 0.897404872456577 ], [ 103.026034215106321, 0.896141675032779 ], [ 103.026392046120094, 0.895419292785525 ], [ 103.026391060070864, 0.894516535140902 ] ] ], [ [ [ 102.917400034015046, 0.964380078501545 ], [ 102.916772900003082, 0.964858636191569 ], [ 102.916683527650235, 0.965117517026502 ], [ 102.916055859535319, 0.96513024930297 ], [ 102.915518556277505, 0.965750691955348 ], [ 102.915160087311037, 0.965931629083575 ], [ 102.914745470466542, 0.965932110586657 ], [ 102.91375766355786, 0.964669609337314 ], [ 102.913219545470255, 0.964579972570055 ], [ 102.91237922107257, 0.964953993251368 ], [ 102.912020943359309, 0.965303447949729 ], [ 102.911606325026426, 0.965303928754456 ], [ 102.911483133922147, 0.965484593266232 ], [ 102.911034697370496, 0.965406856204575 ], [ 102.910676536148131, 0.965858576082008 ], [ 102.910767109329925, 0.966647532935081 ], [ 102.908371078738554, 0.96666104066691 ], [ 102.908166820313937, 0.966764098235731 ], [ 102.908256696822491, 0.966944516314324 ], [ 102.908705148902328, 0.96703425696976 ], [ 102.908705872976086, 0.967666084059933 ], [ 102.909154221508359, 0.967665563254225 ], [ 102.909358376130825, 0.96747224458483 ], [ 102.90935808015935, 0.967214021119026 ], [ 102.909691722054859, 0.967213633679405 ], [ 102.909781584190199, 0.967381491983823 ], [ 102.909333560853668, 0.96766535491532 ], [ 102.909513107167925, 0.967845668417221 ], [ 102.909513417751754, 0.968116451192235 ], [ 102.909962076614562, 0.968386712665365 ], [ 102.910230981828448, 0.968296139009032 ], [ 102.910410735393654, 0.968656973786949 ], [ 102.910859083138149, 0.968656452220956 ], [ 102.9109489599537, 0.96883686943856 ], [ 102.911217968469657, 0.968836556404971 ], [ 102.911218175818107, 0.96901707788433 ], [ 102.911397514789869, 0.96901686914449 ], [ 102.911397811467509, 0.969275091975013 ], [ 102.91121848691327, 0.969287860102922 ], [ 102.910949982574834, 0.969726917788214 ], [ 102.910591318760581, 0.969739894858385 ], [ 102.910591511831029, 0.969907857130826 ], [ 102.910233055372984, 0.970101355937905 ], [ 102.910143800901096, 0.970462503816557 ], [ 102.910323347829376, 0.970642816494382 ], [ 102.910771695882204, 0.970642293870896 ], [ 102.911310544417418, 0.971363752472822 ], [ 102.912027796535625, 0.971272654764113 ], [ 102.912745255938489, 0.971362078204022 ], [ 102.913463026825724, 0.97172228282001 ], [ 102.914357091425259, 0.971721238582217 ], [ 102.914895731221065, 0.972262172118138 ], [ 102.915075590359891, 0.972713264079252 ], [ 102.914986636166475, 0.973332631972359 ], [ 102.914541558287212, 0.973887275075072 ], [ 102.914362831123711, 0.9744164881224 ], [ 102.913670617309307, 0.974507559461729 ], [ 102.913491174210677, 0.974417509015876 ], [ 102.913490861287158, 0.974146727545045 ], [ 102.912748052292955, 0.973786554337442 ], [ 102.912413473334183, 0.972974599245767 ], [ 102.911696117256582, 0.972975437775115 ], [ 102.911336606409222, 0.972253771184005 ], [ 102.911067597661628, 0.972254085331106 ], [ 102.910977720031198, 0.972073668514034 ], [ 102.910798484812688, 0.97216413867332 ], [ 102.91061893755581, 0.971983826453134 ], [ 102.909184014231911, 0.971804978967091 ], [ 102.90889029441432, 0.972088664342254 ], [ 102.908887963658373, 0.972346891013306 ], [ 102.908263645212642, 0.972992007317079 ], [ 102.907906304062578, 0.97415326103317 ], [ 102.907727172368794, 0.974333992922755 ], [ 102.907124414663144, 0.974244436340414 ], [ 102.907009826457539, 0.974347391014701 ], [ 102.907189479101334, 0.974617964872263 ], [ 102.907697665468774, 0.974617370545947 ], [ 102.908086527520084, 0.974918431443418 ], [ 102.908176996172614, 0.975609682963882 ], [ 102.906831945131898, 0.975611257633706 ], [ 102.906563143213589, 0.975792094984077 ], [ 102.906653021978059, 0.975972512471989 ], [ 102.90716180079464, 0.97617615701984 ], [ 102.906983086729383, 0.97671793424232 ], [ 102.907612135744699, 0.977890593240878 ], [ 102.908150365402648, 0.978070483975171 ], [ 102.908419793943565, 0.978431212336386 ], [ 102.908778683320506, 0.978611313090743 ], [ 102.909406268509144, 0.978520314755011 ], [ 102.9095859223887, 0.978790886800033 ], [ 102.909765262228689, 0.978790676042849 ], [ 102.909765576345194, 0.979061458718277 ], [ 102.909944916160853, 0.979061247893166 ], [ 102.910034795527821, 0.979241664202005 ], [ 102.91012551338784, 0.980144167288187 ], [ 102.910304853183547, 0.980143956210556 ], [ 102.910305062903333, 0.980324477875789 ], [ 102.910664057078748, 0.980594837994635 ], [ 102.910754146654654, 0.980955775528573 ], [ 102.911202390884625, 0.980864986559809 ], [ 102.911292270617466, 0.981045402365929 ], [ 102.911113771042579, 0.981767699645634 ], [ 102.911204281575664, 0.982489679779608 ], [ 102.911383621263894, 0.982489468138631 ], [ 102.912460815914017, 0.983481064661794 ], [ 102.912551405770515, 0.984269586455951 ], [ 102.912377758823894, 0.984721095462533 ], [ 102.912019184989902, 0.984811780448122 ], [ 102.911595042648045, 0.984722021417541 ], [ 102.911505162046552, 0.98454160608521 ], [ 102.910429122837328, 0.98454287847766 ], [ 102.910428175310429, 0.983730531123781 ], [ 102.91024873012249, 0.983640482143544 ], [ 102.910248414497445, 0.983369699632658 ], [ 102.909889418989991, 0.983099340533297 ], [ 102.91015811353752, 0.982828240436733 ], [ 102.910157587990767, 0.982376936200308 ], [ 102.909439387754318, 0.981655694940999 ], [ 102.909080707590533, 0.981656117644236 ], [ 102.909051677084094, 0.982040913882428 ], [ 102.909500666347341, 0.98258938244679 ], [ 102.909506111128124, 0.982829009849648 ], [ 102.908813062818581, 0.982829827559414 ], [ 102.90825157051087, 0.98355257936443 ], [ 102.907738071849792, 0.983733707958959 ], [ 102.907355640520819, 0.984216615159823 ], [ 102.907266565275634, 0.984727138675996 ], [ 102.907021656165682, 0.984546905425219 ], [ 102.906483528624051, 0.984457279695747 ], [ 102.906124952092952, 0.984547964568415 ], [ 102.905921545440918, 0.984759877080908 ], [ 102.906012374017678, 0.985752645405909 ], [ 102.906371161289044, 0.985842482527397 ], [ 102.906932864298327, 0.985300250267376 ], [ 102.907356903696254, 0.985299748956424 ], [ 102.907536560388536, 0.985570320308154 ], [ 102.907895452386285, 0.98575041826866 ], [ 102.908098894606482, 0.985569655204316 ], [ 102.908612603664949, 0.985569047528623 ], [ 102.90899538605639, 0.985388072483792 ], [ 102.909150624781731, 0.985568411008257 ], [ 102.909329859677214, 0.985477937880006 ], [ 102.909150941023853, 0.985839193872547 ], [ 102.909510676468358, 0.986741378515602 ], [ 102.909690122292972, 0.986831426946472 ], [ 102.909780531518834, 0.987463146901038 ], [ 102.910049858818297, 0.987733610513951 ], [ 102.910677549409741, 0.987732865994357 ], [ 102.910946840120587, 0.987972179952945 ], [ 102.911241643422287, 0.989235482059143 ], [ 102.911486589403594, 0.989446861881869 ], [ 102.911486801178, 0.989627383280755 ], [ 102.911845692990397, 0.989807478204402 ], [ 102.912020278687677, 0.990157831855832 ], [ 102.912026622979411, 0.991161174559198 ], [ 102.912386682817385, 0.992334135251521 ], [ 102.912740053091156, 0.992513818078969 ], [ 102.913576810415805, 0.992422976684808 ], [ 102.913995857204057, 0.992873779607382 ], [ 102.914001697756476, 0.993144554292132 ], [ 102.914181250125083, 0.993324861013688 ], [ 102.914003150740612, 0.994377051144994 ], [ 102.913644827365843, 0.994679410312247 ], [ 102.913734710295401, 0.994859824018952 ], [ 102.913998268181317, 0.994918620289888 ], [ 102.913936390294538, 0.995415339818362 ], [ 102.913820047702742, 0.995866781866316 ], [ 102.913282650531016, 0.996394377992829 ], [ 102.913193782976535, 0.997073278248873 ], [ 102.912925464632366, 0.997658455014351 ], [ 102.913015632436014, 0.998078918255551 ], [ 102.911969958981885, 0.998531476078135 ], [ 102.911850882305899, 0.998892662050725 ], [ 102.911611705585173, 0.998892949048814 ], [ 102.91122354758258, 0.999194929345336 ], [ 102.910687342537813, 1.000428493518289 ], [ 102.90973087397326, 1.000790686589647 ], [ 102.908895245388464, 1.001537497063417 ], [ 102.90916490001257, 1.002078739301724 ], [ 102.909523796709649, 1.002258829606805 ], [ 102.909792701170076, 1.002168245017318 ], [ 102.910151704886658, 1.00243859591561 ], [ 102.910719070537709, 1.002323934403756 ], [ 102.910808447476143, 1.002076761740387 ], [ 102.911166886503892, 1.001872091033436 ], [ 102.911614595190287, 1.001329987407198 ], [ 102.911614409055375, 1.001173183602701 ], [ 102.911764271491691, 1.001173003368132 ], [ 102.91233110034473, 1.00060703964945 ], [ 102.912778594774352, 0.999884416190538 ], [ 102.912867659324462, 0.999373477099276 ], [ 102.914927441538438, 0.999371002921415 ], [ 102.914838242822029, 0.999768394349369 ], [ 102.914572210057969, 1.000062781725002 ], [ 102.914662629956908, 1.000694496363606 ], [ 102.915529879317816, 1.000717170415878 ], [ 102.915917500868176, 1.000265402258337 ], [ 102.916812291106993, 1.000264325810497 ], [ 102.917891386351727, 1.001232171305926 ], [ 102.919117417978143, 1.001344671503198 ], [ 102.919594893010824, 1.00104959884541 ], [ 102.919683732202515, 1.000351129692548 ], [ 102.92013165013519, 0.999989550767295 ], [ 102.921205066447499, 0.999999058372307 ], [ 102.92147709046391, 1.000325252432089 ], [ 102.921806317684428, 1.000348573104088 ], [ 102.922254448858652, 1.000167513860094 ], [ 102.922642145672313, 0.999782291053526 ], [ 102.922731314933927, 0.999361617238099 ], [ 102.923000178320237, 0.999240302393405 ], [ 102.922730742328852, 0.998879588328104 ], [ 102.922819554114312, 0.998157404717233 ], [ 102.922101304846649, 0.9974022030016 ], [ 102.922010499434052, 0.996443443541183 ], [ 102.921830733734893, 0.996082620479888 ], [ 102.921471523191443, 0.995631752693203 ], [ 102.921023030569614, 0.995508042637107 ], [ 102.920753702802401, 0.995237586022224 ], [ 102.920663577021116, 0.994851531761287 ], [ 102.922815490596705, 0.994727545041602 ], [ 102.92129079731211, 0.994458592503199 ], [ 102.921200845035813, 0.994219069775142 ], [ 102.92138014638968, 0.994187706251384 ], [ 102.921379756646331, 0.993857816570116 ], [ 102.921558774923454, 0.993586823113953 ], [ 102.921803457540847, 0.993576048627079 ], [ 102.922252134720551, 0.993856772348607 ], [ 102.922724565798973, 0.993665205866973 ], [ 102.922993785789103, 0.993845402741889 ], [ 102.923083963673406, 0.994275925483873 ], [ 102.923442556868466, 0.994205903489638 ], [ 102.92344274587262, 0.994365755214137 ], [ 102.923570331689845, 0.994386269450217 ], [ 102.923709443299884, 0.992410875497758 ], [ 102.924426117305813, 0.991837313147048 ], [ 102.924514934397735, 0.991115131695117 ], [ 102.92433463983842, 0.990303012180827 ], [ 102.924424095860772, 0.990122386575012 ], [ 102.924065314971756, 0.990032555222499 ], [ 102.924065102430347, 0.989852036556527 ], [ 102.923829824492174, 0.989852317198646 ], [ 102.92388207988779, 0.986716890302784 ], [ 102.924419468545906, 0.986185494731394 ], [ 102.925107432112739, 0.986264136376937 ], [ 102.925316006935546, 0.986059652560328 ], [ 102.925226154572073, 0.985902957894103 ], [ 102.92612270469489, 0.985787915862365 ], [ 102.925943231026594, 0.985671341351001 ], [ 102.925942972399412, 0.985450809635878 ], [ 102.926122175415927, 0.985336620304863 ], [ 102.926032111650983, 0.98499940749092 ], [ 102.926300982975448, 0.984885111780961 ], [ 102.926210602201266, 0.984277121687344 ], [ 102.926479262091149, 0.983982308074271 ], [ 102.926389198908851, 0.983645095266106 ], [ 102.926657858896064, 0.983350281905843 ], [ 102.926297286341764, 0.981726043508821 ], [ 102.926117633626475, 0.981455478448015 ], [ 102.926117001314182, 0.980913923761452 ], [ 102.92575685452384, 0.979650719787578 ], [ 102.925756013146625, 0.978928646549747 ], [ 102.925396289561718, 0.978026477892491 ], [ 102.925305151961311, 0.976762954743392 ], [ 102.92503530863614, 0.976041197595023 ], [ 102.92503478473742, 0.9755899014195 ], [ 102.924586443726469, 0.975590428619626 ], [ 102.92458602482958, 0.975229391482993 ], [ 102.924047356632045, 0.974661939158799 ], [ 102.923939559100546, 0.97430102785853 ], [ 102.923811661335449, 0.974301178017815 ], [ 102.923811482919461, 0.974147187880544 ], [ 102.92422578254515, 0.973875923187659 ], [ 102.924225468939056, 0.973605145214795 ], [ 102.923810720467102, 0.973488843694193 ], [ 102.923806460977232, 0.969802734519982 ], [ 102.923356248023211, 0.968178588845948 ], [ 102.923354690386176, 0.966824697511763 ], [ 102.922994566099334, 0.965561482838932 ], [ 102.922725561652754, 0.96556179575239 ], [ 102.922545500253648, 0.964930187768797 ], [ 102.922186516947519, 0.964659826009104 ], [ 102.922095710784134, 0.96366707502619 ], [ 102.921916271012947, 0.963577023599801 ], [ 102.921466896666502, 0.962674947596624 ], [ 102.921287560199445, 0.962675155503515 ], [ 102.921164473864337, 0.962946077541769 ], [ 102.920447347756564, 0.96313943238739 ], [ 102.919730503452172, 0.963579559603299 ], [ 102.918743853958716, 0.963321927412826 ], [ 102.918654378242294, 0.963490547587406 ], [ 102.917578885119454, 0.963955098974766 ], [ 102.917400034015046, 0.964380078501545 ] ], [ [ 102.913494778722281, 0.998890688997012 ], [ 102.913763504419904, 0.998650316578332 ], [ 102.914092350486342, 0.998649921855861 ], [ 102.914451314768925, 0.998889540552869 ], [ 102.913763895777663, 0.998980626491515 ], [ 102.913494778722281, 0.998890688997012 ] ], [ [ 102.907191982106326, 0.976784233013107 ], [ 102.907252097150447, 0.976717618982115 ], [ 102.90725217412178, 0.976784162465855 ], [ 102.907191982106326, 0.976784233013107 ] ], [ [ 102.91148799965957, 0.969726291124362 ], [ 102.911333697261057, 0.969726470859307 ], [ 102.911333400450062, 0.969468248009582 ], [ 102.911487702836951, 0.969468068322506 ], [ 102.91148799965957, 0.969726291124362 ] ], [ [ 102.910589867282326, 0.968476243551734 ], [ 102.910525323529484, 0.968554020196258 ], [ 102.910525234334713, 0.968476318724192 ], [ 102.910589867282326, 0.968476243551734 ] ], [ [ 102.910344652663369, 0.967393397283073 ], [ 102.910768363350741, 0.967741389311894 ], [ 102.910255382722923, 0.967741985483448 ], [ 102.910344652663369, 0.967393397283073 ] ], [ [ 102.909781184776079, 0.967033007752672 ], [ 102.909357962330418, 0.967111200816104 ], [ 102.909357873295093, 0.967033499234442 ], [ 102.909781184776079, 0.967033007752672 ] ] ], [ [ [ 102.907161372473851, 1.097860907647265 ], [ 102.907340015578441, 1.097319104880241 ], [ 102.907576329583009, 1.097318793730828 ], [ 102.907935258098291, 1.097498843455588 ], [ 102.908025283604715, 1.097769508387119 ], [ 102.90829430391139, 1.097769153964901 ], [ 102.909459353280184, 1.097226052711933 ], [ 102.909491825000671, 1.097045487921626 ], [ 102.909850048703461, 1.096683972226993 ], [ 102.910175917825882, 1.096593282194768 ], [ 102.910208389603824, 1.096412717576006 ], [ 102.910885864659804, 1.096375562682206 ], [ 102.911604611792256, 1.097459685655225 ], [ 102.911914597199555, 1.098269683632866 ], [ 102.912350774365123, 1.0983593688394 ], [ 102.912363315006374, 1.098539873684886 ], [ 102.912620146076108, 1.098629795376671 ], [ 102.912710340591673, 1.099029895967431 ], [ 102.913069150105017, 1.099119682755153 ], [ 102.913069385451351, 1.099300203684665 ], [ 102.913858808981288, 1.099660202925306 ], [ 102.913949006906961, 1.100062493315109 ], [ 102.914684556999021, 1.100110413681305 ], [ 102.914684792654626, 1.100290934259047 ], [ 102.915043719524206, 1.100470980299164 ], [ 102.915043955278648, 1.100651500798505 ], [ 102.915941154325665, 1.101011354679905 ], [ 102.915950973570745, 1.101333206048638 ], [ 102.915682784048542, 1.101967323643029 ], [ 102.915952259303424, 1.102316351674887 ], [ 102.915235364755105, 1.102689999534115 ], [ 102.917378229273851, 1.102777417982858 ], [ 102.917839249646818, 1.103045646598168 ], [ 102.918992334354627, 1.102775276279877 ], [ 102.924564308403347, 1.102765936190429 ], [ 102.924833087008139, 1.102585060281852 ], [ 102.924653730684, 1.102575582679349 ], [ 102.924473926372755, 1.102224500022792 ], [ 102.925459960619392, 1.101952412249219 ], [ 102.925818173993306, 1.101590899456113 ], [ 102.925817937389226, 1.101410381300009 ], [ 102.926086833967375, 1.101319765037143 ], [ 102.926265349327807, 1.100687713693134 ], [ 102.92644457421801, 1.100597216671954 ], [ 102.926444101400321, 1.100236180629798 ], [ 102.926593850710418, 1.100858080104171 ], [ 102.926803733344457, 1.100957776541861 ], [ 102.926893050074099, 1.100686880608037 ], [ 102.927072511314307, 1.100776901501384 ], [ 102.927071801916867, 1.10023534784856 ], [ 102.927184100884759, 1.100521420974206 ], [ 102.927453115235494, 1.100521063924474 ], [ 102.927452878762978, 1.100340546123038 ], [ 102.927632339840997, 1.10043056699666 ], [ 102.927630901427122, 1.09933201558466 ], [ 102.928056887503132, 1.099241191736678 ], [ 102.928235808956501, 1.098919094877098 ], [ 102.92859456093727, 1.098969701953714 ], [ 102.928940755701475, 1.098827901397979 ], [ 102.929132115917298, 1.098607953705744 ], [ 102.929243167791526, 1.097975994453344 ], [ 102.92993809365619, 1.097794556134333 ], [ 102.932110751589562, 1.096528057170085 ], [ 102.934329721924328, 1.096073826748816 ], [ 102.935427269516524, 1.09553276399204 ], [ 102.935761309325883, 1.09589335432974 ], [ 102.936030320476348, 1.095892998006011 ], [ 102.936144866016974, 1.095710390026726 ], [ 102.936302117806676, 1.095800439848512 ], [ 102.936323534575678, 1.09519590138407 ], [ 102.93635132374834, 1.095376380774682 ], [ 102.93648066830599, 1.095195693355202 ], [ 102.936660091165592, 1.09525841732018 ], [ 102.936658138449033, 1.093763208822437 ], [ 102.937452393888663, 1.093401126628717 ], [ 102.937912342987801, 1.092858970980113 ], [ 102.938796031772313, 1.092316256036999 ], [ 102.938897132052034, 1.091645141989336 ], [ 102.938448429454624, 1.091374960855875 ], [ 102.938357819083407, 1.090653017477411 ], [ 102.93799831690211, 1.090021686279185 ], [ 102.937280252453206, 1.089481084789602 ], [ 102.937100091159223, 1.088849516036347 ], [ 102.93718835452465, 1.087766303828473 ], [ 102.937008780201225, 1.087586023954932 ], [ 102.936918290458649, 1.086954336724105 ], [ 102.936648929251973, 1.08668391650218 ], [ 102.93664682425468, 1.085059274173903 ], [ 102.936467717994688, 1.085240025268915 ], [ 102.936467367425692, 1.084969251487118 ], [ 102.936310351064932, 1.085059715517539 ], [ 102.936310194721372, 1.084938941731606 ], [ 102.936130971506458, 1.085029434890059 ], [ 102.935749890312565, 1.084879934258851 ], [ 102.935568071137595, 1.085210689451367 ], [ 102.935055164000573, 1.085211362112884 ], [ 102.934517766556581, 1.085693874223145 ], [ 102.933329962666761, 1.085785690555372 ], [ 102.932511558672431, 1.086508831871891 ], [ 102.931358614383811, 1.086871378974677 ], [ 102.931077648044337, 1.087142523633648 ], [ 102.930283150827236, 1.087324083721027 ], [ 102.930271079479752, 1.08750461707277 ], [ 102.930104043164732, 1.087504836311655 ], [ 102.930091971842103, 1.087685369704163 ], [ 102.929835498583103, 1.087866223972456 ], [ 102.929555116828496, 1.088588662717772 ], [ 102.929375892127084, 1.088679156997286 ], [ 102.92893972582867, 1.088589471043115 ], [ 102.928401934134627, 1.088770695253343 ], [ 102.928300191957135, 1.088951346823204 ], [ 102.927617381392125, 1.088952243708683 ], [ 102.927616582587632, 1.088335876313183 ], [ 102.927504639006784, 1.088320578392659 ], [ 102.927437571292984, 1.088591443614855 ], [ 102.927414851005381, 1.088230437182004 ], [ 102.927146656386839, 1.088862602830199 ], [ 102.926518841331173, 1.088773168010653 ], [ 102.925975867140323, 1.08904465845584 ], [ 102.924058204247629, 1.089047175669759 ], [ 102.923111212344011, 1.088687380148746 ], [ 102.921497006016722, 1.088599237158516 ], [ 102.921227757257057, 1.088419070635693 ], [ 102.920600054775704, 1.088419893249985 ], [ 102.920381033779861, 1.088600699910049 ], [ 102.919524342447971, 1.088692082452416 ], [ 102.918946725697239, 1.088944884058787 ], [ 102.918358815594971, 1.08885539440091 ], [ 102.918357673069494, 1.087971530603609 ], [ 102.91823552832183, 1.088152210629943 ], [ 102.91808877351238, 1.088062142692705 ], [ 102.918031193066881, 1.08824273824392 ], [ 102.918030465792214, 1.087679833609203 ], [ 102.917908962922027, 1.087701337689099 ], [ 102.917851821285964, 1.088221628018833 ], [ 102.917850449874237, 1.087159853629408 ], [ 102.918029882983475, 1.08722853394271 ], [ 102.918028252406529, 1.085964894867667 ], [ 102.917849024744427, 1.086055389146541 ], [ 102.917848791950973, 1.085874869238784 ], [ 102.917637733409819, 1.085986750176668 ], [ 102.91763817152443, 1.086326445035856 ], [ 102.917221785827053, 1.086417249355785 ], [ 102.917010960021756, 1.086709650560166 ], [ 102.91701209746077, 1.087590905937848 ], [ 102.916833569104995, 1.088222960994134 ], [ 102.914681436464036, 1.088228387044369 ], [ 102.913905540219019, 1.087685228896711 ], [ 102.913457177510324, 1.087685815000698 ], [ 102.913246206725688, 1.087866611969846 ], [ 102.912080465553416, 1.087870745573952 ], [ 102.911900887265318, 1.087690458757646 ], [ 102.911810540436491, 1.087167747595551 ], [ 102.911451592651218, 1.086968959386195 ], [ 102.911361595130671, 1.086717029820998 ], [ 102.911092552662453, 1.086698645612908 ], [ 102.910912858294878, 1.086428097563123 ], [ 102.911001509406546, 1.085634369626767 ], [ 102.910911488208484, 1.0853637044242 ], [ 102.910732118542668, 1.085345202849028 ], [ 102.910552100522182, 1.084822607477519 ], [ 102.910422540861063, 1.084804040871141 ], [ 102.910422772984759, 1.084984562391907 ], [ 102.910243543410004, 1.085075056831389 ], [ 102.910243891681134, 1.085345839170169 ], [ 102.909975337573229, 1.085707232990577 ], [ 102.909566603638382, 1.085527243777521 ], [ 102.909291676359004, 1.085052761200185 ], [ 102.909022657504394, 1.085053111606618 ], [ 102.90902300565989, 1.085323894342437 ], [ 102.908579938526188, 1.085324471544326 ], [ 102.908579644747519, 1.085095959730779 ], [ 102.908758990758173, 1.085095726146364 ], [ 102.90866326957628, 1.084512013071259 ], [ 102.908124651825645, 1.084061408349655 ], [ 102.90759179542755, 1.083971840330388 ], [ 102.907143082310839, 1.083701640143595 ], [ 102.907137552793031, 1.08352112479782 ], [ 102.906963442816192, 1.083473361072359 ], [ 102.906873075015255, 1.082931910761802 ], [ 102.90606566928345, 1.082662175505634 ], [ 102.90588586015798, 1.082301363392466 ], [ 102.905885282027313, 1.081850057124177 ], [ 102.905526242381114, 1.081579738664988 ], [ 102.905256067553594, 1.080677474390846 ], [ 102.904897259062508, 1.080587677869252 ], [ 102.904717566231184, 1.080317126110689 ], [ 102.904269199659893, 1.080317706880265 ], [ 102.903910275488499, 1.080137648511025 ], [ 102.903820256081161, 1.079866980191587 ], [ 102.903281754490692, 1.079506630509236 ], [ 102.903281523960445, 1.079326107434999 ], [ 102.902562984465561, 1.078424419289892 ], [ 102.902024943493842, 1.078425114601271 ], [ 102.90193492464941, 1.078154445426802 ], [ 102.901486211709866, 1.077884239424906 ], [ 102.900590050797248, 1.078336706470263 ], [ 102.900468107011761, 1.078679176328707 ], [ 102.90001295099421, 1.078969286093595 ], [ 102.899693980104715, 1.078860700549995 ], [ 102.899693428606369, 1.078428126516289 ], [ 102.899603409716391, 1.078157456516585 ], [ 102.899473848851713, 1.078138888157852 ], [ 102.899385004277903, 1.078789573243398 ], [ 102.898797150563965, 1.078790332559301 ], [ 102.898316465823171, 1.079098003487518 ], [ 102.898406485066175, 1.079368673840092 ], [ 102.898765295882939, 1.079458472359379 ], [ 102.898765710234258, 1.079783257084695 ], [ 102.897991121010818, 1.079603733824042 ], [ 102.897447955295448, 1.079742688630537 ], [ 102.897268837431909, 1.079923444765287 ], [ 102.896641118643373, 1.079924255979659 ], [ 102.896641579214318, 1.08028530499838 ], [ 102.895924646291888, 1.080647281579113 ], [ 102.895475929493969, 1.080377074078933 ], [ 102.895117232278338, 1.080377537627567 ], [ 102.894764117018326, 1.080600790970044 ], [ 102.894584653133776, 1.080510760278819 ], [ 102.894584307801125, 1.080239972848817 ], [ 102.894404959029302, 1.080240204546062 ], [ 102.894186158654989, 1.08060153786909 ], [ 102.894006844591843, 1.080629067519716 ], [ 102.894007040031696, 1.080782294697888 ], [ 102.893827725923757, 1.080809824382445 ], [ 102.893827921387327, 1.08096305159326 ], [ 102.893419576045758, 1.081053842112258 ], [ 102.893111020678376, 1.081352327228839 ], [ 102.893111827114382, 1.081984165673284 ], [ 102.893291176265933, 1.081983933678971 ], [ 102.893291406773344, 1.082164458909501 ], [ 102.894277711189517, 1.082072920029203 ], [ 102.894317392640431, 1.081892343373762 ], [ 102.894457060096187, 1.082072687946486 ], [ 102.894403064118563, 1.082905814476488 ], [ 102.894134271407097, 1.083086687907208 ], [ 102.894045173933819, 1.083538116714895 ], [ 102.893865824852654, 1.083538349087335 ], [ 102.893686937495616, 1.083899631735544 ], [ 102.893238795387916, 1.084080738026712 ], [ 102.893149351695499, 1.084261379507099 ], [ 102.892611588670547, 1.084484874147263 ], [ 102.892397544507133, 1.084422186747227 ], [ 102.892218622052738, 1.08475617217204 ], [ 102.892039307439745, 1.084783702659684 ], [ 102.891895176158982, 1.085255897010785 ], [ 102.89162615167956, 1.085256245925498 ], [ 102.891536707934492, 1.085436887830415 ], [ 102.890281952321317, 1.085980093642688 ], [ 102.889834039515918, 1.086341727244463 ], [ 102.888942586369225, 1.086342883874886 ], [ 102.888847150990543, 1.085981954714856 ], [ 102.888667685123124, 1.085891924189178 ], [ 102.888489143612006, 1.086523998661252 ], [ 102.888309793164041, 1.086524231341983 ], [ 102.887951554507069, 1.08688574942543 ], [ 102.887952248326656, 1.087427328554411 ], [ 102.887773476131059, 1.087878877432109 ], [ 102.887953228162971, 1.088191706165436 ], [ 102.887954679418741, 1.089322855486986 ], [ 102.887775792215265, 1.089684141558065 ], [ 102.887148527894809, 1.090046011205143 ], [ 102.886969640687624, 1.090407297728518 ], [ 102.886970452595293, 1.091039140771452 ], [ 102.8870659446291, 1.091442342367982 ], [ 102.887419580771606, 1.091622408427529 ], [ 102.88742511098485, 1.091802928008106 ], [ 102.887599280058367, 1.091892964378889 ], [ 102.887604926493424, 1.092163747140968 ], [ 102.888053768518361, 1.092524215202371 ], [ 102.888496963822277, 1.092613900344684 ], [ 102.888856246660694, 1.093064747778587 ], [ 102.888857122808702, 1.093744580411236 ], [ 102.888678121133225, 1.094015603977778 ], [ 102.888678586762296, 1.094376656400281 ], [ 102.888499468751633, 1.094557417023376 ], [ 102.888505636635045, 1.095231524045813 ], [ 102.888775012607113, 1.095501961489887 ], [ 102.890025286558412, 1.095590588738924 ], [ 102.890300310258624, 1.096131807291251 ], [ 102.890833297301313, 1.096311635367702 ], [ 102.890928620680228, 1.096582299549836 ], [ 102.891377230318099, 1.096762237674989 ], [ 102.892363540241348, 1.096670682016487 ], [ 102.89325970684007, 1.096218193369691 ], [ 102.894420533360531, 1.096487459720762 ], [ 102.894515739866222, 1.096667860132358 ], [ 102.894779466465394, 1.096667514236725 ], [ 102.894784998155274, 1.096848032178268 ], [ 102.895048841570372, 1.096937948618568 ], [ 102.895233956811239, 1.097298755936214 ], [ 102.895497683239057, 1.097298409777891 ], [ 102.895593006854028, 1.097569072186844 ], [ 102.896305574887236, 1.097929186259984 ], [ 102.8970239090402, 1.098650341393073 ], [ 102.897299051140436, 1.099281815924055 ], [ 102.897657984111262, 1.099461868268171 ], [ 102.898370082776438, 1.09946093111167 ], [ 102.898555081615072, 1.099731474187962 ], [ 102.899412314904026, 1.100001131762921 ], [ 102.899542204934335, 1.100271746924387 ], [ 102.899810524044739, 1.099729821063125 ], [ 102.900527684186216, 1.099548352537071 ], [ 102.90168838622202, 1.099727347364657 ], [ 102.902142524652547, 1.100087796163176 ], [ 102.903487753330623, 1.100176284238678 ], [ 102.903487518372529, 1.099995761233818 ], [ 102.903756422870302, 1.099905145031246 ], [ 102.903756070510312, 1.099634360610593 ], [ 102.904114061768993, 1.099092319145694 ], [ 102.904651752877044, 1.098820826000834 ], [ 102.905274054257077, 1.098729744570885 ], [ 102.905543427768691, 1.099000173929981 ], [ 102.905549195445673, 1.099361212066463 ], [ 102.905723597504362, 1.099631766362593 ], [ 102.905724012528722, 1.099950540197703 ], [ 102.905544664983978, 1.099950776795868 ], [ 102.905550958484355, 1.100715131254474 ], [ 102.906716952428738, 1.100894114407023 ], [ 102.906711128876168, 1.10049080563516 ], [ 102.906447288105269, 1.100400892616507 ], [ 102.906441637447443, 1.100130116062402 ], [ 102.905998151650095, 1.099811927022061 ], [ 102.906177499088983, 1.099811690426333 ], [ 102.906177264047173, 1.099631168003405 ], [ 102.906356611436735, 1.099630931435726 ], [ 102.906535488776996, 1.099269650165976 ], [ 102.906893948351296, 1.099088654863705 ], [ 102.907162499287196, 1.098727255697281 ], [ 102.90725170314353, 1.098366093099089 ], [ 102.907161372473851, 1.097860907647265 ] ], [ [ 102.909488262299007, 1.094301399365117 ], [ 102.909455907084507, 1.094572224911143 ], [ 102.909219593828425, 1.094572535430924 ], [ 102.909219242687385, 1.094301752775662 ], [ 102.909488262299007, 1.094301399365117 ] ], [ [ 102.924829000576651, 1.099465165152746 ], [ 102.925425939371294, 1.099193596232522 ], [ 102.925426229585753, 1.099415481337045 ], [ 102.925605703597512, 1.099515218669368 ], [ 102.92551672792311, 1.100047176279633 ], [ 102.925785873640848, 1.100146794530223 ], [ 102.925517200548086, 1.100408212726002 ], [ 102.925517436918781, 1.100588730948781 ], [ 102.925009815502065, 1.100589404377944 ], [ 102.92491992017942, 1.100418720900801 ], [ 102.924740576746871, 1.100418958761237 ], [ 102.924829000576651, 1.099465165152746 ] ], [ [ 102.905723914170665, 1.09579851518435 ], [ 102.905808227658881, 1.095750414240815 ], [ 102.905808289912144, 1.095798404290738 ], [ 102.905723914170665, 1.09579851518435 ] ], [ [ 102.905723266624975, 1.095299218813857 ], [ 102.905897612301089, 1.095527502699005 ], [ 102.90563400637545, 1.095618110492851 ], [ 102.905544153435045, 1.095479976976938 ], [ 102.905723266624975, 1.095299218813857 ] ], [ [ 102.917223910647991, 1.088063274793832 ], [ 102.917402994201723, 1.087861174998028 ], [ 102.917312766810952, 1.087431337348021 ], [ 102.917460019633893, 1.087250624424495 ], [ 102.917640296393358, 1.087972469650196 ], [ 102.917551179815703, 1.088402541894121 ], [ 102.917223910647991, 1.088063274793832 ] ] ], [ [ [ 102.908959415901791, 1.101369754683021 ], [ 102.909676532042383, 1.101160987131608 ], [ 102.909675354725067, 1.100258378813431 ], [ 102.909316073018545, 1.09980754825351 ], [ 102.908778032613569, 1.099808258575087 ], [ 102.908290495098484, 1.100377766439909 ], [ 102.908202234112366, 1.101461016761641 ], [ 102.908830066455266, 1.101550447843563 ], [ 102.908959415901791, 1.101369754683021 ] ] ], [ [ [ 102.909639131692941, 1.103083814816947 ], [ 102.909818478543599, 1.103083577296592 ], [ 102.910088324970332, 1.103715046494468 ], [ 102.91057633153865, 1.103506580548532 ], [ 102.910755324065804, 1.10323556074077 ], [ 102.910754970005812, 1.102964778600646 ], [ 102.910395922742708, 1.102694471435579 ], [ 102.91030565970145, 1.102243286360444 ], [ 102.910036403849702, 1.102063120826133 ], [ 102.90945860549418, 1.102181443785024 ], [ 102.909369521582448, 1.102632866758701 ], [ 102.909639131692941, 1.103083814816947 ] ] ] ] } }
]
}
