{
"type": "FeatureCollection",
"name": "riau_provinsi",
"crs": { "type": "name", "properties": { "name": "urn:ogc:def:crs:OGC:1.3:CRS84" } },
"features": [
{ "type": "Feature", "properties": { }, "geometry": { "type": "MultiPolygon", "coordinates": [ [ [ [ 101.915388662000055, -0.919252808999943, 0.0 ], [ 101.913707080000052, -0.920776807999971, 0.0 ], [ 101.912839339000072, -0.924181050999948, 0.0 ], [ 101.91545780000007, -0.928666513999929, 0.0 ], [ 101.91582313300006, -0.939387455999963, 0.0 ], [ 101.909722212000077, -0.941388932999928, 0.0 ], [ 101.909722192000061, -0.949444488999973, 0.0 ], [ 101.907777786000054, -0.952499977999935, 0.0 ], [ 101.895277795000084, -0.956666625999958, 0.0 ], [ 101.892777764000073, -0.96222226499998, 0.0 ], [ 101.88249998100008, -0.968055575999927, 0.0 ], [ 101.855000024000049, -0.96777775299995, 0.0 ], [ 101.853055549000032, -0.97194445699995, 0.0 ], [ 101.852744352000059, -0.979332079999949, 0.0 ], [ 101.845277779000071, -0.983611113999928, 0.0 ], [ 101.832430557000066, -0.983202774999938, 0.0 ], [ 101.831510114000082, -0.981406256999946, 0.0 ], [ 101.827222241000072, -0.981111071999976, 0.0 ], [ 101.824722172000065, -0.978055611999935, 0.0 ], [ 101.820395406000046, -0.976875015999951, 0.0 ], [ 101.810760173000062, -0.968259313999965, 0.0 ], [ 101.803375040000049, -0.964093341999956, 0.0 ], [ 101.793003967000061, -0.964872820999972, 0.0 ], [ 101.788415411000074, -0.967533424999942, 0.0 ], [ 101.773333333000039, -0.968333261999931, 0.0 ], [ 101.761904677000075, -0.975697047999972, 0.0 ], [ 101.753825215000063, -0.975192080999932, 0.0 ], [ 101.750833344000057, -0.971666696999932, 0.0 ], [ 101.743333137000036, -0.949649199999953, 0.0 ], [ 101.738620117000039, -0.948302622999961, 0.0 ], [ 101.729699045000075, -0.951781279999977, 0.0 ], [ 101.725434884000038, -0.951444635999962, 0.0 ], [ 101.722222251000062, -0.946111129999963, 0.0 ], [ 101.702150324000058, -0.940279267999927, 0.0 ], [ 101.697830057000033, -0.936968932999946, 0.0 ], [ 101.715055020000079, -0.908606655999961, 0.0 ], [ 101.734542981000061, -0.896487462999971, 0.0 ], [ 101.736151393000057, -0.879131581999957, 0.0 ], [ 101.731666691000044, -0.870555596999964, 0.0 ], [ 101.721800373000065, -0.868564693999929, 0.0 ], [ 101.713421672000038, -0.869686840999975, 0.0 ], [ 101.711111140000071, -0.85861110999997, 0.0 ], [ 101.701969534000057, -0.857277759999931, 0.0 ], [ 101.692777767000052, -0.851111140999933, 0.0 ], [ 101.67840443700004, -0.846897895999973, 0.0 ], [ 101.669403, -0.835318, 0.0 ], [ 101.647681024000065, -0.82365154799993, 0.0 ], [ 101.640603999000064, -0.825863172999959, 0.0 ], [ 101.631570712000041, -0.83686021799997, 0.0 ], [ 101.609166674000051, -0.837222262999944, 0.0 ], [ 101.594539845000043, -0.846735115999934, 0.0 ], [ 101.587582531000066, -0.847296188999962, 0.0 ], [ 101.577427097000054, -0.838992297999937, 0.0 ], [ 101.564436158000035, -0.834389576999968, 0.0 ], [ 101.540833356000064, -0.815833304999956, 0.0 ], [ 101.530072473000075, -0.809816463999937, 0.0 ], [ 101.522777742000073, -0.809166673999925, 0.0 ], [ 101.515776709000079, -0.810954888999959, 0.0 ], [ 101.505806034000045, -0.808547034999947, 0.0 ], [ 101.501513820000071, -0.804759786999966, 0.0 ], [ 101.491414493000036, -0.788348379999945, 0.0 ], [ 101.481474260000084, -0.785947930999953, 0.0 ], [ 101.454444469000066, -0.769166645999974, 0.0 ], [ 101.438477186000057, -0.755546606999928, 0.0 ], [ 101.432417590000057, -0.746036406999963, 0.0 ], [ 101.426026820000061, -0.745234165999932, 0.0 ], [ 101.426491, -0.74062, 0.0 ], [ 101.425062837000041, -0.738697549999927, 0.0 ], [ 101.422339132000047, -0.738500174999956, 0.0 ], [ 101.419120142000054, -0.743764058999943, 0.0 ], [ 101.402877058000058, -0.745783923999966, 0.0 ], [ 101.397490750000088, -0.745363118999933, 0.0 ], [ 101.394797596000046, -0.743595735999975, 0.0 ], [ 101.395277776000057, -0.738611098999968, 0.0 ], [ 101.399678937000033, -0.735011307999969, 0.0 ], [ 101.404055313000072, -0.726847684999939, 0.0 ], [ 101.405555532000051, -0.717499975999942, 0.0 ], [ 101.401614642000084, -0.708921379999936, 0.0 ], [ 101.39833236000004, -0.70639654799993, 0.0 ], [ 101.374999976000083, -0.704444426999942, 0.0 ], [ 101.347835724000049, -0.683504738999943, 0.0 ], [ 101.348929818000045, -0.674415344999943, 0.0 ], [ 101.350724219000085, -0.67155288999993, 0.0 ], [ 101.360039078000057, -0.666083399999934, 0.0 ], [ 101.360207400000036, -0.659518836999951, 0.0 ], [ 101.357350644000064, -0.657518673999959, 0.0 ], [ 101.348845657000084, -0.660781252999925, 0.0 ], [ 101.345479215000069, -0.660107964999952, 0.0 ], [ 101.339419618000079, -0.651523536999946, 0.0 ], [ 101.322587406000082, -0.649503670999934, 0.0 ], [ 101.31682704900004, -0.636323113999936, 0.0 ], [ 101.30540364400008, -0.627786248999939, 0.0 ], [ 101.301328946000069, -0.631329557999948, 0.0 ], [ 101.293324294000058, -0.631005381999955, 0.0 ], [ 101.285045339000078, -0.624023130999944, 0.0 ], [ 101.278362328000071, -0.622003264999933, 0.0 ], [ 101.254890743000033, -0.625184241999932, 0.0 ], [ 101.250261885000043, -0.619545450999965, 0.0 ], [ 101.242266584000049, -0.613990820999959, 0.0 ], [ 101.239444466000066, -0.60333336399998, 0.0 ], [ 101.236459471000046, -0.598084379999932, 0.0 ], [ 101.223077862000082, -0.586806797999941, 0.0 ], [ 101.217777805000082, -0.584166714999981, 0.0 ], [ 101.208854643000052, -0.587816730999975, 0.0 ], [ 101.203720818000079, -0.586638475999962, 0.0 ], [ 101.198611096000036, -0.58138889099996, 0.0 ], [ 101.197205350000047, -0.576267962999964, 0.0 ], [ 101.191212251000081, -0.571579880999934, 0.0 ], [ 101.189166698000065, -0.56777780799996, 0.0 ], [ 101.18133735300006, -0.542553665999947, 0.0 ], [ 101.169629615000076, -0.54206740199993, 0.0 ], [ 101.162073822000082, -0.533763510999961, 0.0 ], [ 101.153956955000069, -0.535297111999967, 0.0 ], [ 101.14307212500006, -0.529835994999928, 0.0 ], [ 101.134618614000033, -0.521793937999973, 0.0 ], [ 101.122222196000052, -0.514999994999926, 0.0 ], [ 101.111675683000044, -0.501666691999958, 0.0 ], [ 101.099262627000087, -0.501287021999929, 0.0 ], [ 101.097325913000077, -0.502053493999938, 0.0 ], [ 101.094071685000074, -0.50777644599998, 0.0 ], [ 101.088602200000082, -0.509224030999974, 0.0 ], [ 101.064895851000074, -0.501885170999969, 0.0 ], [ 101.067589005000059, -0.494815641999935, 0.0 ], [ 101.066242428000066, -0.488643830999933, 0.0 ], [ 101.063738545000035, -0.484576015999949, 0.0 ], [ 101.055908449000071, -0.478915405999942, 0.0 ], [ 101.050547078000079, -0.472481759999937, 0.0 ], [ 101.046713074000081, -0.457579017999933, 0.0 ], [ 101.037623680000081, -0.444898751999972, 0.0 ], [ 101.037735894000036, -0.432106270999952, 0.0 ], [ 101.041495088000033, -0.424195130999976, 0.0 ], [ 101.032798446000072, -0.412524797999936, 0.0 ], [ 101.032012942000051, -0.404108691999966, 0.0 ], [ 101.028534285000035, -0.398666275999972, 0.0 ], [ 101.028702607000071, -0.394009363999942, 0.0 ], [ 101.031620191000059, -0.390418491999981, 0.0 ], [ 101.039980189000062, -0.388230304999979, 0.0 ], [ 101.041388889000075, -0.385277777999931, 0.0 ], [ 101.041388889000075, -0.376111110999943, 0.0 ], [ 101.04194394700005, -0.370154378999928, 0.0 ], [ 101.037156118000041, -0.359980241999949, 0.0 ], [ 101.038353075000032, -0.35328476199993, 0.0 ], [ 101.037417953000045, -0.350741227999947, 0.0 ], [ 101.030996775000062, -0.344762675999959, 0.0 ], [ 101.020772765000061, -0.342942302999973, 0.0 ], [ 101.0175, -0.337777777999975, 0.0 ], [ 101.003292201000079, -0.324239844999965, 0.0 ], [ 100.992222222000066, -0.315833332999944, 0.0 ], [ 100.986534799000083, -0.316509495999981, 0.0 ], [ 100.977626888000032, -0.314006137999968, 0.0 ], [ 100.968439132000071, -0.317962745999978, 0.0 ], [ 100.961911282000074, -0.312654018999979, 0.0 ], [ 100.959207045000085, -0.314227795999955, 0.0 ], [ 100.957023706000086, -0.312920009999971, 0.0 ], [ 100.955882163000069, -0.314793025999961, 0.0 ], [ 100.952479701000073, -0.313773395999931, 0.0 ], [ 100.951293827000086, -0.315812655999935, 0.0 ], [ 100.948500927000055, -0.312122037999927, 0.0 ], [ 100.944887889000086, -0.313485238999931, 0.0 ], [ 100.945408787000076, -0.317319935999933, 0.0 ], [ 100.940555556000049, -0.314444443999946, 0.0 ], [ 100.934166667000056, -0.315277777999938, 0.0 ], [ 100.920555556000068, -0.320277777999934, 0.0 ], [ 100.915147517000037, -0.324345132999952, 0.0 ], [ 100.901307699000085, -0.32520752399995, 0.0 ], [ 100.890809386000058, -0.331460378999964, 0.0 ], [ 100.889288252000085, -0.334502645999976, 0.0 ], [ 100.891679229000033, -0.339580570999942, 0.0 ], [ 100.88976204800008, -0.341559706999931, 0.0 ], [ 100.882729924000046, -0.340088446999971, 0.0 ], [ 100.8725, -0.345, 0.0 ], [ 100.869812760000059, -0.344003494999924, 0.0 ], [ 100.864276832000087, -0.33507618799996, 0.0 ], [ 100.860833333000073, -0.332222221999928, 0.0 ], [ 100.853611111000077, -0.340833332999978, 0.0 ], [ 100.845, -0.34277777799997, 0.0 ], [ 100.840668096000059, -0.337466984999935, 0.0 ], [ 100.844158333000053, -0.330272221999962, 0.0 ], [ 100.835337896000055, -0.324393966999935, 0.0 ], [ 100.836563889000047, -0.3196, 0.0 ], [ 100.844707827000036, -0.317604974999938, 0.0 ], [ 100.845437223000033, -0.316202290999968, 0.0 ], [ 100.841481653000073, -0.307463567999946, 0.0 ], [ 100.845063889000073, -0.296916666999948, 0.0 ], [ 100.842912391000084, -0.290042227999947, 0.0 ], [ 100.837913889000049, -0.284377777999964, 0.0 ], [ 100.82339722200004, -0.283511110999939, 0.0 ], [ 100.81303521500007, -0.275734847999956, 0.0 ], [ 100.808827162000057, -0.269843573999935, 0.0 ], [ 100.806134008000072, -0.252506394999955, 0.0 ], [ 100.801883333000035, -0.242552777999947, 0.0 ], [ 100.797297097000069, -0.236684115999935, 0.0 ], [ 100.783035433000066, -0.225747593999927, 0.0 ], [ 100.774723230000063, -0.214393123999969, 0.0 ], [ 100.774722222000037, -0.212027777999936, 0.0 ], [ 100.778214355000046, -0.208348073999957, 0.0 ], [ 100.778513595000049, -0.203896888999964, 0.0 ], [ 100.783750283000074, -0.200418231999947, 0.0 ], [ 100.783909254000037, -0.185951880999937, 0.0 ], [ 100.775305556000035, -0.1825, 0.0 ], [ 100.772612969000079, -0.179518234999932, 0.0 ], [ 100.771333333000086, -0.169055555999932, 0.0 ], [ 100.766890017000037, -0.157224905999954, 0.0 ], [ 100.765618250000045, -0.14783627199995, 0.0 ], [ 100.752985779000085, -0.131753196999966, 0.0 ], [ 100.754500678000056, -0.126535210999975, 0.0 ], [ 100.759438127000067, -0.122551587999965, 0.0 ], [ 100.757137724000074, -0.112340045999929, 0.0 ], [ 100.756881544000066, -0.097004602999959, 0.0 ], [ 100.754905898000061, -0.086088028999939, 0.0 ], [ 100.751591667000071, -0.078541666999968, 0.0 ], [ 100.748004691000062, -0.053545751999934, 0.0 ], [ 100.736446572000034, -0.049225484999965, 0.0 ], [ 100.73801757800004, -0.040865485999973, 0.0 ], [ 100.740636111000072, -0.039016666999942, 0.0 ], [ 100.747668047000047, -0.03884562099995, 0.0 ], [ 100.754681468000058, -0.044175820999953, 0.0 ], [ 100.758397222000042, -0.043641666999974, 0.0 ], [ 100.758891316000074, -0.032330882999929, 0.0 ], [ 100.763826970000082, -0.022237837999967, 0.0 ], [ 100.766968983000083, -0.02083515399994, 0.0 ], [ 100.771794217000036, -0.022350052999968, 0.0 ], [ 100.7782, -0.03, 0.0 ], [ 100.780902314000059, -0.030064816999925, 0.0 ], [ 100.790328353000064, -0.022359403999928, 0.0 ], [ 100.805907500000046, -0.019713005999961, 0.0 ], [ 100.808207903000039, -0.020330186999956, 0.0 ], [ 100.809616667000057, -0.02411666699993, 0.0 ], [ 100.804504816000076, -0.03390817199994, 0.0 ], [ 100.80500978200007, -0.037835687999973, 0.0 ], [ 100.807871258000034, -0.043558639999958, 0.0 ], [ 100.815215114000068, -0.043561323999938, 0.0 ], [ 100.8165, -0.048833332999948, 0.0 ], [ 100.816511794000064, -0.033627634999959, 0.0 ], [ 100.82543910000004, -0.03492122199998, 0.0 ], [ 100.82884987500006, -0.028350424999928, 0.0 ], [ 100.823881948000064, -0.022588681999935, 0.0 ], [ 100.823916667000049, -0.019666666999967, 0.0 ], [ 100.842559469000037, -0.005606850999925, 0.0 ], [ 100.843157948000055, 0.002438323000035, 0.0 ], [ 100.846075531000054, 0.010405570000046, 0.0 ], [ 100.844560632000082, 0.033914560000028, 0.0 ], [ 100.85258398600007, 0.040254693000065, 0.0 ], [ 100.862851636000073, 0.042218451000053, 0.0 ], [ 100.864590964000058, 0.045248249000053, 0.0 ], [ 100.857109981000065, 0.049640210000064, 0.0 ], [ 100.852297215000078, 0.050463118000039, 0.0 ], [ 100.84750938600007, 0.055724743000042, 0.0 ], [ 100.837497337000059, 0.061918373000026, 0.0 ], [ 100.833120962000066, 0.068482936000066, 0.0 ], [ 100.830708345000062, 0.06736078900002, 0.0 ], [ 100.827061365000077, 0.055466025000044, 0.0 ], [ 100.814362397000082, 0.053511619000062, 0.0 ], [ 100.806918818000042, 0.054231663000053, 0.0 ], [ 100.801611476000062, 0.04986463900002, 0.0 ], [ 100.800222222000059, 0.050222222000059, 0.0 ], [ 100.799574987000085, 0.058779478000019, 0.0 ], [ 100.795585129000074, 0.061647188000052, 0.0 ], [ 100.792986111000062, 0.067533333000029, 0.0 ], [ 100.787131618000046, 0.07232005700007, 0.0 ], [ 100.785311245000059, 0.075960802000054, 0.0 ], [ 100.781221641000059, 0.077232569000046, 0.0 ], [ 100.778716667000083, 0.083655556000053, 0.0 ], [ 100.781583333000071, 0.089322222000021, 0.0 ], [ 100.781022148000034, 0.093216937000022, 0.0 ], [ 100.77421445400006, 0.102243990000034, 0.0 ], [ 100.77728165700006, 0.105635369000026, 0.0 ], [ 100.786258896000049, 0.106742840000038, 0.0 ], [ 100.789749962000087, 0.115585076000059, 0.0 ], [ 100.785372222000035, 0.119086111000058, 0.0 ], [ 100.784338718000072, 0.122043658000052, 0.0 ], [ 100.787767502000065, 0.127498542000069, 0.0 ], [ 100.796108798000034, 0.127311517000066, 0.0 ], [ 100.813502084000049, 0.133932187000028, 0.0 ], [ 100.820872222000048, 0.145422222000036, 0.0 ], [ 100.832167136000066, 0.140291023000032, 0.0 ], [ 100.835421364000069, 0.14088950200005, 0.0 ], [ 100.841780200000073, 0.146201, 0.0 ], [ 100.842603108000048, 0.155252989000076, 0.0 ], [ 100.849191667000071, 0.162302778000026, 0.0 ], [ 100.850191667000047, 0.169491667000045, 0.0 ], [ 100.848961944000052, 0.17496538000006, 0.0 ], [ 100.843923055000062, 0.180230596000058, 0.0 ], [ 100.846242160000088, 0.189170371000046, 0.0 ], [ 100.843652305000035, 0.19866, 0.0 ], [ 100.846875, 0.206186111000022, 0.0 ], [ 100.843898118000084, 0.209886460000064, 0.0 ], [ 100.839984524000045, 0.211135432000049, 0.0 ], [ 100.838659430000064, 0.215184491000059, 0.0 ], [ 100.839508828000078, 0.219661862000066, 0.0 ], [ 100.843033649000063, 0.223348074000057, 0.0 ], [ 100.835826969000038, 0.234619422000037, 0.0 ], [ 100.826678905000051, 0.238997010000048, 0.0 ], [ 100.825066667000044, 0.247180556000046, 0.0 ], [ 100.819088889000056, 0.253786111000068, 0.0 ], [ 100.817261662000078, 0.259674019000045, 0.0 ], [ 100.814605913000037, 0.26053433200002, 0.0 ], [ 100.811052446000076, 0.251631962000033, 0.0 ], [ 100.807060635000084, 0.252829426000062, 0.0 ], [ 100.802341119000062, 0.257566675000021, 0.0 ], [ 100.799188203000085, 0.25811451900006, 0.0 ], [ 100.788896268000087, 0.252747876000058, 0.0 ], [ 100.773485443000084, 0.251301552000029, 0.0 ], [ 100.767546839000033, 0.246282724000025, 0.0 ], [ 100.766454747000068, 0.242024432000051, 0.0 ], [ 100.768273691000047, 0.236380108000048, 0.0 ], [ 100.766805556000065, 0.233611111000073, 0.0 ], [ 100.748117983000043, 0.240789, 0.0 ], [ 100.743096, 0.239476, 0.0 ], [ 100.739319, 0.242999, 0.0 ], [ 100.739838, 0.238046, 0.0 ], [ 100.737777778000066, 0.236944444000073, 0.0 ], [ 100.726592147000076, 0.239223613000036, 0.0 ], [ 100.726388889000077, 0.240888889000075, 0.0 ], [ 100.723251, 0.241969, 0.0 ], [ 100.713318, 0.240309, 0.0 ], [ 100.708428, 0.245268, 0.0 ], [ 100.699555, 0.248497, 0.0 ], [ 100.698532, 0.247358, 0.0 ], [ 100.701683, 0.243569, 0.0 ], [ 100.70137, 0.238489, 0.0 ], [ 100.69397, 0.228744, 0.0 ], [ 100.695312, 0.217632, 0.0 ], [ 100.691124, 0.21088, 0.0 ], [ 100.688591, 0.209532, 0.0 ], [ 100.684547, 0.201642, 0.0 ], [ 100.686850117000063, 0.190278761000059, 0.0 ], [ 100.679832, 0.185982, 0.0 ], [ 100.672701707000044, 0.18527117800005, 0.0 ], [ 100.671093296000038, 0.186468135000041, 0.0 ], [ 100.670607032000078, 0.195968984000046, 0.0 ], [ 100.64727773900006, 0.203333352000072, 0.0 ], [ 100.63520479400006, 0.21525682500004, 0.0 ], [ 100.626416677000066, 0.219444471000031, 0.0 ], [ 100.62784490100006, 0.228064220000022, 0.0 ], [ 100.625694456000076, 0.234166702000039, 0.0 ], [ 100.602083349000054, 0.247777753000037, 0.0 ], [ 100.587786867000034, 0.251505705000056, 0.0 ], [ 100.586271968000062, 0.266907179000043, 0.0 ], [ 100.581853512000066, 0.279152613000065, 0.0 ], [ 100.559017811000047, 0.304660428000034, 0.0 ], [ 100.550040631000059, 0.305950898000049, 0.0 ], [ 100.541007344000036, 0.303818817000035, 0.0 ], [ 100.53405003000006, 0.304379891000053, 0.0 ], [ 100.531637413000055, 0.317396802000076, 0.0 ], [ 100.523614058000078, 0.319157171000029, 0.0 ], [ 100.511188893000053, 0.318333370000062, 0.0 ], [ 100.498530526000081, 0.305833348000021, 0.0 ], [ 100.49596715000007, 0.305018113000074, 0.0 ], [ 100.470845073000078, 0.311330192000071, 0.0 ], [ 100.467057826000087, 0.314612473000068, 0.0 ], [ 100.45304500900005, 0.342890590000025, 0.0 ], [ 100.435371187000044, 0.352484950000076, 0.0 ], [ 100.430574006000086, 0.356524681000053, 0.0 ], [ 100.429311590000054, 0.360438171000055, 0.0 ], [ 100.434108771000069, 0.379121926000039, 0.0 ], [ 100.437012327000048, 0.384297831000026, 0.0 ], [ 100.441638886000078, 0.38861109100003, 0.0 ], [ 100.454559908000078, 0.393892192000067, 0.0 ], [ 100.460666643000081, 0.401388913000062, 0.0 ], [ 100.461077195000087, 0.41157406700006, 0.0 ], [ 100.445833309000079, 0.417777776000037, 0.0 ], [ 100.44700685983625, 0.41840405625985, 0.0 ], [ 100.435192994000033, 0.414005387000032, 0.0 ], [ 100.432499957000061, 0.415277813000046, 0.0 ], [ 100.429133397000044, 0.422010039000043, 0.0 ], [ 100.420231027000057, 0.424223163000022, 0.0 ], [ 100.415967710000075, 0.417708212000036, 0.0 ], [ 100.406525243000033, 0.412685305000025, 0.0 ], [ 100.38927222600006, 0.407130675000076, 0.0 ], [ 100.385821622000037, 0.404100877000076, 0.0 ], [ 100.381697730000042, 0.393917388000034, 0.0 ], [ 100.376398232000042, 0.389691837000044, 0.0 ], [ 100.365977153000074, 0.394932985000025, 0.0 ], [ 100.365067840000052, 0.391624596000042, 0.0 ], [ 100.361577003000036, 0.389028254000038, 0.0 ], [ 100.351889129000085, 0.389084362000062, 0.0 ], [ 100.349993947000087, 0.382850209000026, 0.0 ], [ 100.345888878000039, 0.380555603000062, 0.0 ], [ 100.33480755100004, 0.388576278000073, 0.0 ], [ 100.330181810000056, 0.395470212000021, 0.0 ], [ 100.323266057000069, 0.400440910000043, 0.0 ], [ 100.31846160300006, 0.400673651000034, 0.0 ], [ 100.313446110000086, 0.398255068000026, 0.0 ], [ 100.302053314000034, 0.396398408000039, 0.0 ], [ 100.294933711000056, 0.400772393000068, 0.0 ], [ 100.288695603000065, 0.399264733000052, 0.0 ], [ 100.286254585000052, 0.404310240000029, 0.0 ], [ 100.279796003000058, 0.408075669000027, 0.0 ], [ 100.269479635000039, 0.420400126000061, 0.0 ], [ 100.264878831000033, 0.433304822000025, 0.0 ], [ 100.258370375000084, 0.442020168000056, 0.0 ], [ 100.256111111000052, 0.448055556000043, 0.0 ], [ 100.246625232000042, 0.459488263000026, 0.0 ], [ 100.240453421000041, 0.471008977000054, 0.0 ], [ 100.235702996000043, 0.474674659000073, 0.0 ], [ 100.235328947000085, 0.478190721000033, 0.0 ], [ 100.24041601600004, 0.486457208000047, 0.0 ], [ 100.238583175000088, 0.491768706000073, 0.0 ], [ 100.231385556000077, 0.49584954900007, 0.0 ], [ 100.22287311000008, 0.50598257300004, 0.0 ], [ 100.221302104000074, 0.51514677800003, 0.0 ], [ 100.22332196900004, 0.522328522000066, 0.0 ], [ 100.227244637000069, 0.527519608000034, 0.0 ], [ 100.239532151000049, 0.531559339000069, 0.0 ], [ 100.239981010000065, 0.535729987000025, 0.0 ], [ 100.228759536000041, 0.558509581000067, 0.0 ], [ 100.222629805000054, 0.56364340500005, 0.0 ], [ 100.216611123000064, 0.576966673000072, 0.0 ], [ 100.211099740000066, 0.579465685000059, 0.0 ], [ 100.209584841000037, 0.582243, 0.0 ], [ 100.204619338000043, 0.614813330000061, 0.0 ], [ 100.197805600000038, 0.628138945000046, 0.0 ], [ 100.206218398000033, 0.639851245000045, 0.0 ], [ 100.210426451000046, 0.653821981000021, 0.0 ], [ 100.220301349000067, 0.662093663000064, 0.0 ], [ 100.22144447800008, 0.665288902000043, 0.0 ], [ 100.228583358000037, 0.661944461000076, 0.0 ], [ 100.249198725000042, 0.672845238000036, 0.0 ], [ 100.273689593000086, 0.677137452000068, 0.0 ], [ 100.284420128000079, 0.682313358000044, 0.0 ], [ 100.285682544000053, 0.686984297000038, 0.0 ], [ 100.284546370000044, 0.689509128000054, 0.0 ], [ 100.277250037000044, 0.696420090000061, 0.0 ], [ 100.268690026000058, 0.708030044000054, 0.0 ], [ 100.268261205000044, 0.71097019900003, 0.0 ], [ 100.273689593000086, 0.72725536400003, 0.0 ], [ 100.27002858700007, 0.730411404000051, 0.0 ], [ 100.261949125000058, 0.733188719000054, 0.0 ], [ 100.232063, 0.737027, 0.0 ], [ 100.221173092000072, 0.742530596000051, 0.0 ], [ 100.219055, 0.742739, 0.0 ], [ 100.213346113000057, 0.736092275000033, 0.0 ], [ 100.211704972000064, 0.736092275000033, 0.0 ], [ 100.200595712000052, 0.745055428000057, 0.0 ], [ 100.194638884000085, 0.756888967000066, 0.0 ], [ 100.187592829000039, 0.760961868000038, 0.0 ], [ 100.181194597000058, 0.762333333000072, 0.0 ], [ 100.179583702000059, 0.768465204000051, 0.0 ], [ 100.165368688000058, 0.786125360000028, 0.0 ], [ 100.161774828000034, 0.787674945000049, 0.0 ], [ 100.159223929000063, 0.79146750600006, 0.0 ], [ 100.15787343900007, 0.799106818000041, 0.0 ], [ 100.153476741000077, 0.800299606000067, 0.0 ], [ 100.152131351000037, 0.802737792000073, 0.0 ], [ 100.147937503000037, 0.804928774000075, 0.0 ], [ 100.136681046000035, 0.806686437000053, 0.0 ], [ 100.126886358000036, 0.815325211000072, 0.0 ], [ 100.123730110000054, 0.816090587000076, 0.0 ], [ 100.121722333000037, 0.821390721000057, 0.0 ], [ 100.120831376000069, 0.837430174000076, 0.0 ], [ 100.122836384000038, 0.839452180000023, 0.0 ], [ 100.122044910000056, 0.841693783000039, 0.0 ], [ 100.124422954000067, 0.847619845000054, 0.0 ], [ 100.130021131000035, 0.843221689000075, 0.0 ], [ 100.135587520000058, 0.847186122000039, 0.0 ], [ 100.136488216000032, 0.850034784000059, 0.0 ], [ 100.135241922000034, 0.851771890000066, 0.0 ], [ 100.137757357000055, 0.859012133000022, 0.0 ], [ 100.132659015000058, 0.861849321000022, 0.0 ], [ 100.132978779000041, 0.865697599000043, 0.0 ], [ 100.137641669000061, 0.884604997000054, 0.0 ], [ 100.144053190000079, 0.897877767000068, 0.0 ], [ 100.14039917000008, 0.900628691000065, 0.0 ], [ 100.121834901000057, 0.895537650000051, 0.0 ], [ 100.097927022000079, 0.909683241000039, 0.0 ], [ 100.087624620000042, 0.925579589000051, 0.0 ], [ 100.089372375000039, 0.928425, 0.0 ], [ 100.092406309000069, 0.929304911000031, 0.0 ], [ 100.095137701000056, 0.927892942000028, 0.0 ], [ 100.096780867000064, 0.923595759000023, 0.0 ], [ 100.094551395000053, 0.92071089500007, 0.0 ], [ 100.096627569000077, 0.921859047000055, 0.0 ], [ 100.096725939000066, 0.920294124000065, 0.0 ], [ 100.10197510200004, 0.924200197000062, 0.0 ], [ 100.10133640500004, 0.922011359000066, 0.0 ], [ 100.104066682000052, 0.917008291000059, 0.0 ], [ 100.102879855000083, 0.914891988000022, 0.0 ], [ 100.105252058000076, 0.914384700000028, 0.0 ], [ 100.10611410000007, 0.912312992000068, 0.0 ], [ 100.109789456000044, 0.912329944000021, 0.0 ], [ 100.110606752000081, 0.910835460000044, 0.0 ], [ 100.109197153000082, 0.914890028000059, 0.0 ], [ 100.110464935000039, 0.91725957500006, 0.0 ], [ 100.114122377000058, 0.917466479000041, 0.0 ], [ 100.115496636000046, 0.915439842000069, 0.0 ], [ 100.113474264000047, 0.913875590000032, 0.0 ], [ 100.115989781000053, 0.911893826000039, 0.0 ], [ 100.11868609000004, 0.913385500000061, 0.0 ], [ 100.119610674000057, 0.910183085000028, 0.0 ], [ 100.124634302000061, 0.91139361300003, 0.0 ], [ 100.125902769000049, 0.915961209000045, 0.0 ], [ 100.133030085000087, 0.920137973000067, 0.0 ], [ 100.133299125000065, 0.930985432000057, 0.0 ], [ 100.136576180000077, 0.931130256000074, 0.0 ], [ 100.138317850000078, 0.929484272000025, 0.0 ], [ 100.144036171000039, 0.934507790000055, 0.0 ], [ 100.150702469000066, 0.934736218000069, 0.0 ], [ 100.147333432000039, 0.943740403000049, 0.0 ], [ 100.147591249000072, 0.949840240000071, 0.0 ], [ 100.144730246000051, 0.953162234000047, 0.0 ], [ 100.146161721000055, 0.954431283000019, 0.0 ], [ 100.144961324000064, 0.957635595000056, 0.0 ], [ 100.147119176000047, 0.958432677000076, 0.0 ], [ 100.148305951000054, 0.96157919500007, 0.0 ], [ 100.146654670000032, 0.970421228000021, 0.0 ], [ 100.147932091000087, 0.971261059000028, 0.0 ], [ 100.146336493000035, 0.972231419000025, 0.0 ], [ 100.147527333000085, 0.974677864000057, 0.0 ], [ 100.143998251000085, 0.975113594000049, 0.0 ], [ 100.14065802600004, 0.977998663000051, 0.0 ], [ 100.139305677000038, 0.984162595000043, 0.0 ], [ 100.141839207000032, 0.984382122000056, 0.0 ], [ 100.143469382000035, 0.987222766000059, 0.0 ], [ 100.145316926000078, 0.984812617000046, 0.0 ], [ 100.147459639000033, 0.987532724000062, 0.0 ], [ 100.14673304300004, 0.989334834000033, 0.0 ], [ 100.149093508000078, 0.987450041000045, 0.0 ], [ 100.153381273000036, 0.991528521000021, 0.0 ], [ 100.155761489000042, 0.988885825000068, 0.0 ], [ 100.154468507000047, 0.994793514000037, 0.0 ], [ 100.158701285000063, 0.994786221000027, 0.0 ], [ 100.160191707000081, 0.99927698700003, 0.0 ], [ 100.16300330200005, 0.999420318000034, 0.0 ], [ 100.165654038000071, 1.001888296000061, 0.0 ], [ 100.164398446000064, 1.003444393000052, 0.0 ], [ 100.156572953000079, 1.005168541000046, 0.0 ], [ 100.154429859000061, 1.010042706000036, 0.0 ], [ 100.148926118000077, 1.010106459000042, 0.0 ], [ 100.146960645000036, 1.020223674000022, 0.0 ], [ 100.149496229000079, 1.023672699000031, 0.0 ], [ 100.144752752000045, 1.027014827000073, 0.0 ], [ 100.141711254000086, 1.034019102000059, 0.0 ], [ 100.142081544000064, 1.04401628100004, 0.0 ], [ 100.140615156000081, 1.047553319000031, 0.0 ], [ 100.142080710000073, 1.054464444000075, 0.0 ], [ 100.140192563000085, 1.060804181000037, 0.0 ], [ 100.138066866000088, 1.061123191000036, 0.0 ], [ 100.129350786000032, 1.05475608200004, 0.0 ], [ 100.126369222000051, 1.059622666000053, 0.0 ], [ 100.118289831000084, 1.066247714000042, 0.0 ], [ 100.120346758000039, 1.071457519000035, 0.0 ], [ 100.120928652000032, 1.082020151000052, 0.0 ], [ 100.116388879000056, 1.092965310000068, 0.0 ], [ 100.117502229000081, 1.09586861400004, 0.0 ], [ 100.125741136000045, 1.101986262000025, 0.0 ], [ 100.12849533800005, 1.10657618800002, 0.0 ], [ 100.135843747000081, 1.109112601000049, 0.0 ], [ 100.149114796000049, 1.119398628000056, 0.0 ], [ 100.153247684000064, 1.120699932000036, 0.0 ], [ 100.158621327000048, 1.119275667000068, 0.0 ], [ 100.159106808000047, 1.117321420000053, 0.0 ], [ 100.160492849000036, 1.119414135000056, 0.0 ], [ 100.162984499000061, 1.11756312600005, 0.0 ], [ 100.170195775000082, 1.122688242000038, 0.0 ], [ 100.174469269000042, 1.120668731000023, 0.0 ], [ 100.176037616000087, 1.118083223000042, 0.0 ], [ 100.178733090000037, 1.118147343000032, 0.0 ], [ 100.18044592800004, 1.120655485000043, 0.0 ], [ 100.183021699000051, 1.121115616000054, 0.0 ], [ 100.184416670000076, 1.124914903000047, 0.0 ], [ 100.183044087000042, 1.126196201000027, 0.0 ], [ 100.180500412000072, 1.12531143800004, 0.0 ], [ 100.180182578000085, 1.129599678000034, 0.0 ], [ 100.176961700000049, 1.127785643000038, 0.0 ], [ 100.175046218000034, 1.135148517000061, 0.0 ], [ 100.171753581000075, 1.135461010000029, 0.0 ], [ 100.171375801000067, 1.133670662000043, 0.0 ], [ 100.165144965000081, 1.134385518000045, 0.0 ], [ 100.164491687000066, 1.139397883000072, 0.0 ], [ 100.162674377000087, 1.139550205000035, 0.0 ], [ 100.162236841000038, 1.141223492000051, 0.0 ], [ 100.164421583000035, 1.143154818000028, 0.0 ], [ 100.163558260000059, 1.147539675000075, 0.0 ], [ 100.160933151000052, 1.149385958000039, 0.0 ], [ 100.161712059000081, 1.151862253000047, 0.0 ], [ 100.159996780000085, 1.152335941000047, 0.0 ], [ 100.159976909000079, 1.154998022000029, 0.0 ], [ 100.165616943000032, 1.165020499000036, 0.0 ], [ 100.16608324300006, 1.169798336000042, 0.0 ], [ 100.159748923000052, 1.173048281000035, 0.0 ], [ 100.140475558000048, 1.176037403000066, 0.0 ], [ 100.114263416000085, 1.211500890000025, 0.0 ], [ 100.111102178000067, 1.221546577000026, 0.0 ], [ 100.12048808600008, 1.237113408000027, 0.0 ], [ 100.12577377100007, 1.255938533000062, 0.0 ], [ 100.114916635000043, 1.281936047000045, 0.0 ], [ 100.10226616500006, 1.296711018000053, 0.0 ], [ 100.101631122000072, 1.302248467000027, 0.0 ], [ 100.097679179000068, 1.309617017000051, 0.0 ], [ 100.095614158000046, 1.310012957000026, 0.0 ], [ 100.093382132000045, 1.32680197600007, 0.0 ], [ 100.085278169000048, 1.340555977000065, 0.0 ], [ 100.078887381000072, 1.346111040000039, 0.0 ], [ 100.074269435000076, 1.340291596000043, 0.0 ], [ 100.069700870000077, 1.339244634000067, 0.0 ], [ 100.050833170000033, 1.349722033000035, 0.0 ], [ 100.049719928000059, 1.368606666000062, 0.0 ], [ 100.053433142000074, 1.379887705000044, 0.0 ], [ 100.072500019000074, 1.391666955000062, 0.0 ], [ 100.095555999000055, 1.388611001000072, 0.0 ], [ 100.098131369000043, 1.389418329000023, 0.0 ], [ 100.11522436100006, 1.398229036000032, 0.0 ], [ 100.122993806000068, 1.406277569000054, 0.0 ], [ 100.127526214000056, 1.405031487000031, 0.0 ], [ 100.131603099000074, 1.40668166200004, 0.0 ], [ 100.138409453000065, 1.40637472800006, 0.0 ], [ 100.138566661000084, 1.408256722000033, 0.0 ], [ 100.143721179000067, 1.408551398000043, 0.0 ], [ 100.144087811000077, 1.407444389000034, 0.0 ], [ 100.150464769000052, 1.411366702000066, 0.0 ], [ 100.154257418000043, 1.409680329000025, 0.0 ], [ 100.155870053000058, 1.41081932700007, 0.0 ], [ 100.155718143000058, 1.409304161000023, 0.0 ], [ 100.163273115000038, 1.406453477000071, 0.0 ], [ 100.167252290000079, 1.406527152000024, 0.0 ], [ 100.170979865000049, 1.409577693000074, 0.0 ], [ 100.171353324000052, 1.414102823000064, 0.0 ], [ 100.17283040600006, 1.413422640000022, 0.0 ], [ 100.174235421000049, 1.415813697000033, 0.0 ], [ 100.175827076000076, 1.415047730000026, 0.0 ], [ 100.180384856000046, 1.416841206000072, 0.0 ], [ 100.194414030000075, 1.412266889000023, 0.0 ], [ 100.198518492000062, 1.413656558000071, 0.0 ], [ 100.200338523000084, 1.412313585000049, 0.0 ], [ 100.203557935000049, 1.413694440000029, 0.0 ], [ 100.207666270000061, 1.41249995000004, 0.0 ], [ 100.20950838300007, 1.40928116300006, 0.0 ], [ 100.215957708000076, 1.405837347000045, 0.0 ], [ 100.220222230000047, 1.405774640000061, 0.0 ], [ 100.222394192000081, 1.403491568000049, 0.0 ], [ 100.227155791000087, 1.407529501000056, 0.0 ], [ 100.22923410900006, 1.407510544000047, 0.0 ], [ 100.229055917000039, 1.40608433400007, 0.0 ], [ 100.232267317000037, 1.407702997000058, 0.0 ], [ 100.237789533000068, 1.405771332000029, 0.0 ], [ 100.241334692000066, 1.409938797000052, 0.0 ], [ 100.244729022000058, 1.410745362000057, 0.0 ], [ 100.244891980000034, 1.412416829000051, 0.0 ], [ 100.25371184100004, 1.413207391000071, 0.0 ], [ 100.257178113000066, 1.418540739000036, 0.0 ], [ 100.261136305000036, 1.419827790000056, 0.0 ], [ 100.266941857000063, 1.425274183000056, 0.0 ], [ 100.268008895000037, 1.423816086000045, 0.0 ], [ 100.27593898300006, 1.426108434000071, 0.0 ], [ 100.28775336800004, 1.425210531000062, 0.0 ], [ 100.292838776000053, 1.420384676000026, 0.0 ], [ 100.303497370000059, 1.416638139000042, 0.0 ], [ 100.309306423000066, 1.419083880000073, 0.0 ], [ 100.318820945000084, 1.427049845000056, 0.0 ], [ 100.326317005000078, 1.428557982000029, 0.0 ], [ 100.33136468500004, 1.433899455000073, 0.0 ], [ 100.334956895000062, 1.434001293000051, 0.0 ], [ 100.339890826841597, 1.436992956693464, 0.0 ], [ 100.340895303000082, 1.437674273000027, 0.0 ], [ 100.32657296800005, 1.437057967000044, 0.0 ], [ 100.302142969000045, 1.450354015000073, 0.0 ], [ 100.287411472000088, 1.460810068000058, 0.0 ], [ 100.277159960000063, 1.463649018000069, 0.0 ], [ 100.27560199900006, 1.469422995000059, 0.0 ], [ 100.271844988000055, 1.471781987000043, 0.0 ], [ 100.277201036000065, 1.474738003000027, 0.0 ], [ 100.286827011000071, 1.475296985000057, 0.0 ], [ 100.289393521000079, 1.469131398000059, 0.0 ], [ 100.293843464000076, 1.467282670000031, 0.0 ], [ 100.315202390000081, 1.469592748000025, 0.0 ], [ 100.322151968000071, 1.473840002000031, 0.0 ], [ 100.322118186000068, 1.46554517800007, 0.0 ], [ 100.319805991000067, 1.461694, 0.0 ], [ 100.319764917000043, 1.455858066000076, 0.0 ], [ 100.317409108000049, 1.450855834000038, 0.0 ], [ 100.31893683800007, 1.447677813000041, 0.0 ], [ 100.348524650000059, 1.454147396000053, 0.0 ], [ 100.376575994000063, 1.449790976000031, 0.0 ], [ 100.387721972000065, 1.461500034000039, 0.0 ], [ 100.396685404000038, 1.466351729000053, 0.0 ], [ 100.404592506000085, 1.467782571000043, 0.0 ], [ 100.42184270000007, 1.485360269000068, 0.0 ], [ 100.424878701000068, 1.492058737000036, 0.0 ], [ 100.427740689000075, 1.505362003000073, 0.0 ], [ 100.434456036000086, 1.520433482000044, 0.0 ], [ 100.420759127000053, 1.528171388000032, 0.0 ], [ 100.415768748000062, 1.535383574000036, 0.0 ], [ 100.415255345000048, 1.540648125000075, 0.0 ], [ 100.412094705000072, 1.546581203000073, 0.0 ], [ 100.414412747000085, 1.554400245000068, 0.0 ], [ 100.410077124000054, 1.562501927000028, 0.0 ], [ 100.407401875000062, 1.563626372000044, 0.0 ], [ 100.404074767000054, 1.578165238000054, 0.0 ], [ 100.409211970000058, 1.587029272000052, 0.0 ], [ 100.411306386000035, 1.58806652100003, 0.0 ], [ 100.412012598000047, 1.594668526000021, 0.0 ], [ 100.41474951400005, 1.598613732000047, 0.0 ], [ 100.418319160000067, 1.600546180000038, 0.0 ], [ 100.420986809000055, 1.607607039000072, 0.0 ], [ 100.416770646000032, 1.611634511000034, 0.0 ], [ 100.418396903000087, 1.616683280000075, 0.0 ], [ 100.417612372000065, 1.618584949000024, 0.0 ], [ 100.413231223000082, 1.622831332000032, 0.0 ], [ 100.411213213000053, 1.622272490000057, 0.0 ], [ 100.408241636000071, 1.624700506000067, 0.0 ], [ 100.409801480000056, 1.631391775000054, 0.0 ], [ 100.407744448000074, 1.63531892900005, 0.0 ], [ 100.41251847500007, 1.64194320200005, 0.0 ], [ 100.412789351000072, 1.646987112000033, 0.0 ], [ 100.416378524000038, 1.653382907000037, 0.0 ], [ 100.417646405000085, 1.665138765000052, 0.0 ], [ 100.414534309000032, 1.667539318000024, 0.0 ], [ 100.414383434000058, 1.670925730000022, 0.0 ], [ 100.411635617000059, 1.67362489900006, 0.0 ], [ 100.408492682000087, 1.673167947000024, 0.0 ], [ 100.408705681000072, 1.670780130000026, 0.0 ], [ 100.405310432000078, 1.667487484000048, 0.0 ], [ 100.40110771600007, 1.666352219000032, 0.0 ], [ 100.393597686000078, 1.671904600000062, 0.0 ], [ 100.393067086000087, 1.674031136000053, 0.0 ], [ 100.384966036000037, 1.675016783000046, 0.0 ], [ 100.382768759000044, 1.678361404000043, 0.0 ], [ 100.380398817000071, 1.679132413000048, 0.0 ], [ 100.380027281000082, 1.681218777000026, 0.0 ], [ 100.366145709000079, 1.685663112000043, 0.0 ], [ 100.364831632000062, 1.68954737100006, 0.0 ], [ 100.367440835000082, 1.699675455000033, 0.0 ], [ 100.364259058000073, 1.707016426000052, 0.0 ], [ 100.358760050000058, 1.711761935000027, 0.0 ], [ 100.355860991000043, 1.725667012000031, 0.0 ], [ 100.351889034000067, 1.732472014000052, 0.0 ], [ 100.352694373000077, 1.733972222000034, 0.0 ], [ 100.358837945000062, 1.735321149000072, 0.0 ], [ 100.368098022000083, 1.735954645000049, 0.0 ], [ 100.369770918000086, 1.747296548000065, 0.0 ], [ 100.375565897000058, 1.74878545200005, 0.0 ], [ 100.382752346000075, 1.755337460000021, 0.0 ], [ 100.386266137000064, 1.754475609000053, 0.0 ], [ 100.389764949000039, 1.757683814000075, 0.0 ], [ 100.387110352000036, 1.777791864000051, 0.0 ], [ 100.375945180000087, 1.775692876000051, 0.0 ], [ 100.363589255000079, 1.780052566000052, 0.0 ], [ 100.353962849000084, 1.780457670000033, 0.0 ], [ 100.342066197000065, 1.786255050000022, 0.0 ], [ 100.30605379900004, 1.793634632000021, 0.0 ], [ 100.289113572000076, 1.798874683000065, 0.0 ], [ 100.284334630000046, 1.803355319000048, 0.0 ], [ 100.280412856000055, 1.812457323000046, 0.0 ], [ 100.281241090000037, 1.826964832000044, 0.0 ], [ 100.285321307000061, 1.838448966000044, 0.0 ], [ 100.288880825000035, 1.875458192000053, 0.0 ], [ 100.291526330000067, 1.879092282000045, 0.0 ], [ 100.310434015000055, 1.883582445000059, 0.0 ], [ 100.318097548000082, 1.901756697000053, 0.0 ], [ 100.319794727000044, 1.922938318000035, 0.0 ], [ 100.318776145000072, 1.931007075000025, 0.0 ], [ 100.322149858000046, 1.946045925000021, 0.0 ], [ 100.321713647000081, 1.963005251000027, 0.0 ], [ 100.323563382000032, 1.983065105000037, 0.0 ], [ 100.320514617000072, 2.037426736000043, 0.0 ], [ 100.323518647000071, 2.060994936000043, 0.0 ], [ 100.328274478000083, 2.07188988300004, 0.0 ], [ 100.343856406000043, 2.137251703000061, 0.0 ], [ 100.368851609000046, 2.179467748000036, 0.0 ], [ 100.372918741000035, 2.193067065000037, 0.0 ], [ 100.372650533000069, 2.224099241000033, 0.0 ], [ 100.342994942000075, 2.288913717000071, 0.0 ], [ 100.319309992000058, 2.334609963000048, 0.0 ], [ 100.310610044000043, 2.355250028000057, 0.0 ], [ 100.306690036000077, 2.375170014000048, 0.0 ], [ 100.298969994000061, 2.442579971000043, 0.0 ], [ 100.311279956000078, 2.503029964000064, 0.0 ], [ 100.322377947000064, 2.546811233000028, 0.0 ], [ 100.327982122000037, 2.531499065000048, 0.0 ], [ 100.330376485000045, 2.527490582000041, 0.0 ], [ 100.332777874000044, 2.528050480000047, 0.0 ], [ 100.329028304000076, 2.521392008000021, 0.0 ], [ 100.333137741000087, 2.519123070000035, 0.0 ], [ 100.330627476000075, 2.513171904000046, 0.0 ], [ 100.330653512000083, 2.504681111000025, 0.0 ], [ 100.337882646000082, 2.486014440000076, 0.0 ], [ 100.336743359000081, 2.482545316000028, 0.0 ], [ 100.339464580000083, 2.475552003000075, 0.0 ], [ 100.338202086000081, 2.470728250000036, 0.0 ], [ 100.341191308000077, 2.469184082000027, 0.0 ], [ 100.338755610000078, 2.463258315000076, 0.0 ], [ 100.341679069000065, 2.458606703000044, 0.0 ], [ 100.345263335000084, 2.434167269000056, 0.0 ], [ 100.359166823000066, 2.404284214000029, 0.0 ], [ 100.36124260400004, 2.40359542300007, 0.0 ], [ 100.361491174000037, 2.392564341000025, 0.0 ], [ 100.376158880000048, 2.380115580000052, 0.0 ], [ 100.379305473000045, 2.379157598000063, 0.0 ], [ 100.38001937100006, 2.375736035000045, 0.0 ], [ 100.381421676000059, 2.375569507000023, 0.0 ], [ 100.381120148000036, 2.370511350000072, 0.0 ], [ 100.379589312000064, 2.36885529400007, 0.0 ], [ 100.381029770000055, 2.361807559000056, 0.0 ], [ 100.381681216000061, 2.360180841000044, 0.0 ], [ 100.384054118000051, 2.359970275000023, 0.0 ], [ 100.382249829000045, 2.357789632000049, 0.0 ], [ 100.384069249000049, 2.349991317000047, 0.0 ], [ 100.388289525000062, 2.348648205000075, 0.0 ], [ 100.386716314000068, 2.345555589000071, 0.0 ], [ 100.387377503000039, 2.342956101000027, 0.0 ], [ 100.390539535000073, 2.339650573000029, 0.0 ], [ 100.393060560000038, 2.334084278000034, 0.0 ], [ 100.392629836000083, 2.331539726000074, 0.0 ], [ 100.393978943000036, 2.331757345000028, 0.0 ], [ 100.392825726000069, 2.327522841000075, 0.0 ], [ 100.394195446000083, 2.326932796000051, 0.0 ], [ 100.395852216000037, 2.32067818500002, 0.0 ], [ 100.393948440000088, 2.318251155000041, 0.0 ], [ 100.39873050500006, 2.31858442500004, 0.0 ], [ 100.39767684900005, 2.314571182000066, 0.0 ], [ 100.400847175000081, 2.314932971000076, 0.0 ], [ 100.401808054000071, 2.312284743000021, 0.0 ], [ 100.403680412000085, 2.312647219000041, 0.0 ], [ 100.404486225000085, 2.309562302000074, 0.0 ], [ 100.407338490000086, 2.308981313000061, 0.0 ], [ 100.411109907000082, 2.302054588000033, 0.0 ], [ 100.413452179000046, 2.301065141000038, 0.0 ], [ 100.412445800000057, 2.299761955000065, 0.0 ], [ 100.413550821000058, 2.300050804000023, 0.0 ], [ 100.414349950000087, 2.29730067600002, 0.0 ], [ 100.418958842000052, 2.294486077000045, 0.0 ], [ 100.418024966000075, 2.293122999000047, 0.0 ], [ 100.419927714000039, 2.292738222000025, 0.0 ], [ 100.420807857000057, 2.28785563100007, 0.0 ], [ 100.424265999000056, 2.287072067000054, 0.0 ], [ 100.423712426000066, 2.285378380000054, 0.0 ], [ 100.425938314000064, 2.284615188000032, 0.0 ], [ 100.429621062000081, 2.272800804000042, 0.0 ], [ 100.432403841000053, 2.26829529500003, 0.0 ], [ 100.434183678000068, 2.269180454000036, 0.0 ], [ 100.434126572000082, 2.266886654000075, 0.0 ], [ 100.43581123000007, 2.267357787000037, 0.0 ], [ 100.435492412000087, 2.265786658000025, 0.0 ], [ 100.438452187000053, 2.264451850000057, 0.0 ], [ 100.44042614500006, 2.259142257000065, 0.0 ], [ 100.45356668800008, 2.249207418000026, 0.0 ], [ 100.45533527300006, 2.249240169000075, 0.0 ], [ 100.465515812000035, 2.237965733000067, 0.0 ], [ 100.474572022000075, 2.231064933000027, 0.0 ], [ 100.478884321000066, 2.224435137000057, 0.0 ], [ 100.482839521000074, 2.222611319000066, 0.0 ], [ 100.483692606000034, 2.219347695000067, 0.0 ], [ 100.486803640000062, 2.21901791800002, 0.0 ], [ 100.486333640000055, 2.216430441000057, 0.0 ], [ 100.488317643000073, 2.215284067000027, 0.0 ], [ 100.490723846000037, 2.216722173000051, 0.0 ], [ 100.495535131000054, 2.210907918000032, 0.0 ], [ 100.501563283000053, 2.207213873000057, 0.0 ], [ 100.502979104000076, 2.207717339000055, 0.0 ], [ 100.506962768000051, 2.203552018000039, 0.0 ], [ 100.51852817200006, 2.196835315000044, 0.0 ], [ 100.54754556000006, 2.170343489000061, 0.0 ], [ 100.567708337000056, 2.155726743000059, 0.0 ], [ 100.61756444100007, 2.137552790000029, 0.0 ], [ 100.631171429000062, 2.134025792000045, 0.0 ], [ 100.652937101000077, 2.123603186000025, 0.0 ], [ 100.653768641000056, 2.125000847000024, 0.0 ], [ 100.669036618000064, 2.123813318000032, 0.0 ], [ 100.685163860000046, 2.11976338900007, 0.0 ], [ 100.722858605000056, 2.094642864000036, 0.0 ], [ 100.728755327000044, 2.096002874000021, 0.0 ], [ 100.763226669000062, 2.086252556000034, 0.0 ], [ 100.788905446000058, 2.118780500000071, 0.0 ], [ 100.786495454000033, 2.134983230000046, 0.0 ], [ 100.778794505000064, 2.159884721000026, 0.0 ], [ 100.781438450000053, 2.183357497000031, 0.0 ], [ 100.77803136700004, 2.191461953000044, 0.0 ], [ 100.766757175000066, 2.207699383000033, 0.0 ], [ 100.760451604000082, 2.250910396000052, 0.0 ], [ 100.763641236000069, 2.26934417800004, 0.0 ], [ 100.768857015000037, 2.277662774000021, 0.0 ], [ 100.775443364000068, 2.283544802000051, 0.0 ], [ 100.791033592000076, 2.29108293500002, 0.0 ], [ 100.804111110000065, 2.294775857000047, 0.0 ], [ 100.808146675000046, 2.294490322000058, 0.0 ], [ 100.811154314000078, 2.296774605000053, 0.0 ], [ 100.812835526000072, 2.294087070000046, 0.0 ], [ 100.817720437000048, 2.297164440000074, 0.0 ], [ 100.819554691000064, 2.295466248000025, 0.0 ], [ 100.838338466000039, 2.298687295000036, 0.0 ], [ 100.842930826000043, 2.298485041000049, 0.0 ], [ 100.843561383000065, 2.296902700000032, 0.0 ], [ 100.847654056000067, 2.299329750000027, 0.0 ], [ 100.883262690000038, 2.301423675000024, 0.0 ], [ 100.888711655000066, 2.303196374000038, 0.0 ], [ 100.925264662000075, 2.30468735900007, 0.0 ], [ 100.975227272000041, 2.300577381000039, 0.0 ], [ 100.98400272400005, 2.297893348000059, 0.0 ], [ 100.990231085000062, 2.293308775000071, 0.0 ], [ 100.994438875000071, 2.292206204000024, 0.0 ], [ 101.022404044000041, 2.290953448000039, 0.0 ], [ 101.037922441000035, 2.293137266000031, 0.0 ], [ 101.047238032000052, 2.290781600000059, 0.0 ], [ 101.056981925000059, 2.27721867200006, 0.0 ], [ 101.057481611000071, 2.271783887000026, 0.0 ], [ 101.053430202000072, 2.261782965000066, 0.0 ], [ 101.055014922000055, 2.257128739000052, 0.0 ], [ 101.057822687000055, 2.257223918000022, 0.0 ], [ 101.059706407000078, 2.249355183000034, 0.0 ], [ 101.06546075600005, 2.240496307000058, 0.0 ], [ 101.066836093000063, 2.234375656000054, 0.0 ], [ 101.065609300000062, 2.232476044000066, 0.0 ], [ 101.071156982000048, 2.220736454000075, 0.0 ], [ 101.076243661000035, 2.215090945000043, 0.0 ], [ 101.107467510000049, 2.19104472600003, 0.0 ], [ 101.135571371000083, 2.16661601800007, 0.0 ], [ 101.137707293000062, 2.163064524000049, 0.0 ], [ 101.178259424000032, 2.126266576000035, 0.0 ], [ 101.197701214000062, 2.11543339800005, 0.0 ], [ 101.220866752000063, 2.099890513000048, 0.0 ], [ 101.247165969000037, 2.086969115000045, 0.0 ], [ 101.252411738000035, 2.086399569000037, 0.0 ], [ 101.262122704000035, 2.081014058000051, 0.0 ], [ 101.267300402000046, 2.08014903000003, 0.0 ], [ 101.273660684000049, 2.071574197000075, 0.0 ], [ 101.274784643000032, 2.066208180000046, 0.0 ], [ 101.282460968000066, 2.056071044000021, 0.0 ], [ 101.303211411000063, 2.042178974000024, 0.0 ], [ 101.316467931000034, 2.008507131000044, 0.0 ], [ 101.316623853000067, 2.004502389000038, 0.0 ], [ 101.321888112000067, 1.997401467000032, 0.0 ], [ 101.321586610000054, 1.969716934000076, 0.0 ], [ 101.323907827000085, 1.966307604000065, 0.0 ], [ 101.327197237000064, 1.945820391000041, 0.0 ], [ 101.325551798000049, 1.936537066000028, 0.0 ], [ 101.327599746000033, 1.935278845000028, 0.0 ], [ 101.329406401000085, 1.919356463000042, 0.0 ], [ 101.331684891000066, 1.915287141000022, 0.0 ], [ 101.331430951000073, 1.909696950000068, 0.0 ], [ 101.33518519900008, 1.89890815900003, 0.0 ], [ 101.335887841000044, 1.891148066000028, 0.0 ], [ 101.341196066000066, 1.883320294000043, 0.0 ], [ 101.346091516000058, 1.871662792000052, 0.0 ], [ 101.35247071100008, 1.84647595000007, 0.0 ], [ 101.363535144000082, 1.831217749000075, 0.0 ], [ 101.355045288000042, 1.794778590000021, 0.0 ], [ 101.356977411000059, 1.778826684000023, 0.0 ], [ 101.364163383000061, 1.759505460000071, 0.0 ], [ 101.383023784000045, 1.729181014000062, 0.0 ], [ 101.386792850000063, 1.719242006000059, 0.0 ], [ 101.388970057000051, 1.719991536000066, 0.0 ], [ 101.392960413000083, 1.713388532000067, 0.0 ], [ 101.401854838000077, 1.704372754000076, 0.0 ], [ 101.41734907600005, 1.693822782000041, 0.0 ], [ 101.437993280000057, 1.686522596000032, 0.0 ], [ 101.440068170000075, 1.688378575000058, 0.0 ], [ 101.473228338000069, 1.685332865000021, 0.0 ], [ 101.481604041000082, 1.682496548000074, 0.0 ], [ 101.486629463000043, 1.67762341100007, 0.0 ], [ 101.490626957000075, 1.676766805000057, 0.0 ], [ 101.493625078000036, 1.672655097000074, 0.0 ], [ 101.49609971700005, 1.672531365000054, 0.0 ], [ 101.495252629000049, 1.670332743000074, 0.0 ], [ 101.497898590000034, 1.66618296300004, 0.0 ], [ 101.502939500000082, 1.664468002000035, 0.0 ], [ 101.50744147000006, 1.659237622000035, 0.0 ], [ 101.516905789000077, 1.653267962000029, 0.0 ], [ 101.527906009000048, 1.647058493000031, 0.0 ], [ 101.540676243000064, 1.642260278000037, 0.0 ], [ 101.54442073000007, 1.641465068000059, 0.0 ], [ 101.546214249000059, 1.642877873000032, 0.0 ], [ 101.546339171000056, 1.640879126000073, 0.0 ], [ 101.554346533000057, 1.640033818000063, 0.0 ], [ 101.561608285000034, 1.636996449000037, 0.0 ], [ 101.587928387000034, 1.636539998000046, 0.0 ], [ 101.595038497000075, 1.638385375000041, 0.0 ], [ 101.601573884000061, 1.638069247000033, 0.0 ], [ 101.608003329000042, 1.640346208000039, 0.0 ], [ 101.606082580000077, 1.640084281000043, 0.0 ], [ 101.605814323000061, 1.640665720000072, 0.0 ], [ 101.613412138000058, 1.64215890600002, 0.0 ], [ 101.609435208000036, 1.640647050000041, 0.0 ], [ 101.611276145000033, 1.640693346000035, 0.0 ], [ 101.616756510000073, 1.642765508000025, 0.0 ], [ 101.627187801000048, 1.648394864000068, 0.0 ], [ 101.636081426000032, 1.655821521000064, 0.0 ], [ 101.660259129000053, 1.661111062000032, 0.0 ], [ 101.666377695000051, 1.665216882000038, 0.0 ], [ 101.68532362600007, 1.666326190000063, 0.0 ], [ 101.692211860000043, 1.665101338000056, 0.0 ], [ 101.710680864000039, 1.670084422000059, 0.0 ], [ 101.724989394000033, 1.671377905000043, 0.0 ], [ 101.727404922000062, 1.66544870000007, 0.0 ], [ 101.725228731000072, 1.671137983000051, 0.0 ], [ 101.740710558000046, 1.668680867000035, 0.0 ], [ 101.762783, 1.658935777000067, 0.0 ], [ 101.797832503000052, 1.630364637000071, 0.0 ], [ 101.828721921000067, 1.598649930000022, 0.0 ], [ 101.84897931200004, 1.580650499000058, 0.0 ], [ 101.868210267000052, 1.567301482000062, 0.0 ], [ 101.874556952000034, 1.56062844500002, 0.0 ], [ 101.885235394000063, 1.55511120400007, 0.0 ], [ 101.891168484000048, 1.549355692000063, 0.0 ], [ 101.906217362000064, 1.541728271000068, 0.0 ], [ 101.911639152000078, 1.536164516000042, 0.0 ], [ 101.914414166000086, 1.535904678000065, 0.0 ], [ 101.924574043000064, 1.529146713000046, 0.0 ], [ 101.938499067000066, 1.516921327000034, 0.0 ], [ 101.940206285000045, 1.513808164000068, 0.0 ], [ 101.944435542000065, 1.511456592000059, 0.0 ], [ 101.943958627000086, 1.510191401000043, 0.0 ], [ 101.946043035000059, 1.508142685000053, 0.0 ], [ 101.946949610000047, 1.508849385000076, 0.0 ], [ 101.946856811000032, 1.507214696000062, 0.0 ], [ 101.963482105000082, 1.495407810000074, 0.0 ], [ 101.971377156000074, 1.48743423600007, 0.0 ], [ 101.998717163000038, 1.468210571000043, 0.0 ], [ 102.00428320900005, 1.459214290000034, 0.0 ], [ 102.036317955000072, 1.441566504000036, 0.0 ], [ 102.042392289000077, 1.434438287000035, 0.0 ], [ 102.053793133000056, 1.426450757000055, 0.0 ], [ 102.053935498000044, 1.424454658000059, 0.0 ], [ 102.055458961000056, 1.424931187000027, 0.0 ], [ 102.065691055000059, 1.419604338000056, 0.0 ], [ 102.071254593000049, 1.414590972000042, 0.0 ], [ 102.072449297000048, 1.415426059000026, 0.0 ], [ 102.072368039000082, 1.413422937000064, 0.0 ], [ 102.080035317000068, 1.40946738100007, 0.0 ], [ 102.089972258000046, 1.401368416000025, 0.0 ], [ 102.099900621000074, 1.398039648000065, 0.0 ], [ 102.10707061800008, 1.392295557000068, 0.0 ], [ 102.115684551000072, 1.389599215000032, 0.0 ], [ 102.12420710300006, 1.38967036400004, 0.0 ], [ 102.135945111000069, 1.381770909000068, 0.0 ], [ 102.144943351000052, 1.378509955000027, 0.0 ], [ 102.148560561000068, 1.379147853000063, 0.0 ], [ 102.158565770000052, 1.361964296000053, 0.0 ], [ 102.159263250000038, 1.357004313000061, 0.0 ], [ 102.156373866000081, 1.328934167000057, 0.0 ], [ 102.154632012000036, 1.325900373000025, 0.0 ], [ 102.153305848000059, 1.309725052000033, 0.0 ], [ 102.150860235000039, 1.300184555000044, 0.0 ], [ 102.150519409000083, 1.271332262000044, 0.0 ], [ 102.160604139000043, 1.242701776000047, 0.0 ], [ 102.163800175000063, 1.228672756000037, 0.0 ], [ 102.168570659000068, 1.228508617000045, 0.0 ], [ 102.175159506000057, 1.22828400800006, 0.0 ], [ 102.178393691000053, 1.230504992000022, 0.0 ], [ 102.196427707000055, 1.216274494000061, 0.0 ], [ 102.204822887000034, 1.201018899000076, 0.0 ], [ 102.209087734000036, 1.186831045000019, 0.0 ], [ 102.206310667000082, 1.165336728000057, 0.0 ], [ 102.194845222000083, 1.125172151000072, 0.0 ], [ 102.191979572000037, 1.109242317000053, 0.0 ], [ 102.191928942000061, 1.087101310000037, 0.0 ], [ 102.195374704000074, 1.075385590000053, 0.0 ], [ 102.219317552000064, 1.026141707000022, 0.0 ], [ 102.223287664000054, 1.008694046000073, 0.0 ], [ 102.229108088000032, 0.995778234000056, 0.0 ], [ 102.240128349000088, 0.980314660000033, 0.0 ], [ 102.262594250000063, 0.956036038000036, 0.0 ], [ 102.286489024000048, 0.941008330000045, 0.0 ], [ 102.29766505200007, 0.937747314000035, 0.0 ], [ 102.309986089000063, 0.924762687000054, 0.0 ], [ 102.33987853800005, 0.899610644000063, 0.0 ], [ 102.351023950000069, 0.880523848000053, 0.0 ], [ 102.373337113000048, 0.856518465000022, 0.0 ], [ 102.39745712000007, 0.822455312000045, 0.0 ], [ 102.416944905000037, 0.803995453000027, 0.0 ], [ 102.456545929000072, 0.784058486000049, 0.0 ], [ 102.457566643000064, 0.781897448000052, 0.0 ], [ 102.463486811000053, 0.778584206000062, 0.0 ], [ 102.470324506000054, 0.776452139000071, 0.0 ], [ 102.486598746000084, 0.761021878000065, 0.0 ], [ 102.498153770000044, 0.753880416000072, 0.0 ], [ 102.514684966000061, 0.748398226000063, 0.0 ], [ 102.531987438000044, 0.746704808000061, 0.0 ], [ 102.543839500000047, 0.74746850400004, 0.0 ], [ 102.571553856000037, 0.738636988000053, 0.0 ], [ 102.587083249000045, 0.737501481000038, 0.0 ], [ 102.607277701000044, 0.739523719000033, 0.0 ], [ 102.623587782000072, 0.743329120000055, 0.0 ], [ 102.641170935000048, 0.750877615000036, 0.0 ], [ 102.671320954000066, 0.75568572800006, 0.0 ], [ 102.69024475100008, 0.754988585000035, 0.0 ], [ 102.718569220000063, 0.750203843000065, 0.0 ], [ 102.760531182000079, 0.73457415300004, 0.0 ], [ 102.772205832000054, 0.732024700000068, 0.0 ], [ 102.789199077000035, 0.731835409000041, 0.0 ], [ 102.843695242000081, 0.73997911500004, 0.0 ], [ 102.86454832000004, 0.73827493400006, 0.0 ], [ 102.878482946000076, 0.73484260400005, 0.0 ], [ 102.894801225000037, 0.728123195000023, 0.0 ], [ 102.899641814000063, 0.724069651000036, 0.0 ], [ 102.899170203111765, 0.723623389151687, 0.0 ], [ 102.900065790000042, 0.723706789000062, 0.0 ], [ 102.915145327000062, 0.713186363000034, 0.0 ], [ 102.967010650000077, 0.647606076000045, 0.0 ], [ 103.020222301000047, 0.591982613000027, 0.0 ], [ 103.030994047000036, 0.568509671000072, 0.0 ], [ 103.075022266000076, 0.516350481000075, 0.0 ], [ 103.095942172000036, 0.494547713000031, 0.0 ], [ 103.104045045000078, 0.47804215900004, 0.0 ], [ 103.107196375000058, 0.465330638000069, 0.0 ], [ 103.107335595000052, 0.455811570000037, 0.0 ], [ 103.097436746000085, 0.45019449800003, 0.0 ], [ 103.075704501000075, 0.441409250000049, 0.0 ], [ 103.110491984000078, 0.384982021000042, 0.0 ], [ 103.122763095000039, 0.386100232000047, 0.0 ], [ 103.13688600200004, 0.390293349000046, 0.0 ], [ 103.158349692000058, 0.406462955000052, 0.0 ], [ 103.176832961000059, 0.429592850000063, 0.0 ], [ 103.183157596000058, 0.443264612000064, 0.0 ], [ 103.188054493000038, 0.461752857000022, 0.0 ], [ 103.196064913000043, 0.474845258000073, 0.0 ], [ 103.203395280000052, 0.479559852000023, 0.0 ], [ 103.222646745000077, 0.487132484000028, 0.0 ], [ 103.246964454000079, 0.501623667000047, 0.0 ], [ 103.258027713000047, 0.503901487000064, 0.0 ], [ 103.279140612000049, 0.504689488000054, 0.0 ], [ 103.294986229000074, 0.510404179000034, 0.0 ], [ 103.304078920000052, 0.51687098900004, 0.0 ], [ 103.320565192000061, 0.534972589000063, 0.0 ], [ 103.325613607000037, 0.544652358000064, 0.0 ], [ 103.347360203000051, 0.538497455000027, 0.0 ], [ 103.355804624000086, 0.535142948000043, 0.0 ], [ 103.391579511000032, 0.529348155000037, 0.0 ], [ 103.405917676000058, 0.524899234000031, 0.0 ], [ 103.419463937000046, 0.516631762000031, 0.0 ], [ 103.421169775000067, 0.51705860800007, 0.0 ], [ 103.43409816500008, 0.505955406000055, 0.0 ], [ 103.437116313000047, 0.505446515000074, 0.0 ], [ 103.444713665000052, 0.496495802000027, 0.0 ], [ 103.461948568000082, 0.486121841000056, 0.0 ], [ 103.479122970000049, 0.46830899400004, 0.0 ], [ 103.487227434000033, 0.462259896000035, 0.0 ], [ 103.487944829000071, 0.459978554000031, 0.0 ], [ 103.492881010000076, 0.458467309000071, 0.0 ], [ 103.500707686000055, 0.451983716000029, 0.0 ], [ 103.530614608000064, 0.440877186000023, 0.0 ], [ 103.558309299000086, 0.413183468000057, 0.0 ], [ 103.585268994000046, 0.393253157000061, 0.0 ], [ 103.590283486000033, 0.386883715000067, 0.0 ], [ 103.598411732000045, 0.371024830000067, 0.0 ], [ 103.603086168000061, 0.356285874000037, 0.0 ], [ 103.602871814000082, 0.345793811000021, 0.0 ], [ 103.634128280000084, 0.342014217000042, 0.0 ], [ 103.656476865000059, 0.334442756000044, 0.0 ], [ 103.674404988000049, 0.325045180000075, 0.0 ], [ 103.681237592000059, 0.323061748000043, 0.0 ], [ 103.709900609000044, 0.300011496000025, 0.0 ], [ 103.733899595000082, 0.263560798000071, 0.0 ], [ 103.734888531000081, 0.25901355000002, 0.0 ], [ 103.748500928000055, 0.234160416000066, 0.0 ], [ 103.757779765000066, 0.210974890000045, 0.0 ], [ 103.765280613000073, 0.183117150000044, 0.0 ], [ 103.769883945000061, 0.127781509000044, 0.0 ], [ 103.773843153000087, 0.109754696000039, 0.0 ], [ 103.773896139000044, 0.101645615000052, 0.0 ], [ 103.780680592000067, 0.075022064000052, 0.0 ], [ 103.787456582000061, 0.054426997000064, 0.0 ], [ 103.810436866000032, 0.008620780000058, 0.0 ], [ 103.813577353000085, -0.003593513999931, 0.0 ], [ 103.811840157000063, -0.008681939999974, 0.0 ], [ 103.807727930000055, -0.011676161999958, 0.0 ], [ 103.778366790000064, -0.008580154999947, 0.0 ], [ 103.778148458000032, -0.009954488999938, 0.0 ], [ 103.762117575000048, -0.009216313999957, 0.0 ], [ 103.756503157000054, -0.012489767999966, 0.0 ], [ 103.747241580000036, -0.012371575999964, 0.0 ], [ 103.747240655000041, -0.014039878999938, 0.0 ], [ 103.740371180000068, -0.016517324999938, 0.0 ], [ 103.727506788000085, -0.018555539999966, 0.0 ], [ 103.724140822000038, -0.017284404999941, 0.0 ], [ 103.723103919000039, -0.019876310999962, 0.0 ], [ 103.717691767000076, -0.021336381999959, 0.0 ], [ 103.691758612000058, -0.024414606999926, 0.0 ], [ 103.684695511000086, -0.027664600999969, 0.0 ], [ 103.672494162000078, -0.025047971999925, 0.0 ], [ 103.668617705000088, -0.021852395999929, 0.0 ], [ 103.668681813000035, -0.02031478899994, 0.0 ], [ 103.668280175000064, -0.019531176999976, 0.0 ], [ 103.662785249000081, -0.015312223999956, 0.0 ], [ 103.653056312000047, -0.016905286999929, 0.0 ], [ 103.638894853000068, -0.013812291999955, 0.0 ], [ 103.629658154000083, -0.01590119399998, 0.0 ], [ 103.614095159000044, -0.006117755999981, 0.0 ], [ 103.605997707000085, -0.013897272999941, 0.0 ], [ 103.597901191000062, -0.018625977999932, 0.0 ], [ 103.596587253000052, -0.017991607999932, 0.0 ], [ 103.587089459000083, -0.022256705999951, 0.0 ], [ 103.569499547000078, -0.035518285999956, 0.0 ], [ 103.576077503000079, -0.037568487999977, 0.0 ], [ 103.587177308000037, -0.03203783999993, 0.0 ], [ 103.592272820000062, -0.033469790999959, 0.0 ], [ 103.595020068000053, -0.037272324999947, 0.0 ], [ 103.595895508000069, -0.042031152999925, 0.0 ], [ 103.592383205000033, -0.050586279999948, 0.0 ], [ 103.581099671000061, -0.06209969799994, 0.0 ], [ 103.567754037000043, -0.065326419999963, 0.0 ], [ 103.568169855000065, -0.066996257999961, 0.0 ], [ 103.564011907000065, -0.070335609999972, 0.0 ], [ 103.544025581000085, -0.073806044999969, 0.0 ], [ 103.514365982000072, -0.091497286999925, 0.0 ], [ 103.502740356000061, -0.083531162999975, 0.0 ], [ 103.492121111000074, -0.084935094999935, 0.0 ], [ 103.487971111000036, -0.087238601999957, 0.0 ], [ 103.486606349000056, -0.094755778999968, 0.0 ], [ 103.48077352100006, -0.10130307999998, 0.0 ], [ 103.476945491000038, -0.103087931999937, 0.0 ], [ 103.473210079000069, -0.10242240499997, 0.0 ], [ 103.470665, -0.107609, 0.0 ], [ 103.472687710000059, -0.111715947999926, 0.0 ], [ 103.469190124000079, -0.120004837999943, 0.0 ], [ 103.496127858000079, -0.133520891999979, 0.0 ], [ 103.499582252000039, -0.138647667999976, 0.0 ], [ 103.501460422000036, -0.145666103999929, 0.0 ], [ 103.49407351900004, -0.157774734999975, 0.0 ], [ 103.47190941100007, -0.171866795999961, 0.0 ], [ 103.466065450000087, -0.170858533999933, 0.0 ], [ 103.46140170700005, -0.17358063699993, 0.0 ], [ 103.461899025000037, -0.176006951999966, 0.0 ], [ 103.455590590000043, -0.183764194999981, 0.0 ], [ 103.471287063000034, -0.209642547999977, 0.0 ], [ 103.496986918000061, -0.205826163999973, 0.0 ], [ 103.511526093000043, -0.20161984899994, 0.0 ], [ 103.519140222000033, -0.206422974999953, 0.0 ], [ 103.521582226000078, -0.209763337999959, 0.0 ], [ 103.52012155500006, -0.213137200999938, 0.0 ], [ 103.530539893000082, -0.223615741999936, 0.0 ], [ 103.539630655000053, -0.217842800999961, 0.0 ], [ 103.556719876000045, -0.215992821999976, 0.0 ], [ 103.562795005000055, -0.218739729999925, 0.0 ], [ 103.566606418000049, -0.217915919999939, 0.0 ], [ 103.567144883000083, -0.219599371999948, 0.0 ], [ 103.569399824000072, -0.218603006999956, 0.0 ], [ 103.597341489000087, -0.223941818999947, 0.0 ], [ 103.639253623000059, -0.225259256999948, 0.0 ], [ 103.644505569000046, -0.229017369999951, 0.0 ], [ 103.644652460000032, -0.231899316999943, 0.0 ], [ 103.64275947200008, -0.234053821999964, 0.0 ], [ 103.646029171000066, -0.238580033999938, 0.0 ], [ 103.647631797000088, -0.237494683999955, 0.0 ], [ 103.647130702000084, -0.239292771999942, 0.0 ], [ 103.649591677000046, -0.24046186399994, 0.0 ], [ 103.649474726000051, -0.242573039999968, 0.0 ], [ 103.663249892000067, -0.250869487999978, 0.0 ], [ 103.665106499000046, -0.25012623799995, 0.0 ], [ 103.66518736200004, -0.253703263999967, 0.0 ], [ 103.66909198500008, -0.252736194999954, 0.0 ], [ 103.682295138000086, -0.257831512999928, 0.0 ], [ 103.689707697000074, -0.258769727999947, 0.0 ], [ 103.691049943000053, -0.257697245999964, 0.0 ], [ 103.691044786000077, -0.260845, 0.0 ], [ 103.70309369000006, -0.255121372999952, 0.0 ], [ 103.70882307800008, -0.256383115999938, 0.0 ], [ 103.718220615000064, -0.263986994999925, 0.0 ], [ 103.726555308000059, -0.273955805999947, 0.0 ], [ 103.759442153000066, -0.30015964599994, 0.0 ], [ 103.778994001000058, -0.326397189999966, 0.0 ], [ 103.784245001000045, -0.33559388499998, 0.0 ], [ 103.785689424000054, -0.341953936999971, 0.0 ], [ 103.783197008000059, -0.344897351999975, 0.0 ], [ 103.778296634000071, -0.346336595999958, 0.0 ], [ 103.763924281000072, -0.344624960999965, 0.0 ], [ 103.740209494000055, -0.346050408999929, 0.0 ], [ 103.739973224000039, -0.347464099999968, 0.0 ], [ 103.735906822000061, -0.346991824999975, 0.0 ], [ 103.732305116000077, -0.348736026999973, 0.0 ], [ 103.723081909000086, -0.348458047999941, 0.0 ], [ 103.722905408000088, -0.34997390999996, 0.0 ], [ 103.717788232000032, -0.351032117999978, 0.0 ], [ 103.715564891000042, -0.350108675999934, 0.0 ], [ 103.71541142600006, -0.352007918999959, 0.0 ], [ 103.70307069200004, -0.353554825999936, 0.0 ], [ 103.70306529000004, -0.354922795999926, 0.0 ], [ 103.700044930000047, -0.35563541199997, 0.0 ], [ 103.695414070000083, -0.355305743999963, 0.0 ], [ 103.69539220300004, -0.356829995999931, 0.0 ], [ 103.683592733000069, -0.36010528199995, 0.0 ], [ 103.683671278000077, -0.361467546999961, 0.0 ], [ 103.668050738000034, -0.366373983999949, 0.0 ], [ 103.665187991000039, -0.366036941999937, 0.0 ], [ 103.657074733000059, -0.373817205999956, 0.0 ], [ 103.622563432000049, -0.390084022999929, 0.0 ], [ 103.601422643000035, -0.396098948999963, 0.0 ], [ 103.600716274000035, -0.394483237999964, 0.0 ], [ 103.598081552000053, -0.395871794999948, 0.0 ], [ 103.590858162000075, -0.391342832999953, 0.0 ], [ 103.584108639000078, -0.400894974999972, 0.0 ], [ 103.606240113000069, -0.420492105999926, 0.0 ], [ 103.608295541000075, -0.427908314999968, 0.0 ], [ 103.606384067000079, -0.436120266999978, 0.0 ], [ 103.598418476000063, -0.448706658999924, 0.0 ], [ 103.584289674000047, -0.465650026999924, 0.0 ], [ 103.573149164000085, -0.475428018999935, 0.0 ], [ 103.569856797000057, -0.475868421999962, 0.0 ], [ 103.571496737000075, -0.477347698999949, 0.0 ], [ 103.570229814000072, -0.479690241999947, 0.0 ], [ 103.55921049400007, -0.490315171999953, 0.0 ], [ 103.554310499000053, -0.492699624999943, 0.0 ], [ 103.552833860000078, -0.491392078999979, 0.0 ], [ 103.553180720000057, -0.495475557999953, 0.0 ], [ 103.550723092000055, -0.495403321999959, 0.0 ], [ 103.551175427000032, -0.496894444999953, 0.0 ], [ 103.544644651000056, -0.501048452999953, 0.0 ], [ 103.543712370000037, -0.503540907999934, 0.0 ], [ 103.529152803000045, -0.512174801999947, 0.0 ], [ 103.524459679000074, -0.511987294999926, 0.0 ], [ 103.524152764000064, -0.513442132999955, 0.0 ], [ 103.517329734000043, -0.514957798999944, 0.0 ], [ 103.513488356000039, -0.513796802999934, 0.0 ], [ 103.510533080000073, -0.516569103999927, 0.0 ], [ 103.493942421000042, -0.514156175999972, 0.0 ], [ 103.489574206000043, -0.51193744099993, 0.0 ], [ 103.487529640000048, -0.512560901999962, 0.0 ], [ 103.487272659000041, -0.511026149999964, 0.0 ], [ 103.484488689000045, -0.512932097999965, 0.0 ], [ 103.483475039000041, -0.511111809999932, 0.0 ], [ 103.484153185000082, -0.513595966999958, 0.0 ], [ 103.481713016000072, -0.508744809999939, 0.0 ], [ 103.478062497000053, -0.508339762999924, 0.0 ], [ 103.474477937000074, -0.505772237999963, 0.0 ], [ 103.471054364000054, -0.506827294999937, 0.0 ], [ 103.467708387000073, -0.504275650999944, 0.0 ], [ 103.466566245000081, -0.504446971999926, 0.0 ], [ 103.467478250000056, -0.50600116499993, 0.0 ], [ 103.461141361000045, -0.508735362999971, 0.0 ], [ 103.456299870000066, -0.505857705999972, 0.0 ], [ 103.454606201000047, -0.506591448999927, 0.0 ], [ 103.455178618000048, -0.509296572999972, 0.0 ], [ 103.421373353000035, -0.521889415999965, 0.0 ], [ 103.421258614000067, -0.529704681999931, 0.0 ], [ 103.43200857800008, -0.531127905999938, 0.0 ], [ 103.430533728000057, -0.533251431999929, 0.0 ], [ 103.437435594000078, -0.537311513999953, 0.0 ], [ 103.438053901000046, -0.552694868999936, 0.0 ], [ 103.436639883000055, -0.55377247499996, 0.0 ], [ 103.43643097000006, -0.56374404099995, 0.0 ], [ 103.431790198000044, -0.58357489499997, 0.0 ], [ 103.429304787000035, -0.586682460999953, 0.0 ], [ 103.430207108000047, -0.587795086999961, 0.0 ], [ 103.425191410000082, -0.599257196999929, 0.0 ], [ 103.423789490000047, -0.599272663999955, 0.0 ], [ 103.425036748000082, -0.602508267999951, 0.0 ], [ 103.431543820000059, -0.603803705999951, 0.0 ], [ 103.430955233000077, -0.617869884999948, 0.0 ], [ 103.425072298000032, -0.628112241999929, 0.0 ], [ 103.422914476000074, -0.62849055199996, 0.0 ], [ 103.417390376000071, -0.63530385599995, 0.0 ], [ 103.406676675000085, -0.637162112999931, 0.0 ], [ 103.406619008000064, -0.647484475999931, 0.0 ], [ 103.416022302000044, -0.65147551299998, 0.0 ], [ 103.416686477000042, -0.654105244999926, 0.0 ], [ 103.419841171000087, -0.653809924999962, 0.0 ], [ 103.422487230000058, -0.656003326999951, 0.0 ], [ 103.425511604000064, -0.664389222999944, 0.0 ], [ 103.425077766000072, -0.669935376999945, 0.0 ], [ 103.410279890000083, -0.69109403799996, 0.0 ], [ 103.40452752200008, -0.692184124999926, 0.0 ], [ 103.406157453000048, -0.706341917999964, 0.0 ], [ 103.427255489000061, -0.706608205999942, 0.0 ], [ 103.434645879000072, -0.708653329999947, 0.0 ], [ 103.437017437000065, -0.710956806999945, 0.0 ], [ 103.432955346000085, -0.725520539999934, 0.0 ], [ 103.42801253600004, -0.728736821999973, 0.0 ], [ 103.427942296000083, -0.73424227199996, 0.0 ], [ 103.435222744000043, -0.733232323999971, 0.0 ], [ 103.437733561000073, -0.735532622999926, 0.0 ], [ 103.437047362000044, -0.732407817999956, 0.0 ], [ 103.438608065000039, -0.73193830799994, 0.0 ], [ 103.438759637000032, -0.734967286999961, 0.0 ], [ 103.440093628000056, -0.735405255999979, 0.0 ], [ 103.439619168000036, -0.733745637999959, 0.0 ], [ 103.441138158000058, -0.731699879999951, 0.0 ], [ 103.442567104000034, -0.743206243999964, 0.0 ], [ 103.445771606000051, -0.750000000999933, 0.0 ], [ 103.443273346000069, -0.753724604999945, 0.0 ], [ 103.444221441000082, -0.755869816999962, 0.0 ], [ 103.441780798000082, -0.766955613999926, 0.0 ], [ 103.438962555000046, -0.771011505999979, 0.0 ], [ 103.433681878000073, -0.772912733999931, 0.0 ], [ 103.437221994000083, -0.778055998999946, 0.0 ], [ 103.431249823000087, -0.778118438999968, 0.0 ], [ 103.408889004000059, -0.76999998499997, 0.0 ], [ 103.401694426000063, -0.778555560999962, 0.0 ], [ 103.401672642000051, -0.787271186999931, 0.0 ], [ 103.39219289600004, -0.787270718999935, 0.0 ], [ 103.352777997000032, -0.799166985999932, 0.0 ], [ 103.346389027000043, -0.779166951999969, 0.0 ], [ 103.334276154000065, -0.779335180999965, 0.0 ], [ 103.330332997000085, -0.776110949999975, 0.0 ], [ 103.32679416600007, -0.775848863999954, 0.0 ], [ 103.327119462000041, -0.76704990199994, 0.0 ], [ 103.321818629000063, -0.766340747999948, 0.0 ], [ 103.316432929000086, -0.769486247999964, 0.0 ], [ 103.31222223900005, -0.764722207999966, 0.0 ], [ 103.302544853000086, -0.765531119999935, 0.0 ], [ 103.301491527000053, -0.781257660999927, 0.0 ], [ 103.294983011000056, -0.777167021999958, 0.0 ], [ 103.290762789000041, -0.771853279999959, 0.0 ], [ 103.283673682000085, -0.776422582999942, 0.0 ], [ 103.277596735000088, -0.776335857999925, 0.0 ], [ 103.272558492000087, -0.770466021999937, 0.0 ], [ 103.260700017000033, -0.77243299099996, 0.0 ], [ 103.243357809000088, -0.769731749999949, 0.0 ], [ 103.239466939000067, -0.770599942999979, 0.0 ], [ 103.222566530000051, -0.76495, 0.0 ], [ 103.208249968000075, -0.757056027999965, 0.0 ], [ 103.191333010000051, -0.756972001999941, 0.0 ], [ 103.111832952000043, -0.746610969999949, 0.0 ], [ 103.102138964000062, -0.75452800599993, 0.0 ], [ 103.08083332800004, -0.76194449299993, 0.0 ], [ 103.045802777000063, -0.755494442999975, 0.0 ], [ 103.00361115000004, -0.754722215999948, 0.0 ], [ 102.927777771000081, -0.866111087999968, 0.0 ], [ 102.860000029000048, -0.927777772999946, 0.0 ], [ 102.825833360000047, -0.953055578999965, 0.0 ], [ 102.80944444000005, -0.962777727999935, 0.0 ], [ 102.798564507000037, -0.966937698999971, 0.0 ], [ 102.785790815000041, -0.97922209099994, 0.0 ], [ 102.783872478000035, -0.981763465999961, 0.0 ], [ 102.78528108200004, -0.990954359999932, 0.0 ], [ 102.778888851000033, -0.995000037999944, 0.0 ], [ 102.769285169000057, -1.011581741999976, 0.0 ], [ 102.769610023000041, -1.013359685999944, 0.0 ], [ 102.773582404000081, -1.014841600999944, 0.0 ], [ 102.781592052000065, -1.023374246999936, 0.0 ], [ 102.782192476000034, -1.030000002999941, 0.0 ], [ 102.780865542000072, -1.032240944999955, 0.0 ], [ 102.778252897000073, -1.031925985999976, 0.0 ], [ 102.775667574000067, -1.027810854999927, 0.0 ], [ 102.772064321000073, -1.029056278999974, 0.0 ], [ 102.770431282000061, -1.032334104999961, 0.0 ], [ 102.768045717000064, -1.03228334299996, 0.0 ], [ 102.764927245000081, -1.028163326999959, 0.0 ], [ 102.760717020000072, -1.027744374999941, 0.0 ], [ 102.756703988000083, -1.023019069999975, 0.0 ], [ 102.753174199000057, -1.023824092999973, 0.0 ], [ 102.75288117000008, -1.028678362999926, 0.0 ], [ 102.749444403000041, -1.035000016999959, 0.0 ], [ 102.752951741000061, -1.038907112999937, 0.0 ], [ 102.751039421000087, -1.04395507299995, 0.0 ], [ 102.731666677000078, -1.049722257999974, 0.0 ], [ 102.73346536300005, -1.058328657999937, 0.0 ], [ 102.732565360000081, -1.063303203999965, 0.0 ], [ 102.728888906000066, -1.068333319999965, 0.0 ], [ 102.731057891000034, -1.072375976999979, 0.0 ], [ 102.729012068000088, -1.080179040999951, 0.0 ], [ 102.719686542000034, -1.075057353999966, 0.0 ], [ 102.717294583000069, -1.075928107999971, 0.0 ], [ 102.714911004000044, -1.074304199999972, 0.0 ], [ 102.710199202000069, -1.081781534999948, 0.0 ], [ 102.707392781000067, -1.081933550999963, 0.0 ], [ 102.706747244000042, -1.07629818099997, 0.0 ], [ 102.704692508000051, -1.075000007999961, 0.0 ], [ 102.698727836000046, -1.083334931999957, 0.0 ], [ 102.694652060000067, -1.082375617999958, 0.0 ], [ 102.691311566000081, -1.085486595999953, 0.0 ], [ 102.681577280000056, -1.081396834999964, 0.0 ], [ 102.683192649000034, -1.095923570999958, 0.0 ], [ 102.672402502000068, -1.097308435999935, 0.0 ], [ 102.667470329000082, -1.101666679999937, 0.0 ], [ 102.663888839000037, -1.107500006999942, 0.0 ], [ 102.663303215000042, -1.112308030999941, 0.0 ], [ 102.659612368000069, -1.115404816999956, 0.0 ], [ 102.643581379000068, -1.11916664499995, 0.0 ], [ 102.643888912000079, -1.126944461999926, 0.0 ], [ 102.634749691000081, -1.125647800999957, 0.0 ], [ 102.632114201000036, -1.124194255999953, 0.0 ], [ 102.63166665500006, -1.118055517999949, 0.0 ], [ 102.629429823000066, -1.11577154899993, 0.0 ], [ 102.630218452000065, -1.107467229999941, 0.0 ], [ 102.625767469000039, -1.106006280999964, 0.0 ], [ 102.621295695000072, -1.100837988999956, 0.0 ], [ 102.613729708000051, -1.095996892999949, 0.0 ], [ 102.60676030286119, -1.09775414455062, 0.0 ], [ 102.608027049000043, -1.10133553999998, 0.0 ], [ 102.601295074000063, -1.09911782599994, 0.0 ], [ 102.593130591000033, -1.100303190999966, 0.0 ], [ 102.586111138000035, -1.095555554999976, 0.0 ], [ 102.585651693000045, -1.098620807999964, 0.0 ], [ 102.580697686000065, -1.101457319999952, 0.0 ], [ 102.570526127000051, -1.100754748999975, 0.0 ], [ 102.564204511000071, -1.101611146999971, 0.0 ], [ 102.55860072300004, -1.105182555999932, 0.0 ], [ 102.552191755000081, -1.104702169999939, 0.0 ], [ 102.549004323000077, -1.103559201999929, 0.0 ], [ 102.550360734000037, -1.09530095599996, 0.0 ], [ 102.547842063000076, -1.091321343999937, 0.0 ], [ 102.541944399000045, -1.086944456999959, 0.0 ], [ 102.541329983000082, -1.095172160999937, 0.0 ], [ 102.537010508000037, -1.100177735999978, 0.0 ], [ 102.533175541000048, -1.09987932599995, 0.0 ], [ 102.530803626000079, -1.09666668899996, 0.0 ], [ 102.527922843000056, -1.095728127999962, 0.0 ], [ 102.519480576000035, -1.095437837999953, 0.0 ], [ 102.51887989100004, -1.092499662999955, 0.0 ], [ 102.520833284000048, -1.089731262999976, 0.0 ], [ 102.513633070000083, -1.084661406999942, 0.0 ], [ 102.510300848000043, -1.086249203999955, 0.0 ], [ 102.508611148000057, -1.083611142999928, 0.0 ], [ 102.505052628000044, -1.088319829999932, 0.0 ], [ 102.50162415300008, -1.089934119999953, 0.0 ], [ 102.489147832000072, -1.090024548999963, 0.0 ], [ 102.485729225000057, -1.087637367999946, 0.0 ], [ 102.479980375000082, -1.089051345999962, 0.0 ], [ 102.478179149000084, -1.085566927999935, 0.0 ], [ 102.472808916000076, -1.085767970999939, 0.0 ], [ 102.46795446200008, -1.080901332999929, 0.0 ], [ 102.468693459000065, -1.078159987999925, 0.0 ], [ 102.474773368000058, -1.075014514999964, 0.0 ], [ 102.474183675000063, -1.070624324999926, 0.0 ], [ 102.463386540000045, -1.059866489999933, 0.0 ], [ 102.461944465000045, -1.053611072999956, 0.0 ], [ 102.451675427000055, -1.04843324999996, 0.0 ], [ 102.450555527000063, -1.044722235999927, 0.0 ], [ 102.440677611000069, -1.030870767999943, 0.0 ], [ 102.429595178000056, -1.037037530999953, 0.0 ], [ 102.422100092000051, -1.032539550999957, 0.0 ], [ 102.417596684000046, -1.035320645999946, 0.0 ], [ 102.408789364000086, -1.033216464999953, 0.0 ], [ 102.408279942000036, -1.038923736999948, 0.0 ], [ 102.404370363000055, -1.039884127999926, 0.0 ], [ 102.398132298000064, -1.038221371999953, 0.0 ], [ 102.393001434000041, -1.030494975999943, 0.0 ], [ 102.387585203000071, -1.028406637999979, 0.0 ], [ 102.384590838000065, -1.031499811999936, 0.0 ], [ 102.384444441000085, -1.038055547999932, 0.0 ], [ 102.379739694000079, -1.034846044999938, 0.0 ], [ 102.374627341000064, -1.034205784999926, 0.0 ], [ 102.371487013000035, -1.030201725999973, 0.0 ], [ 102.373577880000084, -1.022674308999967, 0.0 ], [ 102.373246296000048, -1.011791207999977, 0.0 ], [ 102.383055556000045, -0.993611137999949, 0.0 ], [ 102.379270537000082, -0.989350342999956, 0.0 ], [ 102.375717370000075, -0.98910991899993, 0.0 ], [ 102.366334487000074, -0.982769800999961, 0.0 ], [ 102.365493814000047, -0.978248880999956, 0.0 ], [ 102.359954791000064, -0.973772795999935, 0.0 ], [ 102.359030190000055, -0.972373495999932, 0.0 ], [ 102.360113424000076, -0.970969980999939, 0.0 ], [ 102.357505997000032, -0.967781262999949, 0.0 ], [ 102.352420671000061, -0.967330880999953, 0.0 ], [ 102.351666674000057, -0.970555609999963, 0.0 ], [ 102.342989899000088, -0.960518299999933, 0.0 ], [ 102.341352206000067, -0.961814339999933, 0.0 ], [ 102.333916148000071, -0.961175050999941, 0.0 ], [ 102.329722194000055, -0.964722209999934, 0.0 ], [ 102.323475831000053, -0.961865457999977, 0.0 ], [ 102.321334782000065, -0.951211917999956, 0.0 ], [ 102.311932870000078, -0.937450443999978, 0.0 ], [ 102.310974833000046, -0.932909368999958, 0.0 ], [ 102.308467046000032, -0.931057661999944, 0.0 ], [ 102.307771814000034, -0.921285284999954, 0.0 ], [ 102.303765405000036, -0.918575215999965, 0.0 ], [ 102.297508177000054, -0.919698236999977, 0.0 ], [ 102.290000016000079, -0.917499972999963, 0.0 ], [ 102.290316715000074, -0.915600664999943, 0.0 ], [ 102.288514038000073, -0.914793300999975, 0.0 ], [ 102.287704576000067, -0.916974348999929, 0.0 ], [ 102.285544590000086, -0.917660988999955, 0.0 ], [ 102.279996212000071, -0.915551688999926, 0.0 ], [ 102.277135305000058, -0.916515741999945, 0.0 ], [ 102.276595820000068, -0.918785883999931, 0.0 ], [ 102.271438958000033, -0.922930251999958, 0.0 ], [ 102.267699470000082, -0.92146298199998, 0.0 ], [ 102.262444002000052, -0.924360982999929, 0.0 ], [ 102.257176433000041, -0.919821525999964, 0.0 ], [ 102.252990403000069, -0.922123377999981, 0.0 ], [ 102.252343818000043, -0.928016166999953, 0.0 ], [ 102.24641021900004, -0.933569248999959, 0.0 ], [ 102.239804395000078, -0.929459812999937, 0.0 ], [ 102.236167929000032, -0.93036865199997, 0.0 ], [ 102.233293300000071, -0.936463647999972, 0.0 ], [ 102.227646573000072, -0.93781103799995, 0.0 ], [ 102.225854452000078, -0.940879858999949, 0.0 ], [ 102.21933901500006, -0.94334787799994, 0.0 ], [ 102.221388882000042, -0.946111106999979, 0.0 ], [ 102.215542447000075, -0.945395800999961, 0.0 ], [ 102.202902551000079, -0.947092677999933, 0.0 ], [ 102.200304255000049, -0.943520089999936, 0.0 ], [ 102.196557641000084, -0.945459358999926, 0.0 ], [ 102.190277810000055, -0.944999971999948, 0.0 ], [ 102.191262325000082, -0.935464713999977, 0.0 ], [ 102.188695880000068, -0.932837548999942, 0.0 ], [ 102.191929542000082, -0.928931469999952, 0.0 ], [ 102.188459346000059, -0.918695931999935, 0.0 ], [ 102.188996595000049, -0.916328376999957, 0.0 ], [ 102.181247214000052, -0.918222155999956, 0.0 ], [ 102.174746436000078, -0.91724123399996, 0.0 ], [ 102.17390309600006, -0.908577212999944, 0.0 ], [ 102.167270694000081, -0.903302334999978, 0.0 ], [ 102.168333324000059, -0.900555578999956, 0.0 ], [ 102.166453128000057, -0.899762102999944, 0.0 ], [ 102.161811016000058, -0.901081666999971, 0.0 ], [ 102.161236836000057, -0.904280212999936, 0.0 ], [ 102.159174374000088, -0.904969155999936, 0.0 ], [ 102.152804622000076, -0.902111519999949, 0.0 ], [ 102.147127502000046, -0.903019398999959, 0.0 ], [ 102.144183205000047, -0.899050845999966, 0.0 ], [ 102.141177472000038, -0.900511556999959, 0.0 ], [ 102.14066796700007, -0.909086621999961, 0.0 ], [ 102.138942524000072, -0.912211937999928, 0.0 ], [ 102.130500015000052, -0.915610300999958, 0.0 ], [ 102.125978485000076, -0.921113289999937, 0.0 ], [ 102.117222220000087, -0.921111085999939, 0.0 ], [ 102.111293040000078, -0.914859683999964, 0.0 ], [ 102.09874939000008, -0.907812734999936, 0.0 ], [ 102.095870855000044, -0.903958904999968, 0.0 ], [ 102.09099978100005, -0.903749303999973, 0.0 ], [ 102.08552099700006, -0.899730286999954, 0.0 ], [ 102.078611141000067, -0.89944445499998, 0.0 ], [ 102.065615309000066, -0.889481294999939, 0.0 ], [ 102.061388882000074, -0.890833328999975, 0.0 ], [ 102.056105208000076, -0.89678551999998, 0.0 ], [ 102.048333336000042, -0.900295876999962, 0.0 ], [ 102.044306739000035, -0.898833673999945, 0.0 ], [ 102.040804715000036, -0.894845352999937, 0.0 ], [ 102.031666704000088, -0.893888935999939, 0.0 ], [ 102.027472172000046, -0.88582956099998, 0.0 ], [ 102.023611132000042, -0.885833346999959, 0.0 ], [ 102.019662909000033, -0.882538112999953, 0.0 ], [ 102.018908214000078, -0.879784086999962, 0.0 ], [ 102.015340732000084, -0.880340077999961, 0.0 ], [ 102.014594308000085, -0.878308411999967, 0.0 ], [ 102.011944478000032, -0.877777754999954, 0.0 ], [ 101.996388871000079, -0.884722266999972, 0.0 ], [ 101.990910423000059, -0.881389845999934, 0.0 ], [ 101.986111116000075, -0.881111130999955, 0.0 ], [ 101.979670681000073, -0.889897877999942, 0.0 ], [ 101.978481886000054, -0.896700256999964, 0.0 ], [ 101.97083333900008, -0.901388886999939, 0.0 ], [ 101.966486821000046, -0.913879411999972, 0.0 ], [ 101.962380335000034, -0.917321442999935, 0.0 ], [ 101.957831964000036, -0.911570260999952, 0.0 ], [ 101.952499995000039, -0.91194446999998, 0.0 ], [ 101.948812179000072, -0.907694208999942, 0.0 ], [ 101.946666677000053, -0.907777798999973, 0.0 ], [ 101.940304604000062, -0.91526704599994, 0.0 ], [ 101.93138889800008, -0.910833332999971, 0.0 ], [ 101.926774351000063, -0.91517641799993, 0.0 ], [ 101.921388839000088, -0.919166695999934, 0.0 ], [ 101.915388662000055, -0.919252808999943, 0.0 ] ], [ [ 102.565879876000054, -0.905367385999966, 0.0 ], [ 102.565735543141358, -0.90819339243218, 0.0 ], [ 102.566151442810735, -0.904635029156942, 0.0 ], [ 102.565879876000054, -0.905367385999966, 0.0 ] ], [ [ 102.56426801300006, -0.93692731799996, 0.0 ], [ 102.565291538378162, -0.944900681749738, 0.0 ], [ 102.564796889616815, -0.926572027220626, 0.0 ], [ 102.56426801300006, -0.93692731799996, 0.0 ] ], [ [ 102.570831051000084, -0.98805403199998, 0.0 ], [ 102.574641694000036, -1.006809221999958, 0.0 ], [ 102.56789584344709, -0.965188475364178, 0.0 ], [ 102.570831051000084, -0.98805403199998, 0.0 ] ], [ [ 102.607402277735034, -1.084465971728811, 0.0 ], [ 102.607754924000062, -1.078084582999963, 0.0 ], [ 102.606721833967086, -1.072333814714415, 0.0 ], [ 102.607402277735034, -1.084465971728811, 0.0 ] ], [ [ 102.606494344000055, -1.097002214999975, 0.0 ], [ 102.606680430132599, -1.097528325171418, 0.0 ], [ 102.606755258831527, -1.096174245848054, 0.0 ], [ 102.606494344000055, -1.097002214999975, 0.0 ] ], [ [ 101.516478328780337, -0.11037496142985, 0.0 ], [ 101.515862225000035, -0.107720976999929, 0.0 ], [ 101.515976439000042, -0.110462115999951, 0.0 ], [ 101.516478328780337, -0.11037496142985, 0.0 ] ], [ [ 101.618519928000069, -0.234516672999973, 0.0 ], [ 101.614875096833657, -0.233897686418953, 0.0 ], [ 101.615357224000036, -0.234525926999936, 0.0 ], [ 101.618519928000069, -0.234516672999973, 0.0 ] ], [ [ 101.639908184808661, -0.242727354738785, 0.0 ], [ 101.639322644075691, -0.242341935344718, 0.0 ], [ 101.639380345000063, -0.242734220999978, 0.0 ], [ 101.639908184808661, -0.242727354738785, 0.0 ] ], [ [ 101.665770260000045, -0.236474527999974, 0.0 ], [ 101.665546972609405, -0.236623386298129, 0.0 ], [ 101.669824862000041, -0.24039825899996, 0.0 ], [ 101.665770260000045, -0.236474527999974, 0.0 ] ], [ [ 101.760253661000036, -0.293158844999937, 0.0 ], [ 101.760178133256147, -0.293128286817141, 0.0 ], [ 101.761014097000043, -0.33640621099994, 0.0 ], [ 101.760253661000036, -0.293158844999937, 0.0 ] ], [ [ 101.848662147000084, -0.390151350999929, 0.0 ], [ 101.84550632983823, -0.389098996541162, 0.0 ], [ 101.845539950000045, -0.390162669999938, 0.0 ], [ 101.848662147000084, -0.390151350999929, 0.0 ] ], [ [ 101.869786551248154, -0.399848306376355, 0.0 ], [ 101.865576307000083, -0.402041993999944, 0.0 ], [ 101.869428179000067, -0.400257397999951, 0.0 ], [ 101.869786551248154, -0.399848306376355, 0.0 ] ], [ [ 101.870293351000043, -0.396279890999949, 0.0 ], [ 101.870000078275481, -0.399604559493741, 0.0 ], [ 101.870961504000036, -0.398507065999979, 0.0 ], [ 101.870293351000043, -0.396279890999949, 0.0 ] ], [ [ 101.877867138000056, -0.391140765999978, 0.0 ], [ 101.875027527000043, -0.396948043999942, 0.0 ], [ 101.878042859070206, -0.391126306253502, 0.0 ], [ 101.877867138000056, -0.391140765999978, 0.0 ] ], [ [ 101.78955071200005, -0.754597480999962, 0.0 ], [ 101.787234714000078, -0.754623816999924, 0.0 ], [ 101.789837328581086, -0.755447181212799, 0.0 ], [ 101.78955071200005, -0.754597480999962, 0.0 ] ], [ [ 101.790266270000075, -0.756718815999932, 0.0 ], [ 101.790070977500989, -0.756139854107913, 0.0 ], [ 101.789808116517307, -0.758256987707152, 0.0 ], [ 101.790266270000075, -0.756718815999932, 0.0 ] ], [ [ 101.789301239000054, -0.759958741999981, 0.0 ], [ 101.789474388428275, -0.759377422504172, 0.0 ], [ 101.787782205000042, -0.760389460999932, 0.0 ], [ 101.789301239000054, -0.759958741999981, 0.0 ] ], [ [ 101.779904955402174, -0.800387261439972, 0.0 ], [ 101.778101406399699, -0.798386101150579, 0.0 ], [ 101.778232519000085, -0.799210179999932, 0.0 ], [ 101.779904955402174, -0.800387261439972, 0.0 ] ], [ [ 101.783667534000074, -0.799303347999967, 0.0 ], [ 101.78037696244543, -0.800719465839197, 0.0 ], [ 101.780459371000063, -0.800777465999943, 0.0 ], [ 101.783667534000074, -0.799303347999967, 0.0 ] ], [ [ 101.821238665000067, -0.84980791199996, 0.0 ], [ 101.816838543367126, -0.85014923044728, 0.0 ], [ 101.816850300000056, -0.850277934999951, 0.0 ], [ 101.821238665000067, -0.84980791199996, 0.0 ] ], [ [ 101.877266285000076, -0.826456141999927, 0.0 ], [ 101.861268735000067, -0.834673930999941, 0.0 ], [ 101.877305133968292, -0.826485546098497, 0.0 ], [ 101.877266285000076, -0.826456141999927, 0.0 ] ], [ [ 101.881018235797725, -0.829295927357312, 0.0 ], [ 101.878035754706389, -0.827038540043719, 0.0 ], [ 101.880133794000074, -0.829298759999972, 0.0 ], [ 101.881018235797725, -0.829295927357312, 0.0 ] ], [ [ 101.884986469620415, -0.829060488674947, 0.0 ], [ 101.884103379618296, -0.829286046424477, 0.0 ], [ 101.884949661000064, -0.829283335999946, 0.0 ], [ 101.884986469620415, -0.829060488674947, 0.0 ] ], [ [ 101.885935294000035, -0.824688549999962, 0.0 ], [ 101.885924908042611, -0.824766921665272, 0.0 ], [ 101.886689056601469, -0.824585055363153, 0.0 ], [ 101.885935294000035, -0.824688549999962, 0.0 ] ], [ [ 101.889444106000042, -0.824206775999926, 0.0 ], [ 101.888536624987367, -0.824331376792852, 0.0 ], [ 101.891242641621815, -0.826331318758196, 0.0 ], [ 101.889444106000042, -0.824206775999926, 0.0 ] ], [ [ 101.893540262000045, -0.825860183999964, 0.0 ], [ 101.891438547783707, -0.826476107577838, 0.0 ], [ 101.891529783000067, -0.826543536999964, 0.0 ], [ 101.893540262000045, -0.825860183999964, 0.0 ] ], [ [ 101.899150854000084, -0.830894185999966, 0.0 ], [ 101.898904898078186, -0.830879100578819, 0.0 ], [ 101.897912588000054, -0.834035350999955, 0.0 ], [ 101.899150854000084, -0.830894185999966, 0.0 ] ], [ [ 101.880412762000049, -0.86250438299993, 0.0 ], [ 101.880476382212493, -0.861551474223616, 0.0 ], [ 101.877806156000076, -0.864018266999949, 0.0 ], [ 101.880412762000049, -0.86250438299993, 0.0 ] ], [ [ 101.877349160620525, -0.867790024057988, 0.0 ], [ 101.878283262000082, -0.866810274999978, 0.0 ], [ 101.877806156000076, -0.864018266999949, 0.0 ], [ 101.877349160620525, -0.867790024057988, 0.0 ] ], [ [ 101.874286926000082, -0.871001903999968, 0.0 ], [ 101.876430295163871, -0.868753792643811, 0.0 ], [ 101.875140205000037, -0.868725267999935, 0.0 ], [ 101.874286926000082, -0.871001903999968, 0.0 ] ], [ [ 101.915962719000049, -0.883061827999938, 0.0 ], [ 101.911103030000049, -0.882329102999961, 0.0 ], [ 101.916062250464762, -0.883451724762928, 0.0 ], [ 101.915962719000049, -0.883061827999938, 0.0 ] ], [ [ 101.021165287000088, 1.352655938000055, 0.0 ], [ 101.066659564000076, 1.377873604000058, 0.0 ], [ 101.01412266400007, 1.349525046000053, 0.0 ], [ 101.021165287000088, 1.352655938000055, 0.0 ] ], [ [ 100.974411542834304, 1.348808520681352, 0.0 ], [ 100.974411542834304, 1.348808520681352, 0.0 ], [ 101.01412266400007, 1.349525046000053, 0.0 ], [ 100.974411542834304, 1.348808520681352, 0.0 ] ], [ [ 100.985338609000053, 1.094032804000051, 0.0 ], [ 100.985309974072877, 1.094176756997479, 0.0 ], [ 100.985244647675913, 1.093172274962092, 0.0 ], [ 100.985338609000053, 1.094032804000051, 0.0 ] ], [ [ 100.984027778000041, 1.082027778000054, 0.0 ], [ 100.984227537541258, 1.083857242275856, 0.0 ], [ 100.983519059205463, 1.080850927913928, 0.0 ], [ 100.984027778000041, 1.082027778000054, 0.0 ] ], [ [ 100.98081317432738, 1.069150107144739, 0.0 ], [ 100.98085366065493, 1.069540736002883, 0.0 ], [ 100.980765182000084, 1.069165291000047, 0.0 ], [ 100.98081317432738, 1.069150107144739, 0.0 ] ], [ [ 100.994634052000038, 0.988720328000056, 0.0 ], [ 100.996847347000084, 0.99295027900007, 0.0 ], [ 100.993456483019912, 0.988026870564105, 0.0 ], [ 100.994634052000038, 0.988720328000056, 0.0 ] ], [ [ 100.989878644654681, 0.981818101488211, 0.0 ], [ 100.990878840759123, 0.984284229831271, 0.0 ], [ 100.989765072000068, 0.982667079000066, 0.0 ], [ 100.989878644654681, 0.981818101488211, 0.0 ] ], [ [ 100.991902356000082, 0.981183552000061, 0.0 ], [ 100.9899042179497, 0.981626936172399, 0.0 ], [ 100.989945001000081, 0.981322075000037, 0.0 ], [ 100.991902356000082, 0.981183552000061, 0.0 ] ], [ [ 101.379894148000062, 0.73392043900003, 0.0 ], [ 101.379399465000063, 0.735935751000056, 0.0 ], [ 101.379709148018506, 0.733816961076967, 0.0 ], [ 101.379894148000062, 0.73392043900003, 0.0 ] ], [ [ 101.320376578000037, 0.70506281400003, 0.0 ], [ 101.320338431160152, 0.713866138651852, 0.0 ], [ 101.32024178000006, 0.713864842000021, 0.0 ], [ 101.320376578000037, 0.70506281400003, 0.0 ] ], [ [ 101.323129098264303, 0.695377362345629, 0.0 ], [ 101.321781906000069, 0.704155570000069, 0.0 ], [ 101.321722515000033, 0.698613833000024, 0.0 ], [ 101.323129098264303, 0.695377362345629, 0.0 ] ], [ [ 101.325139566427666, 0.691975532450827, 0.0 ], [ 101.324568187338471, 0.692066097612181, 0.0 ], [ 101.32469728500007, 0.691769051000051, 0.0 ], [ 101.325139566427666, 0.691975532450827, 0.0 ] ], [ [ 101.328479264000066, 0.69457417700005, 0.0 ], [ 101.327038839018471, 0.692862218021369, 0.0 ], [ 101.332619544000067, 0.695467600000029, 0.0 ], [ 101.328479264000066, 0.69457417700005, 0.0 ] ], [ [ 101.420158507000053, 0.673749225000051, 0.0 ], [ 101.396625032000088, 0.690282235000041, 0.0 ], [ 101.397075338128246, 0.689431766476614, 0.0 ], [ 101.420158507000053, 0.673749225000051, 0.0 ] ], [ [ 101.491306, 0.653673, 0.0 ], [ 101.489, 0.648666667000043, 0.0 ], [ 101.491433524712079, 0.653744212906076, 0.0 ], [ 101.491306, 0.653673, 0.0 ] ], [ [ 101.497332594907448, 0.657038397421017, 0.0 ], [ 101.493999873590795, 0.655177324643386, 0.0 ], [ 101.497211, 0.656838, 0.0 ], [ 101.497332594907448, 0.657038397421017, 0.0 ] ], [ [ 101.521546269209722, 0.685367553690224, 0.0 ], [ 101.520172102701594, 0.686240237652566, 0.0 ], [ 101.520603440000059, 0.685509868000054, 0.0 ], [ 101.521546269209722, 0.685367553690224, 0.0 ] ], [ [ 101.527844111000036, 0.68442630100003, 0.0 ], [ 101.527800145966822, 0.68442356919619, 0.0 ], [ 101.527855825759843, 0.684415164671559, 0.0 ], [ 101.527844111000036, 0.68442630100003, 0.0 ] ], [ [ 101.532002921000071, 0.683844838000027, 0.0 ], [ 101.529489658000045, 0.682862005000061, 0.0 ], [ 101.532162172223167, 0.683777308447066, 0.0 ], [ 101.532002921000071, 0.683844838000027, 0.0 ] ], [ [ 101.541033183000081, 0.677702776000046, 0.0 ], [ 101.54095396264168, 0.677799863135059, 0.0 ], [ 101.53693562400008, 0.663376167000024, 0.0 ], [ 101.541033183000081, 0.677702776000046, 0.0 ] ], [ [ 101.53990658500004, 0.658914148000065, 0.0 ], [ 101.539896056397964, 0.658912730721831, 0.0 ], [ 101.539960797070421, 0.658805020875886, 0.0 ], [ 101.53990658500004, 0.658914148000065, 0.0 ] ], [ [ 101.546095943826856, 0.6430428575187, 0.0 ], [ 101.544031041000039, 0.650611753000021, 0.0 ], [ 101.5419624428351, 0.65477577343368, 0.0 ], [ 101.544616744000052, 0.645515966000062, 0.0 ], [ 101.546095943826856, 0.6430428575187, 0.0 ] ], [ [ 101.551612400000067, 0.635914890000038, 0.0 ], [ 101.548334196696302, 0.639300670658885, 0.0 ], [ 101.549046231000034, 0.638110204000043, 0.0 ], [ 101.551612400000067, 0.635914890000038, 0.0 ] ], [ [ 101.60539, 0.505661, 0.0 ], [ 101.600944444000049, 0.506277778000026, 0.0 ], [ 101.599292009574214, 0.506171636688269, 0.0 ], [ 101.60539, 0.505661, 0.0 ] ], [ [ 101.59276118300005, 0.504063559000031, 0.0 ], [ 101.596686975692208, 0.506004306772428, 0.0 ], [ 101.595179817000087, 0.505907497000067, 0.0 ], [ 101.59276118300005, 0.504063559000031, 0.0 ] ], [ [ 101.58939233600006, 0.464080655000032, 0.0 ], [ 101.591623220038542, 0.461263068469462, 0.0 ], [ 101.592090441000039, 0.462256794000041, 0.0 ], [ 101.589362179333349, 0.465241443049668, 0.0 ], [ 101.588580829378728, 0.461765918018781, 0.0 ], [ 101.58939233600006, 0.464080655000032, 0.0 ] ], [ [ 101.602317709000033, 0.404338044000042, 0.0 ], [ 101.592140230286319, 0.414224210396835, 0.0 ], [ 101.592141773000037, 0.414204926000025, 0.0 ], [ 101.602317709000033, 0.404338044000042, 0.0 ] ], [ [ 101.60447337100004, 0.403936047000059, 0.0 ], [ 101.604294960787229, 0.403969317693848, 0.0 ], [ 101.608956196000065, 0.397220666000067, 0.0 ], [ 101.60447337100004, 0.403936047000059, 0.0 ] ], [ [ 101.518901414000084, -0.099576028999934, 0.0 ], [ 101.515135389000079, -0.064031582999974, 0.0 ], [ 101.518569410080048, -0.099803459994121, 0.0 ], [ 101.518901414000084, -0.099576028999934, 0.0 ] ], [ [ 101.513383225521864, -0.105903790983944, 0.0 ], [ 101.515022769079806, -0.104023709968588, 0.0 ], [ 101.512707060000082, -0.105408139999952, 0.0 ], [ 101.513383225521864, -0.105903790983944, 0.0 ] ], [ [ 100.470635118000075, 1.338913735000062, 0.0 ], [ 100.469860968000035, 1.341422430000023, 0.0 ], [ 100.46978305191702, 1.341372751314145, 0.0 ], [ 100.470635118000075, 1.338913735000062, 0.0 ] ], [ [ 100.468238881000048, 1.340388200000064, 0.0 ], [ 100.467059673000051, 1.341701096000065, 0.0 ], [ 100.466946551466066, 1.34150928036879, 0.0 ], [ 100.468238881000048, 1.340388200000064, 0.0 ] ], [ [ 100.465462006000052, 1.339285196000048, 0.0 ], [ 100.465574428328708, 1.339482660830199, 0.0 ], [ 100.464364917000069, 1.341488625000068, 0.0 ], [ 100.46405421042563, 1.341168549999328, 0.0 ], [ 100.465462006000052, 1.339285196000048, 0.0 ] ], [ [ 100.462558179581023, 1.339627410824627, 0.0 ], [ 100.46188855279253, 1.338937593445593, 0.0 ], [ 100.461925029000042, 1.338808030000052, 0.0 ], [ 100.462558179581023, 1.339627410824627, 0.0 ] ], [ [ 100.460648640071312, 1.341484315426242, 0.0 ], [ 100.460580432000086, 1.341643912000052, 0.0 ], [ 100.456071160806459, 1.340483951286126, 0.0 ], [ 100.460648640071312, 1.341484315426242, 0.0 ] ], [ [ 100.455431447965509, 1.340319392151882, 0.0 ], [ 100.455312177000053, 1.340288711000028, 0.0 ], [ 100.452262644000086, 1.33771517200006, 0.0 ], [ 100.455431447965509, 1.340319392151882, 0.0 ] ], [ [ 100.599354872000049, 1.240679791000048, 0.0 ], [ 100.612724335000053, 1.232178813000075, 0.0 ], [ 100.61311223466538, 1.232083229663833, 0.0 ], [ 100.599354872000049, 1.240679791000048, 0.0 ] ], [ [ 100.616549947748283, 1.231236134100525, 0.0 ], [ 100.622223288000043, 1.22983815200007, 0.0 ], [ 100.623482338208547, 1.229869560144709, 0.0 ], [ 100.616549947748283, 1.231236134100525, 0.0 ] ], [ [ 100.625169886688795, 1.229911657565761, 0.0 ], [ 100.625921290000065, 1.229930402000036, 0.0 ], [ 100.625950885491505, 1.229958847490848, 0.0 ], [ 100.625169886688795, 1.229911657565761, 0.0 ] ], [ [ 100.627202508516135, 1.231161835835005, 0.0 ], [ 100.628515372000038, 1.232423685000072, 0.0 ], [ 100.628589186324106, 1.232535506042825, 0.0 ], [ 100.627202508516135, 1.231161835835005, 0.0 ] ], [ [ 100.636649324796593, 1.244745779591356, 0.0 ], [ 100.63680102129949, 1.244975584054777, 0.0 ], [ 100.636767786000064, 1.244943008000064, 0.0 ], [ 100.636649324796593, 1.244745779591356, 0.0 ] ], [ [ 100.636949350862139, 1.245120971399899, 0.0 ], [ 100.643997955000032, 1.251189230000023, 0.0 ], [ 100.644680162147168, 1.252698436797306, 0.0 ], [ 100.636949350862139, 1.245120971399899, 0.0 ] ], [ [ 100.459275908525413, 0.427389738616134, 0.0 ], [ 100.454110915420571, 0.422195225453312, 0.0 ], [ 100.456385981000039, 0.42340934300006, 0.0 ], [ 100.459275908525413, 0.427389738616134, 0.0 ] ], [ [ 100.461703299000078, 0.445755912000038, 0.0 ], [ 100.461976572000083, 0.442003481000029, 0.0 ], [ 100.461752838481416, 0.445778477379837, 0.0 ], [ 100.461703299000078, 0.445755912000038, 0.0 ] ], [ [ 100.468707381000058, 0.448946292000073, 0.0 ], [ 100.467715793216698, 0.448494620841412, 0.0 ], [ 100.468714945472712, 0.448940125129357, 0.0 ], [ 100.468707381000058, 0.448946292000073, 0.0 ] ], [ [ 100.474234128330551, 0.440917369183533, 0.0 ], [ 100.473973847190805, 0.440975888560133, 0.0 ], [ 100.473983296000085, 0.440916437000055, 0.0 ], [ 100.474234128330551, 0.440917369183533, 0.0 ] ], [ [ 100.480612572522219, 0.441025178675821, 0.0 ], [ 100.480209885385193, 0.440939577253692, 0.0 ], [ 100.480577381000046, 0.440940943000044, 0.0 ], [ 100.480612572522219, 0.441025178675821, 0.0 ] ], [ [ 100.517817176000051, 0.43992623500003, 0.0 ], [ 100.52682210655486, 0.444169947474442, 0.0 ], [ 100.524926711000035, 0.444135751000033, 0.0 ], [ 100.517732857090024, 0.43994148843155, 0.0 ], [ 100.517817176000051, 0.43992623500003, 0.0 ] ], [ [ 100.531524179919714, 0.447147155518858, 0.0 ], [ 100.529436368153227, 0.445401958592003, 0.0 ], [ 100.531186247000051, 0.446226616000047, 0.0 ], [ 100.531524179919714, 0.447147155518858, 0.0 ] ], [ [ 100.550678334000054, 0.470605732000024, 0.0 ], [ 100.550626380167287, 0.470518599341314, 0.0 ], [ 100.555618145000039, 0.472114323000028, 0.0 ], [ 100.550678334000054, 0.470605732000024, 0.0 ] ], [ [ 100.78629514000005, 0.404201558000068, 0.0 ], [ 100.780003256000043, 0.400893367000037, 0.0 ], [ 100.786307553042008, 0.403969362363528, 0.0 ], [ 100.78629514000005, 0.404201558000068, 0.0 ] ], [ [ 100.786801493919796, 0.394729812794971, 0.0 ], [ 100.786555572913727, 0.39932995711939, 0.0 ], [ 100.786403261000032, 0.394861821000063, 0.0 ], [ 100.786801493919796, 0.394729812794971, 0.0 ] ], [ [ 100.811520435000034, 0.383603214000061, 0.0 ], [ 100.807943951400816, 0.382345512329672, 0.0 ], [ 100.808145652000064, 0.38226215800006, 0.0 ], [ 100.811520435000034, 0.383603214000061, 0.0 ] ], [ [ 100.818358966000062, 0.380725014000063, 0.0 ], [ 100.814169079848796, 0.38063407601315, 0.0 ], [ 100.814271688000076, 0.380519052000068, 0.0 ], [ 100.818358966000062, 0.380725014000063, 0.0 ] ], [ [ 100.843665075000047, 0.372722512000053, 0.0 ], [ 100.840770626297598, 0.37488893954257, 0.0 ], [ 100.841005132000078, 0.374321179000049, 0.0 ], [ 100.843665075000047, 0.372722512000053, 0.0 ] ], [ [ 100.728715655000087, 0.594373310000037, 0.0 ], [ 100.726801248000072, 0.593319269000062, 0.0 ], [ 100.728349681000054, 0.593355238000072, 0.0 ], [ 100.728715655000087, 0.594373310000037, 0.0 ] ], [ [ 101.368231474482087, 0.560595239643216, 0.0 ], [ 101.368224638459452, 0.557781598076994, 0.0 ], [ 101.368402397000068, 0.557683818000044, 0.0 ], [ 101.368231474482087, 0.560595239643216, 0.0 ] ], [ [ 101.368242025000086, 0.564937732000033, 0.0 ], [ 101.36824016135327, 0.564170672785887, 0.0 ], [ 101.369746101000032, 0.565812658000027, 0.0 ], [ 101.368242025000086, 0.564937732000033, 0.0 ] ], [ [ 101.371099048000076, 0.544354118000058, 0.0 ], [ 101.370772232000036, 0.54735792300005, 0.0 ], [ 101.370009424415727, 0.542606285785807, 0.0 ], [ 101.371099048000076, 0.544354118000058, 0.0 ] ], [ [ 101.353413421000084, 0.505162106000057, 0.0 ], [ 101.3534321046223, 0.50348385427353, 0.0 ], [ 101.357201402000044, 0.509593732000042, 0.0 ], [ 101.357197459262721, 0.509819395258369, 0.0 ], [ 101.353413421000084, 0.505162106000057, 0.0 ] ], [ [ 101.34771310900004, 0.494213595000076, 0.0 ], [ 101.351748424905466, 0.500754677939187, 0.0 ], [ 101.350794984000061, 0.500155234000033, 0.0 ], [ 101.34771310900004, 0.494213595000076, 0.0 ] ], [ [ 101.54382159592825, 0.432436079010717, 0.0 ], [ 101.53386938400007, 0.438293128000055, 0.0 ], [ 101.543599756000049, 0.432303981000075, 0.0 ], [ 101.54382159592825, 0.432436079010717, 0.0 ] ], [ [ 101.547047534000058, 0.437646495000024, 0.0 ], [ 101.547174580453145, 0.436900862762822, 0.0 ], [ 101.550383697000086, 0.440718805000074, 0.0 ], [ 101.547047534000058, 0.437646495000024, 0.0 ] ], [ [ 101.567026454756942, 0.457447285871197, 0.0 ], [ 101.56659060700008, 0.459542996000039, 0.0 ], [ 101.566698350000081, 0.45741668900007, 0.0 ], [ 101.567026454756942, 0.457447285871197, 0.0 ] ], [ [ 101.573552532000065, 0.46145001800005, 0.0 ], [ 101.571261392000054, 0.457842208000045, 0.0 ], [ 101.57476912150571, 0.461291246933137, 0.0 ], [ 101.573552532000065, 0.46145001800005, 0.0 ] ], [ [ 101.578061783000066, 0.460861538000074, 0.0 ], [ 101.576279800315461, 0.461094095728662, 0.0 ], [ 101.582288236326292, 0.457897094667727, 0.0 ], [ 101.578061783000066, 0.460861538000074, 0.0 ] ], [ [ 101.583058862000087, 0.457487056000048, 0.0 ], [ 101.588285108000036, 0.46092240400003, 0.0 ], [ 101.588322242256353, 0.461028325546576, 0.0 ], [ 101.582977298543653, 0.457530454724154, 0.0 ], [ 101.583058862000087, 0.457487056000048, 0.0 ] ], [ [ 101.457101897221364, -0.067366695503598, 0.0 ], [ 101.479507621000039, -0.073007649999965, 0.0 ], [ 101.457662145000086, -0.067192882999962, 0.0 ], [ 101.457101897221364, -0.067366695503598, 0.0 ] ], [ [ 101.482240405122795, -0.084227760225674, 0.0 ], [ 101.482841079000082, -0.086693972999967, 0.0 ], [ 101.485818161547854, -0.091716621929871, 0.0 ], [ 101.482240405122795, -0.084227760225674, 0.0 ] ], [ [ 101.499007925129447, -0.102951656230919, 0.0 ], [ 101.499861417000034, -0.103439311999978, 0.0 ], [ 101.510141644532823, -0.103372109567773, 0.0 ], [ 101.499007925129447, -0.102951656230919, 0.0 ] ], [ [ 101.512795888398756, -0.103354758624626, 0.0 ], [ 101.513390900000047, -0.103350868999939, 0.0 ], [ 101.51594858004853, -0.101598794156434, 0.0 ], [ 101.512795888398756, -0.103354758624626, 0.0 ] ], [ [ 101.085470157360078, -0.377854890596514, 0.0 ], [ 101.088719971000046, -0.378711703999954, 0.0 ], [ 101.09460249213312, -0.378580914827388, 0.0 ], [ 101.085470157360078, -0.377854890596514, 0.0 ] ], [ [ 101.102207376891414, -0.378411831442476, 0.0 ], [ 101.102395761000082, -0.378407642999946, 0.0 ], [ 101.102694722123246, -0.378153387229686, 0.0 ], [ 101.102207376891414, -0.378411831442476, 0.0 ] ], [ [ 101.11080973402062, -0.371251859101947, 0.0 ], [ 101.12158419900004, -0.36208856099995, 0.0 ], [ 101.11583876800006, -0.365843411999947, 0.0 ], [ 101.11080973402062, -0.371251859101947, 0.0 ] ], [ [ 101.782932523243772, 0.408048023468821, 0.0 ], [ 101.787829607256157, 0.406026985741687, 0.0 ], [ 101.784327208000036, 0.408516383000062, 0.0 ], [ 101.782932523243772, 0.408048023468821, 0.0 ] ], [ [ 101.788324726986815, 0.405822648700994, 0.0 ], [ 101.788521093000043, 0.405741608000028, 0.0 ], [ 101.794275, 0.407528, 0.0 ], [ 101.788324726986815, 0.405822648700994, 0.0 ] ], [ [ 101.811179, 0.424259, 0.0 ], [ 101.817951825983542, 0.432512784121354, 0.0 ], [ 101.816236, 0.431594, 0.0 ], [ 101.811179, 0.424259, 0.0 ] ], [ [ 101.818609438294359, 0.432864919917736, 0.0 ], [ 101.824199, 0.432428, 0.0 ], [ 101.818787, 0.43296, 0.0 ], [ 101.818609438294359, 0.432864919917736, 0.0 ] ], [ [ 102.867837245253497, 0.709008000835713, 0.0 ], [ 102.869016, 0.70795, 0.0 ], [ 102.872969371946681, 0.708467490742408, 0.0 ], [ 102.867837245253497, 0.709008000835713, 0.0 ] ], [ [ 102.877597557377996, 0.707980055203721, 0.0 ], [ 102.878157463000036, 0.707385890000069, 0.0 ], [ 102.879646361532309, 0.707764277341871, 0.0 ], [ 102.877597557377996, 0.707980055203721, 0.0 ] ], [ [ 102.894368171415906, 0.717441661711557, 0.0 ], [ 102.894329892556655, 0.717968182790664, 0.0 ], [ 102.894310766000046, 0.717445930000054, 0.0 ], [ 102.894368171415906, 0.717441661711557, 0.0 ] ], [ [ 102.894363435000059, 0.718884063000075, 0.0 ], [ 102.894359951317341, 0.718788940649633, 0.0 ], [ 102.896587, 0.71806, 0.0 ], [ 102.896611909463601, 0.718170793256386, 0.0 ], [ 102.894363435000059, 0.718884063000075, 0.0 ] ], [ [ 102.896642819206903, 0.718308274784565, 0.0 ], [ 102.897477748175234, 0.72202190350546, 0.0 ], [ 102.896231780000051, 0.72084290600003, 0.0 ], [ 102.896642819206903, 0.718308274784565, 0.0 ] ], [ [ 101.339628017000052, 1.028209495000056, 0.0 ], [ 101.339669521361145, 1.028225277811823, 0.0 ], [ 101.332831259000045, 1.03406134200003, 0.0 ], [ 101.339628017000052, 1.028209495000056, 0.0 ] ], [ [ 101.368187057000057, 1.026704099000028, 0.0 ], [ 101.36824518403327, 1.026701752786712, 0.0 ], [ 101.364452165000046, 1.032024515000046, 0.0 ], [ 101.368187057000057, 1.026704099000028, 0.0 ] ], [ [ 101.376547765000055, 1.023708052000075, 0.0 ], [ 101.389659838005372, 1.021298201130288, 0.0 ], [ 101.374255230683559, 1.025155871955111, 0.0 ], [ 101.376547765000055, 1.023708052000075, 0.0 ] ], [ [ 101.394082227000069, 1.020485416000042, 0.0 ], [ 101.394388067138181, 1.020609763466351, 0.0 ], [ 101.392959614256441, 1.020691739538324, 0.0 ], [ 101.394082227000069, 1.020485416000042, 0.0 ] ], [ [ 101.408942137000054, 1.02196303300002, 0.0 ], [ 101.40153981900005, 1.023350393000044, 0.0 ], [ 101.401306569134462, 1.023248999865344, 0.0 ], [ 101.408942137000054, 1.02196303300002, 0.0 ] ], [ [ 101.421065610989857, 1.016226052125228, 0.0 ], [ 101.416778866000072, 1.022878491000029, 0.0 ], [ 101.416662627278555, 1.022864912418005, 0.0 ], [ 101.421065610989857, 1.016226052125228, 0.0 ] ], [ [ 101.422553593845294, 1.013982457566843, 0.0 ], [ 101.422577198000056, 1.013946867000072, 0.0 ], [ 101.433707866555906, 1.015697369569144, 0.0 ], [ 101.433370170000046, 1.016147102000048, 0.0 ], [ 101.422553593845294, 1.013982457566843, 0.0 ] ], [ [ 101.451519310800734, 1.006058215498735, 0.0 ], [ 101.45088790300008, 1.006343779000076, 0.0 ], [ 101.439933968000048, 1.007405666000068, 0.0 ], [ 101.451519310800734, 1.006058215498735, 0.0 ] ], [ [ 101.455547967998257, 1.003687622703527, 0.0 ], [ 101.455134986000076, 1.004422973000032, 0.0 ], [ 101.453464386932637, 1.005178526096686, 0.0 ], [ 101.455547967998257, 1.003687622703527, 0.0 ] ], [ [ 101.458319521317662, 0.998561779089518, 0.0 ], [ 101.458343175000039, 0.998710514000038, 0.0 ], [ 101.458061100541684, 0.999212772058493, 0.0 ], [ 101.458319521317662, 0.998561779089518, 0.0 ] ] ], [ [ [ 101.430128508000053, 1.746372651000058, 0.0 ], [ 101.430023328000061, 1.751313281000023, 0.0 ], [ 101.43197443300005, 1.754450354000028, 0.0 ], [ 101.430128508000053, 1.746372651000058, 0.0 ] ] ], [ [ [ 101.411839102000044, 1.756601991000025, 0.0 ], [ 101.412059241000065, 1.75516168300004, 0.0 ], [ 101.410947714000088, 1.751761411000075, 0.0 ], [ 101.408964819000062, 1.754077135000045, 0.0 ], [ 101.411839102000044, 1.756601991000025, 0.0 ] ] ], [ [ [ 101.415340017000062, 1.756137040000056, 0.0 ], [ 101.415768320000041, 1.754787885000042, 0.0 ], [ 101.415618414000051, 1.752889076000031, 0.0 ], [ 101.414519103000032, 1.754345306000062, 0.0 ], [ 101.415340017000062, 1.756137040000056, 0.0 ] ] ], [ [ [ 101.416860493000058, 1.755466032000072, 0.0 ], [ 101.416517851000037, 1.753581499000063, 0.0 ], [ 101.416410775000088, 1.756601035000074, 0.0 ], [ 101.416860493000058, 1.755466032000072, 0.0 ] ] ], [ [ [ 101.417605378000076, 1.745330930000023, 0.0 ], [ 101.416443012000059, 1.745989652000048, 0.0 ], [ 101.417733416000033, 1.754309085000045, 0.0 ], [ 101.415580970000065, 1.767203338000058, 0.0 ], [ 101.41823860900007, 1.76454631200005, 0.0 ], [ 101.419047754000076, 1.760119561000067, 0.0 ], [ 101.419656350000082, 1.752613158000031, 0.0 ], [ 101.417605378000076, 1.745330930000023, 0.0 ] ] ], [ [ [ 101.380089103000046, 1.763146798000037, 0.0 ], [ 101.378258435000077, 1.764884745000074, 0.0 ], [ 101.374736079000058, 1.772172101000024, 0.0 ], [ 101.371876893000035, 1.786096522000037, 0.0 ], [ 101.380684476000056, 1.791053952000027, 0.0 ], [ 101.381499635000068, 1.772842126000057, 0.0 ], [ 101.380089103000046, 1.763146798000037, 0.0 ] ] ], [ [ [ 101.402765594000073, 1.766848305000053, 0.0 ], [ 101.397123578000048, 1.776436329000035, 0.0 ], [ 101.393530817000055, 1.793330686000047, 0.0 ], [ 101.393740514000058, 1.822175764000065, 0.0 ], [ 101.397004806000041, 1.827536228000042, 0.0 ], [ 101.403983243000084, 1.827407387000051, 0.0 ], [ 101.406559088000051, 1.821801245000074, 0.0 ], [ 101.411460056000067, 1.797636735000026, 0.0 ], [ 101.411146326000051, 1.766954414000054, 0.0 ], [ 101.405487480000033, 1.757538949000036, 0.0 ], [ 101.402765594000073, 1.766848305000053, 0.0 ] ] ], [ [ [ 101.380698072000087, 1.791487572000051, 0.0 ], [ 101.372116840000047, 1.787784506000037, 0.0 ], [ 101.372956070000043, 1.801863998000044, 0.0 ], [ 101.37745727500004, 1.804928784000026, 0.0 ], [ 101.381172565000043, 1.803376983000021, 0.0 ], [ 101.380698072000087, 1.791487572000051, 0.0 ] ] ], [ [ [ 101.403380235000043, 1.844165793000059, 0.0 ], [ 101.406051240000068, 1.84123618700005, 0.0 ], [ 101.406555254000068, 1.835840318000066, 0.0 ], [ 101.403450195000062, 1.841578753000022, 0.0 ], [ 101.403380235000043, 1.844165793000059, 0.0 ] ] ], [ [ [ 101.354205235000052, 1.882424994000075, 0.0 ], [ 101.352972403000081, 1.88681321100006, 0.0 ], [ 101.358650735000083, 1.888661926000054, 0.0 ], [ 101.363018681000085, 1.888278592000063, 0.0 ], [ 101.366225557000064, 1.883151617000067, 0.0 ], [ 101.369358987000055, 1.874191719000066, 0.0 ], [ 101.36875198000007, 1.871123218000037, 0.0 ], [ 101.36693745000008, 1.870319508000023, 0.0 ], [ 101.36433088800004, 1.871754138000028, 0.0 ], [ 101.354205235000052, 1.882424994000075, 0.0 ] ] ], [ [ [ 100.654330605000041, 2.177203934000033, 0.0 ], [ 100.642692733000047, 2.185929250000072, 0.0 ], [ 100.634915758000034, 2.194580162000022, 0.0 ], [ 100.632201734000034, 2.208526060000054, 0.0 ], [ 100.633374437000043, 2.217492396000068, 0.0 ], [ 100.640941123000061, 2.219562527000051, 0.0 ], [ 100.649050299000066, 2.217633802000023, 0.0 ], [ 100.670540155000083, 2.196156901000052, 0.0 ], [ 100.673604901000033, 2.189405180000051, 0.0 ], [ 100.67491313000005, 2.181512237000049, 0.0 ], [ 100.683521068000061, 2.169596135000063, 0.0 ], [ 100.683633850000035, 2.16290791900002, 0.0 ], [ 100.675338795000073, 2.165273678000062, 0.0 ], [ 100.654330605000041, 2.177203934000033, 0.0 ] ] ], [ [ [ 100.786243193000075, 2.124995483000021, 0.0 ], [ 100.784788542000058, 2.12113561700005, 0.0 ], [ 100.771092748000058, 2.12890615200007, 0.0 ], [ 100.75129634700005, 2.137089839000055, 0.0 ], [ 100.740876841000045, 2.144088775000057, 0.0 ], [ 100.729468036000071, 2.158025545000044, 0.0 ], [ 100.719806189000053, 2.178966561000038, 0.0 ], [ 100.718267956000034, 2.188683256000047, 0.0 ], [ 100.716306049000082, 2.190004613000042, 0.0 ], [ 100.707709285000078, 2.217916256000024, 0.0 ], [ 100.704501082000036, 2.234589331000052, 0.0 ], [ 100.704327952000085, 2.248701777000065, 0.0 ], [ 100.711460575000046, 2.266232462000062, 0.0 ], [ 100.716279168000085, 2.266526463000048, 0.0 ], [ 100.731002083000078, 2.272832035000022, 0.0 ], [ 100.742508997000073, 2.259015280000028, 0.0 ], [ 100.751684179000051, 2.254118038000058, 0.0 ], [ 100.764498795000065, 2.20401670800004, 0.0 ], [ 100.778254925000056, 2.185156611000025, 0.0 ], [ 100.776632230000075, 2.159789856000032, 0.0 ], [ 100.784671573000082, 2.13478843200005, 0.0 ], [ 100.786243193000075, 2.124995483000021, 0.0 ] ] ], [ [ [ 100.738781890000041, 2.279758178000066, 0.0 ], [ 100.741465922000032, 2.28116681900002, 0.0 ], [ 100.750793409000039, 2.282080532000066, 0.0 ], [ 100.75640893700006, 2.278749287000039, 0.0 ], [ 100.751663238000049, 2.259058270000025, 0.0 ], [ 100.743446578000032, 2.262780289000034, 0.0 ], [ 100.739450808000072, 2.269876230000023, 0.0 ], [ 100.737849142000073, 2.277112217000024, 0.0 ], [ 100.738781890000041, 2.279758178000066, 0.0 ] ] ], [ [ [ 100.996562709000045, 2.29769228400005, 0.0 ], [ 100.98746127000004, 2.30060712300002, 0.0 ], [ 100.989305352000088, 2.303188839000029, 0.0 ], [ 100.992232090000073, 2.303165045000071, 0.0 ], [ 100.994468783000059, 2.305282764000026, 0.0 ], [ 101.00409370300008, 2.30719823000004, 0.0 ], [ 101.005676045000087, 2.306079884000042, 0.0 ], [ 101.011410546000036, 2.30774550700005, 0.0 ], [ 101.019429329000047, 2.306163165000044, 0.0 ], [ 101.024509478000084, 2.307674123000027, 0.0 ], [ 101.025972847000048, 2.306329727000048, 0.0 ], [ 101.034241474000055, 2.305972808000035, 0.0 ], [ 101.027997319000065, 2.299763775000031, 0.0 ], [ 101.01411123400004, 2.297585208000044, 0.0 ], [ 100.996562709000045, 2.29769228400005, 0.0 ] ] ], [ [ [ 100.555716230000087, 2.870476777000022, 0.0 ], [ 100.555837582000038, 2.868363815000066, 0.0 ], [ 100.556894063000072, 2.869077653000033, 0.0 ], [ 100.554631196000059, 2.86666488000003, 0.0 ], [ 100.555716230000087, 2.870476777000022, 0.0 ] ] ], [ [ [ 100.553274903000045, 2.872461247000047, 0.0 ], [ 100.553424809000035, 2.869805769000038, 0.0 ], [ 100.552246976000049, 2.867906959000038, 0.0 ], [ 100.552275529000042, 2.87078372700006, 0.0 ], [ 100.553274903000045, 2.872461247000047, 0.0 ] ] ], [ [ [ 100.554666888000042, 2.874888297000041, 0.0 ], [ 100.553631822000057, 2.872425555000063, 0.0 ], [ 100.554509843000062, 2.875023927000029, 0.0 ], [ 100.554666888000042, 2.874888297000041, 0.0 ] ] ], [ [ [ 100.55364342200005, 2.877991412000029, 0.0 ], [ 100.552743986000053, 2.877049145000058, 0.0 ], [ 100.553034280000077, 2.878562482000063, 0.0 ], [ 100.55364342200005, 2.877991412000029, 0.0 ] ] ], [ [ [ 100.564433782000037, 2.881549995000057, 0.0 ], [ 100.566896524000072, 2.883144234000042, 0.0 ], [ 100.568550249000054, 2.879943859000036, 0.0 ], [ 100.567360519000033, 2.875874980000049, 0.0 ], [ 100.564433782000037, 2.881549995000057, 0.0 ] ] ], [ [ [ 100.549170035000031, 2.881817585000022, 0.0 ], [ 100.549274732000072, 2.882198299000038, 0.0 ], [ 100.549588820000054, 2.882107879000046, 0.0 ], [ 100.549170035000031, 2.881817585000022, 0.0 ] ] ], [ [ [ 100.57096540200007, 2.883239412000023, 0.0 ], [ 100.572357387000068, 2.882625511000072, 0.0 ], [ 100.570622760000049, 2.881661830000041, 0.0 ], [ 100.57096540200007, 2.883239412000023, 0.0 ] ] ], [ [ [ 100.570162334000088, 2.88341549200004, 0.0 ], [ 100.56907373100006, 2.884486250000066, 0.0 ], [ 100.570138540000073, 2.885253626000065, 0.0 ], [ 100.570162334000088, 2.88341549200004, 0.0 ] ] ], [ [ [ 100.596959, 2.921085, 0.0 ], [ 100.596948, 2.921108, 0.0 ], [ 100.597006, 2.921154, 0.0 ], [ 100.596959, 2.921085, 0.0 ] ] ], [ [ [ 102.96772315700008, 0.659096228000067, 0.0 ], [ 102.969476041000064, 0.655480314000044, 0.0 ], [ 102.966272533000051, 0.657931530000042, 0.0 ], [ 102.964698078000083, 0.661045982000076, 0.0 ], [ 102.96772315700008, 0.659096228000067, 0.0 ] ] ], [ [ [ 102.974521916000072, 0.667582591000041, 0.0 ], [ 102.966415219000055, 0.67275551900002, 0.0 ], [ 102.965604391000056, 0.675346151000042, 0.0 ], [ 102.97315300200006, 0.672477205000064, 0.0 ], [ 102.974521916000072, 0.667582591000041, 0.0 ] ] ], [ [ [ 102.962209205000079, 0.68300036200003, 0.0 ], [ 102.965662261000034, 0.681271224000056, 0.0 ], [ 102.96787130000007, 0.677661184000044, 0.0 ], [ 102.963344328000062, 0.680172538000022, 0.0 ], [ 102.962209205000079, 0.68300036200003, 0.0 ] ] ], [ [ [ 102.907787695000081, 0.764463965000061, 0.0 ], [ 102.89913593600005, 0.766776852000021, 0.0 ], [ 102.886887526000066, 0.773804084000062, 0.0 ], [ 102.90048584200008, 0.769324082000026, 0.0 ], [ 102.907787695000081, 0.764463965000061, 0.0 ] ] ], [ [ [ 102.84501335200008, 0.773780031000058, 0.0 ], [ 102.823587306000036, 0.774116407000065, 0.0 ], [ 102.831411138000078, 0.774818221000032, 0.0 ], [ 102.84501335200008, 0.773780031000058, 0.0 ] ] ], [ [ [ 102.778677439000035, 1.003181977000054, 0.0 ], [ 102.782711783000082, 0.999107, 0.0 ], [ 102.787029432000054, 0.989532257000064, 0.0 ], [ 102.79771745100004, 0.979056714000023, 0.0 ], [ 102.829184776000034, 0.970683093000048, 0.0 ], [ 102.846835221000049, 0.962785908000058, 0.0 ], [ 102.863062304000039, 0.958512466000059, 0.0 ], [ 102.879609674000051, 0.951668211000026, 0.0 ], [ 102.912652574000049, 0.92513238600003, 0.0 ], [ 102.931044728000074, 0.898228020000033, 0.0 ], [ 102.942890307000084, 0.887783997000042, 0.0 ], [ 102.960391426000058, 0.876687523000044, 0.0 ], [ 102.990000899000052, 0.863386519000073, 0.0 ], [ 103.003239275000055, 0.855752883000036, 0.0 ], [ 103.031271386000071, 0.837159090000057, 0.0 ], [ 103.046331561000045, 0.824479501000042, 0.0 ], [ 103.049302930000067, 0.819656260000045, 0.0 ], [ 103.050118718000078, 0.809702410000057, 0.0 ], [ 103.054576219000069, 0.797648011000035, 0.0 ], [ 103.056132957000045, 0.780777969000042, 0.0 ], [ 103.050338073000034, 0.755072347000066, 0.0 ], [ 103.048885089000066, 0.720920892000038, 0.0 ], [ 103.033432640000058, 0.701774226000055, 0.0 ], [ 103.024525964000077, 0.687867187000052, 0.0 ], [ 103.018670176000057, 0.685618745000056, 0.0 ], [ 102.995312876000071, 0.689034195000033, 0.0 ], [ 102.992304659000069, 0.690708461000042, 0.0 ], [ 102.982415898000056, 0.701417193000054, 0.0 ], [ 102.96946132100004, 0.723331737000024, 0.0 ], [ 102.954253175000076, 0.737823744000025, 0.0 ], [ 102.932509391000053, 0.764873332000036, 0.0 ], [ 102.926105574000076, 0.770507775000056, 0.0 ], [ 102.914386742000033, 0.776444669000057, 0.0 ], [ 102.888231802000064, 0.782014764000053, 0.0 ], [ 102.86458949300004, 0.792109281000023, 0.0 ], [ 102.844215486000053, 0.794314232000033, 0.0 ], [ 102.770354293000082, 0.788474105000034, 0.0 ], [ 102.740491567000049, 0.788957912000058, 0.0 ], [ 102.701168108000047, 0.792441206000035, 0.0 ], [ 102.672775066000042, 0.791037730000028, 0.0 ], [ 102.654269492000083, 0.789233325000055, 0.0 ], [ 102.631828953000081, 0.783905884000035, 0.0 ], [ 102.600936729000068, 0.769262813000068, 0.0 ], [ 102.592974853000044, 0.767367601000046, 0.0 ], [ 102.58073038100008, 0.766244584000049, 0.0 ], [ 102.56830079100007, 0.767585399000041, 0.0 ], [ 102.549513125000033, 0.771852119000073, 0.0 ], [ 102.51777319100006, 0.783343792000039, 0.0 ], [ 102.451417353000068, 0.816072656000074, 0.0 ], [ 102.431005395000057, 0.831305346000022, 0.0 ], [ 102.412302665000084, 0.854954557000042, 0.0 ], [ 102.407636268000033, 0.87677639900005, 0.0 ], [ 102.408511758000031, 0.887680303000025, 0.0 ], [ 102.433327145000078, 0.919763620000026, 0.0 ], [ 102.440115218000074, 0.935471680000035, 0.0 ], [ 102.451346922000084, 0.936361265000073, 0.0 ], [ 102.466989792000049, 0.929404840000075, 0.0 ], [ 102.474761134000062, 0.927823971000066, 0.0 ], [ 102.482955098000048, 0.928685112000039, 0.0 ], [ 102.488022965000084, 0.930908247000048, 0.0 ], [ 102.500151186000039, 0.943639542000028, 0.0 ], [ 102.508707154000035, 0.946712966000064, 0.0 ], [ 102.529730378000068, 0.961968755000044, 0.0 ], [ 102.559782687000052, 0.97143853700004, 0.0 ], [ 102.569592596000064, 0.980164708000075, 0.0 ], [ 102.579325059000041, 0.994126704000053, 0.0 ], [ 102.591413587000034, 1.002072994000059, 0.0 ], [ 102.607696292000071, 1.003409433000058, 0.0 ], [ 102.607975879000037, 1.000125777000051, 0.0 ], [ 102.611283330000049, 0.997561908000023, 0.0 ], [ 102.621775563000085, 0.99309684900004, 0.0 ], [ 102.634593709000058, 0.989983339000048, 0.0 ], [ 102.64510380300004, 0.991205236000042, 0.0 ], [ 102.656549054000038, 0.994287804000066, 0.0 ], [ 102.689118008000037, 1.00904304900007, 0.0 ], [ 102.693680396000047, 1.009246381000025, 0.0 ], [ 102.726781679000055, 1.020975613000076, 0.0 ], [ 102.734347254000056, 1.022283316000028, 0.0 ], [ 102.745775734000063, 1.017165790000035, 0.0 ], [ 102.748718486000087, 1.007500502000028, 0.0 ], [ 102.756336121000061, 1.006473884000059, 0.0 ], [ 102.75889027900007, 1.009257716000036, 0.0 ], [ 102.774923345000047, 1.005394501000069, 0.0 ], [ 102.778677439000035, 1.003181977000054, 0.0 ] ] ], [ [ [ 102.893042511000033, 1.125274642000022, 0.0 ], [ 102.935464732000071, 1.106634768000049, 0.0 ], [ 102.975376289000053, 1.09359469900005, 0.0 ], [ 103.000430420000043, 1.075421799000026, 0.0 ], [ 103.008411437000063, 1.06758148800003, 0.0 ], [ 103.014113775000055, 1.056284380000022, 0.0 ], [ 103.016440472000056, 1.055495257000075, 0.0 ], [ 103.02971715700005, 1.039410617000044, 0.0 ], [ 103.031003630000043, 1.040369867000038, 0.0 ], [ 103.032296379000059, 1.039316753000037, 0.0 ], [ 103.038158352000039, 1.030985194000039, 0.0 ], [ 103.05027496200006, 1.018674634000035, 0.0 ], [ 103.050193335000074, 1.016804876000037, 0.0 ], [ 103.070131151000055, 0.998997840000072, 0.0 ], [ 103.077312727000049, 0.989669890000073, 0.0 ], [ 103.078779616000077, 0.985230475000037, 0.0 ], [ 103.088113805000035, 0.975632026000028, 0.0 ], [ 103.100564664000046, 0.954948116000025, 0.0 ], [ 103.116938650000066, 0.939353327000049, 0.0 ], [ 103.12306516700005, 0.927495101000034, 0.0 ], [ 103.153441838000049, 0.89477991900003, 0.0 ], [ 103.157436396000037, 0.886350014000072, 0.0 ], [ 103.152529045000051, 0.87270221600005, 0.0 ], [ 103.155929152000056, 0.86341649000002, 0.0 ], [ 103.153131352000059, 0.857628900000066, 0.0 ], [ 103.152146444000039, 0.847802211000044, 0.0 ], [ 103.144673409000063, 0.840142818000061, 0.0 ], [ 103.121503264000069, 0.831120836000025, 0.0 ], [ 103.095823764000045, 0.827756718000046, 0.0 ], [ 103.07129455900008, 0.832216119000066, 0.0 ], [ 103.062027809000085, 0.843912006000039, 0.0 ], [ 103.042972424000084, 0.859784644000058, 0.0 ], [ 103.027087326000071, 0.867837262000023, 0.0 ], [ 102.988770964000082, 0.892033887000025, 0.0 ], [ 102.950276570000085, 0.908986950000042, 0.0 ], [ 102.946244787000069, 0.912474189000022, 0.0 ], [ 102.934890196000083, 0.930316679000043, 0.0 ], [ 102.92976068300004, 0.935474001000046, 0.0 ], [ 102.917836377000071, 0.945744117000061, 0.0 ], [ 102.894570298000076, 0.96084994000006, 0.0 ], [ 102.874990139000033, 0.971017073000041, 0.0 ], [ 102.84774942100006, 0.978132964000054, 0.0 ], [ 102.828611348000038, 0.986562803000027, 0.0 ], [ 102.808899508000081, 0.990826008000056, 0.0 ], [ 102.803935721000073, 0.99450945600006, 0.0 ], [ 102.796955139000033, 1.003789876000042, 0.0 ], [ 102.790604377000079, 1.01873355400005, 0.0 ], [ 102.768481830000042, 1.022207681000054, 0.0 ], [ 102.759036425000033, 1.027450041000066, 0.0 ], [ 102.750852504000079, 1.035540500000025, 0.0 ], [ 102.742640535000078, 1.039524416000063, 0.0 ], [ 102.72619893600006, 1.039310545000035, 0.0 ], [ 102.680221962000076, 1.023802938000074, 0.0 ], [ 102.641611737000062, 1.00698591400004, 0.0 ], [ 102.632147501000077, 1.007094420000044, 0.0 ], [ 102.625642674000062, 1.010281818000067, 0.0 ], [ 102.622913265000079, 1.018776531000071, 0.0 ], [ 102.644526161000044, 1.024233846000072, 0.0 ], [ 102.651962350000076, 1.028860623000071, 0.0 ], [ 102.656095856000036, 1.033594322000056, 0.0 ], [ 102.659608159000072, 1.045968002000052, 0.0 ], [ 102.66063934500005, 1.045015051000064, 0.0 ], [ 102.664709078000044, 1.054356426000027, 0.0 ], [ 102.667382817000032, 1.072167962000037, 0.0 ], [ 102.666557769000065, 1.077416720000031, 0.0 ], [ 102.667599797000037, 1.077440168000066, 0.0 ], [ 102.669387837000045, 1.088803205000033, 0.0 ], [ 102.67997028800005, 1.108944123000072, 0.0 ], [ 102.68928240200006, 1.120564810000076, 0.0 ], [ 102.720264696000072, 1.145406755000067, 0.0 ], [ 102.736493599000084, 1.15485751500006, 0.0 ], [ 102.750633213000071, 1.156770076000043, 0.0 ], [ 102.755993745000069, 1.159306420000064, 0.0 ], [ 102.761665328000049, 1.157592825000052, 0.0 ], [ 102.770771095000043, 1.158943909000072, 0.0 ], [ 102.811214426000049, 1.149835415000041, 0.0 ], [ 102.815362600000071, 1.147141503000057, 0.0 ], [ 102.827098227000079, 1.144287247000022, 0.0 ], [ 102.831469648000052, 1.144171917000051, 0.0 ], [ 102.831648974000075, 1.14555800200003, 0.0 ], [ 102.835537647000081, 1.143086898000035, 0.0 ], [ 102.893042511000033, 1.125274642000022, 0.0 ] ] ], [ [ [ 102.571828776000075, 1.087881048000042, 0.0 ], [ 102.599002149000057, 1.063054177000026, 0.0 ], [ 102.604645253000058, 1.053230254000027, 0.0 ], [ 102.613869871000077, 1.04673959500002, 0.0 ], [ 102.613357954000037, 1.042860465000047, 0.0 ], [ 102.609612042000037, 1.041471730000069, 0.0 ], [ 102.610754539000084, 1.039551792000054, 0.0 ], [ 102.607518697000046, 1.037259161000065, 0.0 ], [ 102.601913564000085, 1.025750320000043, 0.0 ], [ 102.602888319000044, 1.017040904000055, 0.0 ], [ 102.607692695000082, 1.005490049000059, 0.0 ], [ 102.59248006200005, 1.003675792000024, 0.0 ], [ 102.587404964000086, 1.00162537500006, 0.0 ], [ 102.57810259200005, 0.994472515000041, 0.0 ], [ 102.567609514000083, 0.979449586000044, 0.0 ], [ 102.558861465000064, 0.972125186000028, 0.0 ], [ 102.532995657000072, 0.96458302000002, 0.0 ], [ 102.521377829000073, 0.958131682000044, 0.0 ], [ 102.509242067000059, 0.948384083000064, 0.0 ], [ 102.500149090000036, 0.945327161000023, 0.0 ], [ 102.499230443000044, 0.953237438000031, 0.0 ], [ 102.488348797000071, 0.983318193000059, 0.0 ], [ 102.482659770000055, 1.014793560000044, 0.0 ], [ 102.462021217000085, 1.05874801300007, 0.0 ], [ 102.459583452000061, 1.066256155000076, 0.0 ], [ 102.459823013000062, 1.075544512000022, 0.0 ], [ 102.479201189000037, 1.122160547000021, 0.0 ], [ 102.482144422000033, 1.125713025000039, 0.0 ], [ 102.522077687000035, 1.125013712000055, 0.0 ], [ 102.525675113000034, 1.128627982000069, 0.0 ], [ 102.538325063000059, 1.129301008000027, 0.0 ], [ 102.544184652000069, 1.124241962000042, 0.0 ], [ 102.549293505000037, 1.109079136000048, 0.0 ], [ 102.559910800000068, 1.099576870000021, 0.0 ], [ 102.561098417000039, 1.10014787700004, 0.0 ], [ 102.566380692000052, 1.096160015000066, 0.0 ], [ 102.571828776000075, 1.087881048000042, 0.0 ] ] ], [ [ [ 102.463915486000076, 1.054410290000021, 0.0 ], [ 102.463606155000036, 1.054531674000032, 0.0 ], [ 102.463606316000039, 1.054875683000034, 0.0 ], [ 102.463915486000076, 1.054410290000021, 0.0 ] ] ], [ [ [ 102.426143418000038, 1.290610574000027, 0.0 ], [ 102.444672710000077, 1.272910635000073, 0.0 ], [ 102.466817261000074, 1.257010865000041, 0.0 ], [ 102.484882230000039, 1.238211387000035, 0.0 ], [ 102.486058665000087, 1.230802999000048, 0.0 ], [ 102.48560033800004, 1.199837184000046, 0.0 ], [ 102.482362865000084, 1.196709679000037, 0.0 ], [ 102.48347622600005, 1.194268262000037, 0.0 ], [ 102.480521895000038, 1.190898893000053, 0.0 ], [ 102.476079846000061, 1.17785043300006, 0.0 ], [ 102.464152636000051, 1.160079904000042, 0.0 ], [ 102.459684714000048, 1.139947870000071, 0.0 ], [ 102.45897545300005, 1.14201442500007, 0.0 ], [ 102.46011655500007, 1.131361002000062, 0.0 ], [ 102.449242708000043, 1.112846926000032, 0.0 ], [ 102.451167913000063, 1.106338099000027, 0.0 ], [ 102.438569194000081, 1.071224536000045, 0.0 ], [ 102.439317737000067, 1.062340820000031, 0.0 ], [ 102.441298832000086, 1.058120527000028, 0.0 ], [ 102.451260823000041, 1.037907119000067, 0.0 ], [ 102.468359768000084, 1.009358204000023, 0.0 ], [ 102.473085967000088, 0.981531589000042, 0.0 ], [ 102.483353799000042, 0.95246634800003, 0.0 ], [ 102.482727282000042, 0.945238111000037, 0.0 ], [ 102.479037240000082, 0.941377793000072, 0.0 ], [ 102.469747988000051, 0.942008939000061, 0.0 ], [ 102.449774037000054, 0.949603008000054, 0.0 ], [ 102.439122887000053, 0.948854877000031, 0.0 ], [ 102.433967459000087, 0.946148981000022, 0.0 ], [ 102.427943689000074, 0.940042357000038, 0.0 ], [ 102.418122892000042, 0.921281487000044, 0.0 ], [ 102.392774818000078, 0.913371582000025, 0.0 ], [ 102.386297631000048, 0.91345885800007, 0.0 ], [ 102.380309578000038, 0.91564967000005, 0.0 ], [ 102.363697485000046, 0.927748847000032, 0.0 ], [ 102.348791305000077, 0.942241778000039, 0.0 ], [ 102.332198305000077, 0.961742278000031, 0.0 ], [ 102.293204193000065, 0.988607882000053, 0.0 ], [ 102.28249057000005, 0.997480725000059, 0.0 ], [ 102.275854145000039, 1.005913415000066, 0.0 ], [ 102.236493916000086, 1.10145368600007, 0.0 ], [ 102.237746236000078, 1.116363204000038, 0.0 ], [ 102.247621975000072, 1.149078054000029, 0.0 ], [ 102.249523321000083, 1.166000605000022, 0.0 ], [ 102.249310489000038, 1.176650497000026, 0.0 ], [ 102.246068326000056, 1.194735263000041, 0.0 ], [ 102.233098298000073, 1.232387072000051, 0.0 ], [ 102.216611516000057, 1.255253811000046, 0.0 ], [ 102.205835745000059, 1.276775930000042, 0.0 ], [ 102.206003391000081, 1.282344375000037, 0.0 ], [ 102.220521942000062, 1.311012622000021, 0.0 ], [ 102.227072753000073, 1.327721512000039, 0.0 ], [ 102.229193328000065, 1.347129161000055, 0.0 ], [ 102.228291268000078, 1.367204169000047, 0.0 ], [ 102.211581572000057, 1.396945431000063, 0.0 ], [ 102.209741199000064, 1.401404212000045, 0.0 ], [ 102.210585249000076, 1.408742847000042, 0.0 ], [ 102.213782408000043, 1.414406297000028, 0.0 ], [ 102.228836054000055, 1.412066749000076, 0.0 ], [ 102.242264777000059, 1.411913844000026, 0.0 ], [ 102.271817910000038, 1.418557723000049, 0.0 ], [ 102.285555851000083, 1.415409099000044, 0.0 ], [ 102.29635010700008, 1.408821698000054, 0.0 ], [ 102.325336751000066, 1.376386668000066, 0.0 ], [ 102.356782294000084, 1.347668867000039, 0.0 ], [ 102.373823605000041, 1.325821726000072, 0.0 ], [ 102.398971022000069, 1.306728933000045, 0.0 ], [ 102.426143418000038, 1.290610574000027, 0.0 ] ] ], [ [ [ 102.373656500000038, 1.330829576000042, 0.0 ], [ 102.37480811000006, 1.330010014000038, 0.0 ], [ 102.37556614600004, 1.328914775000044, 0.0 ], [ 102.374362706000056, 1.329708192000055, 0.0 ], [ 102.373656500000038, 1.330829576000042, 0.0 ] ] ], [ [ [ 102.233762016000071, 1.56354960300007, 0.0 ], [ 102.24378224700007, 1.562469386000032, 0.0 ], [ 102.261435080000069, 1.56298679300005, 0.0 ], [ 102.266015308000078, 1.561787, 0.0 ], [ 102.267633628000056, 1.558531316000028, 0.0 ], [ 102.281305221000082, 1.552892512000028, 0.0 ], [ 102.298669285000074, 1.552767759000062, 0.0 ], [ 102.301251093000076, 1.553922911000029, 0.0 ], [ 102.30938257400004, 1.550421211000071, 0.0 ], [ 102.325180877000037, 1.547985769000036, 0.0 ], [ 102.335401516000047, 1.551533484000061, 0.0 ], [ 102.340308347000075, 1.547753579000073, 0.0 ], [ 102.340729497000041, 1.549394968000058, 0.0 ], [ 102.350982686000066, 1.548113467000064, 0.0 ], [ 102.351721650000059, 1.54609626000007, 0.0 ], [ 102.352576274000057, 1.547645482000064, 0.0 ], [ 102.355157234000046, 1.547281800000064, 0.0 ], [ 102.356968840000036, 1.545349861000034, 0.0 ], [ 102.408894565000082, 1.53517682100005, 0.0 ], [ 102.458081285000048, 1.519081155000038, 0.0 ], [ 102.463572781000039, 1.515850309000029, 0.0 ], [ 102.486702499000046, 1.478874548000022, 0.0 ], [ 102.496160659000054, 1.468941980000068, 0.0 ], [ 102.488959856000065, 1.443740777000073, 0.0 ], [ 102.487035608000042, 1.443089911000072, 0.0 ], [ 102.486773867000068, 1.44061527100007, 0.0 ], [ 102.492208187000074, 1.436996048000026, 0.0 ], [ 102.492001143000039, 1.434143480000046, 0.0 ], [ 102.494652140000085, 1.433467834000055, 0.0 ], [ 102.495534269000075, 1.430178768000076, 0.0 ], [ 102.493744367000033, 1.409144079000043, 0.0 ], [ 102.492193179000083, 1.408378814000059, 0.0 ], [ 102.493582587000049, 1.407581138000069, 0.0 ], [ 102.493996841000069, 1.382970944000022, 0.0 ], [ 102.492271250000044, 1.381014758000049, 0.0 ], [ 102.493976282000062, 1.380600687000026, 0.0 ], [ 102.496716287000083, 1.360276469000041, 0.0 ], [ 102.495417097000086, 1.354177827000058, 0.0 ], [ 102.497259601000053, 1.352920424000047, 0.0 ], [ 102.497560144000033, 1.344327182000029, 0.0 ], [ 102.496209651000072, 1.343416471000069, 0.0 ], [ 102.497834944000033, 1.343232160000071, 0.0 ], [ 102.498711614000058, 1.332932228000061, 0.0 ], [ 102.496865494000076, 1.332425922000027, 0.0 ], [ 102.498900563000063, 1.33119006000004, 0.0 ], [ 102.501422750000074, 1.317974230000061, 0.0 ], [ 102.500319261000072, 1.316983035000021, 0.0 ], [ 102.502031611000064, 1.31631585100007, 0.0 ], [ 102.503662981000048, 1.309869210000045, 0.0 ], [ 102.506792337000036, 1.288770562000025, 0.0 ], [ 102.507103251000046, 1.279746239000076, 0.0 ], [ 102.505763310000077, 1.279394155000034, 0.0 ], [ 102.507366765000086, 1.277763026000059, 0.0 ], [ 102.507898409000063, 1.269078466000053, 0.0 ], [ 102.505757485000061, 1.266961309000067, 0.0 ], [ 102.507930317000046, 1.266957981000076, 0.0 ], [ 102.508467336000081, 1.257650283000032, 0.0 ], [ 102.504599944000063, 1.251521726000021, 0.0 ], [ 102.495210223000072, 1.253630994000048, 0.0 ], [ 102.479052488000036, 1.267174204000071, 0.0 ], [ 102.44101476700007, 1.293118853000067, 0.0 ], [ 102.423628806000067, 1.307279508000022, 0.0 ], [ 102.39883134300004, 1.322733185000061, 0.0 ], [ 102.382912326000053, 1.338149696000073, 0.0 ], [ 102.368902886000058, 1.356515540000032, 0.0 ], [ 102.350997405000044, 1.372947129000067, 0.0 ], [ 102.338427429000035, 1.389377418000038, 0.0 ], [ 102.31948202600006, 1.403730128000063, 0.0 ], [ 102.298443965000047, 1.426296033000028, 0.0 ], [ 102.293139941000049, 1.429655718000049, 0.0 ], [ 102.283590829000048, 1.433579060000056, 0.0 ], [ 102.271346379000079, 1.435516433000032, 0.0 ], [ 102.234860148000053, 1.431941897000058, 0.0 ], [ 102.210811422000063, 1.433350080000025, 0.0 ], [ 102.191221440000049, 1.436234590000026, 0.0 ], [ 102.164743961000056, 1.442663180000068, 0.0 ], [ 102.125390150000044, 1.456186865000063, 0.0 ], [ 102.106620516000078, 1.466215901000055, 0.0 ], [ 102.102164846000051, 1.472129377000044, 0.0 ], [ 102.099525059000086, 1.472151826000072, 0.0 ], [ 102.084036127000047, 1.484186171000033, 0.0 ], [ 102.080933554000069, 1.484822146000056, 0.0 ], [ 102.081028564000064, 1.486192518000053, 0.0 ], [ 102.061351713000079, 1.501717322000047, 0.0 ], [ 102.048566184000038, 1.516851257000042, 0.0 ], [ 102.031052368000076, 1.533526416000029, 0.0 ], [ 102.018161519000046, 1.551410460000056, 0.0 ], [ 102.010008563000042, 1.575839763000033, 0.0 ], [ 102.003200419000052, 1.57917188600004, 0.0 ], [ 101.998837172000037, 1.584328860000028, 0.0 ], [ 102.001842637000038, 1.595719290000034, 0.0 ], [ 102.010242134000066, 1.602869571000042, 0.0 ], [ 102.025030484000069, 1.606319789000054, 0.0 ], [ 102.043779505000032, 1.606916617000024, 0.0 ], [ 102.071677245000046, 1.602598239000031, 0.0 ], [ 102.153788313000064, 1.576859469000055, 0.0 ], [ 102.185964862000048, 1.569030318000046, 0.0 ], [ 102.222074047000035, 1.56585158200005, 0.0 ], [ 102.228876046000039, 1.567181662000053, 0.0 ], [ 102.233762016000071, 1.56354960300007, 0.0 ] ] ], [ [ [ 102.313848322000069, 1.550440539000022, 0.0 ], [ 102.317606066000053, 1.550466178000022, 0.0 ], [ 102.318444402000068, 1.549897553000051, 0.0 ], [ 102.313848322000069, 1.550440539000022, 0.0 ] ] ], [ [ [ 102.312685056000078, 1.551374634000069, 0.0 ], [ 102.313021774000049, 1.550784534000059, 0.0 ], [ 102.31011654200006, 1.551721025000063, 0.0 ], [ 102.312685056000078, 1.551374634000069, 0.0 ] ] ], [ [ [ 102.277948842000058, 1.555248046000031, 0.0 ], [ 102.277486285000066, 1.555847762000042, 0.0 ], [ 102.278171740000062, 1.555619114000024, 0.0 ], [ 102.277948842000058, 1.555248046000031, 0.0 ] ] ], [ [ [ 102.27519568200006, 1.556442589000028, 0.0 ], [ 102.276816563000068, 1.555727107000052, 0.0 ], [ 102.274802936000071, 1.556047561000071, 0.0 ], [ 102.27519568200006, 1.556442589000028, 0.0 ] ] ], [ [ [ 102.270982999000069, 1.557994846000042, 0.0 ], [ 102.274232700000084, 1.556843824000055, 0.0 ], [ 102.274577042000033, 1.556087536000064, 0.0 ], [ 102.270982999000069, 1.557994846000042, 0.0 ] ] ], [ [ [ 101.722553183000059, 2.04586800200002, 0.0 ], [ 101.721450332000074, 2.044214111000031, 0.0 ], [ 101.727194351000037, 2.042267712000069, 0.0 ], [ 101.732751482000083, 2.044953236000026, 0.0 ], [ 101.739306752000061, 2.04015995900005, 0.0 ], [ 101.746978992000038, 2.027415208000036, 0.0 ], [ 101.775667785000053, 1.989549410000052, 0.0 ], [ 101.778716459000066, 1.982836317000022, 0.0 ], [ 101.781570488000057, 1.967423130000043, 0.0 ], [ 101.785035354000058, 1.938310265000041, 0.0 ], [ 101.781785462000073, 1.935328508000055, 0.0 ], [ 101.774328142000059, 1.933447981000029, 0.0 ], [ 101.774442356000066, 1.930878163000045, 0.0 ], [ 101.776821817000041, 1.930592627000067, 0.0 ], [ 101.777531962000069, 1.927350194000041, 0.0 ], [ 101.773849270000085, 1.918382142000041, 0.0 ], [ 101.761759040000072, 1.90367433800003, 0.0 ], [ 101.753172283000083, 1.889990296000065, 0.0 ], [ 101.747578561000068, 1.864332262000062, 0.0 ], [ 101.740132532000075, 1.793331923000039, 0.0 ], [ 101.735807543000078, 1.773777464000034, 0.0 ], [ 101.732066662000079, 1.76410491300004, 0.0 ], [ 101.715303463000055, 1.754783466000049, 0.0 ], [ 101.710545742000079, 1.745375353000043, 0.0 ], [ 101.707347455000047, 1.742316015000029, 0.0 ], [ 101.701258736000057, 1.739683749000051, 0.0 ], [ 101.697209376000046, 1.740000821000024, 0.0 ], [ 101.683825266000042, 1.73297658000007, 0.0 ], [ 101.68144876100007, 1.734655118000035, 0.0 ], [ 101.676391472000034, 1.733556521000025, 0.0 ], [ 101.663118610000083, 1.720678794000037, 0.0 ], [ 101.656493203000082, 1.718079955000064, 0.0 ], [ 101.652391403000081, 1.714305762000038, 0.0 ], [ 101.650022690000071, 1.714750320000064, 0.0 ], [ 101.647491496000043, 1.712470063000069, 0.0 ], [ 101.644192835000069, 1.712705557000049, 0.0 ], [ 101.641143656000054, 1.710924190000071, 0.0 ], [ 101.636073800000077, 1.703759522000041, 0.0 ], [ 101.621009568000034, 1.693125760000044, 0.0 ], [ 101.619455130000063, 1.690303077000067, 0.0 ], [ 101.614482039000052, 1.688277140000025, 0.0 ], [ 101.608267256000033, 1.688588581000033, 0.0 ], [ 101.591302004000056, 1.693343688000027, 0.0 ], [ 101.556031398000073, 1.69605548800007, 0.0 ], [ 101.521876958000064, 1.704812764000053, 0.0 ], [ 101.511723787000051, 1.709379123000076, 0.0 ], [ 101.483690076000073, 1.71741436700006, 0.0 ], [ 101.479086343000063, 1.72022002500006, 0.0 ], [ 101.457537390000084, 1.724501420000024, 0.0 ], [ 101.453749842000036, 1.72674926600007, 0.0 ], [ 101.45282536600007, 1.73084007500006, 0.0 ], [ 101.447351327000035, 1.738878327000066, 0.0 ], [ 101.439715352000064, 1.761378057000059, 0.0 ], [ 101.428303929000037, 1.780247769000027, 0.0 ], [ 101.422501908000072, 1.812111402000028, 0.0 ], [ 101.413907160000065, 1.845788535000054, 0.0 ], [ 101.406018016000075, 1.864659816000028, 0.0 ], [ 101.392275062000067, 1.886709474000043, 0.0 ], [ 101.383042113000045, 1.909730927000055, 0.0 ], [ 101.383394310000085, 1.911569257000053, 0.0 ], [ 101.386797332000071, 1.91317060700004, 0.0 ], [ 101.391341591000071, 1.921173373000045, 0.0 ], [ 101.394336864000081, 1.93299397200002, 0.0 ], [ 101.393144188000065, 1.938914632000035, 0.0 ], [ 101.39765804600006, 1.949526354000056, 0.0 ], [ 101.398944758000084, 1.949726473000055, 0.0 ], [ 101.397582542000066, 1.951452600000039, 0.0 ], [ 101.39793248400008, 1.970205343000032, 0.0 ], [ 101.399956478000036, 1.985813865000068, 0.0 ], [ 101.396501177000061, 1.996384916000068, 0.0 ], [ 101.399429019000081, 1.992899825000052, 0.0 ], [ 101.397555655000076, 1.995897609000053, 0.0 ], [ 101.397380263000059, 2.004432502000043, 0.0 ], [ 101.403546493000078, 2.014571363000073, 0.0 ], [ 101.405505338000069, 2.021033069000055, 0.0 ], [ 101.427605659000051, 2.04446172300004, 0.0 ], [ 101.438802115000044, 2.052451185000052, 0.0 ], [ 101.452580175000037, 2.059315758000025, 0.0 ], [ 101.461523217000035, 2.062363223000034, 0.0 ], [ 101.462416206000057, 2.06151905400003, 0.0 ], [ 101.463986888000079, 2.063756666000074, 0.0 ], [ 101.474106044000052, 2.065731430000028, 0.0 ], [ 101.484984768000061, 2.062189867000029, 0.0 ], [ 101.497544205000054, 2.055699085000072, 0.0 ], [ 101.499809885000047, 2.052354706000074, 0.0 ], [ 101.501658733000056, 2.053292031000069, 0.0 ], [ 101.507908872000087, 2.049590402000035, 0.0 ], [ 101.518736036000064, 2.035529003000022, 0.0 ], [ 101.516522835000046, 2.027761228000031, 0.0 ], [ 101.521495908000077, 2.030521402000034, 0.0 ], [ 101.525072454000053, 2.03576417000005, 0.0 ], [ 101.547316509000041, 2.040226854000025, 0.0 ], [ 101.554959598000039, 2.046734338000022, 0.0 ], [ 101.556070964000071, 2.043056700000022, 0.0 ], [ 101.560053122000056, 2.04525299200003, 0.0 ], [ 101.56360909600005, 2.043199468000068, 0.0 ], [ 101.565598623000085, 2.044651832000056, 0.0 ], [ 101.564532143000065, 2.04801773600002, 0.0 ], [ 101.56676286000004, 2.050923952000062, 0.0 ], [ 101.56877576800008, 2.060581493000029, 0.0 ], [ 101.57217843400008, 2.063215076000063, 0.0 ], [ 101.573311451000052, 2.069199574000038, 0.0 ], [ 101.583540304000053, 2.075489530000027, 0.0 ], [ 101.586882975000037, 2.08674575200007, 0.0 ], [ 101.599945238000032, 2.097054783000033, 0.0 ], [ 101.615097417000072, 2.104826683000056, 0.0 ], [ 101.620356738000055, 2.105436130000044, 0.0 ], [ 101.620579083000052, 2.104086009000071, 0.0 ], [ 101.635151543000063, 2.10890091400006, 0.0 ], [ 101.638508995000052, 2.114394825000034, 0.0 ], [ 101.645082140000056, 2.117736204000039, 0.0 ], [ 101.648393887000054, 2.12218017400005, 0.0 ], [ 101.655665612000064, 2.125802364000037, 0.0 ], [ 101.68742190100005, 2.107509266000022, 0.0 ], [ 101.704188455000065, 2.096518564000064, 0.0 ], [ 101.709656014000075, 2.090778610000029, 0.0 ], [ 101.714827688000071, 2.080162785000027, 0.0 ], [ 101.715137688000084, 2.066545076000068, 0.0 ], [ 101.722553183000059, 2.04586800200002, 0.0 ] ] ], [ [ [ 101.573611400000061, 2.073577722000039, 0.0 ], [ 101.579499459000033, 2.077359061000038, 0.0 ], [ 101.579297256000075, 2.075652117000061, 0.0 ], [ 101.571016402000055, 2.069887662000042, 0.0 ], [ 101.573611400000061, 2.073577722000039, 0.0 ] ] ], [ [ [ 101.572559605000038, 2.077033753000023, 0.0 ], [ 101.577457, 2.078398994000054, 0.0 ], [ 101.576649641000074, 2.076872895000065, 0.0 ], [ 101.571026008000047, 2.074742770000057, 0.0 ], [ 101.572559605000038, 2.077033753000023, 0.0 ] ] ], [ [ [ 101.549380747000043, 2.098736263000035, 0.0 ], [ 101.553785835000042, 2.099662746000035, 0.0 ], [ 101.556716762000065, 2.097711559000061, 0.0 ], [ 101.553530094000052, 2.089865788000054, 0.0 ], [ 101.550519510000072, 2.089225835000036, 0.0 ], [ 101.546925418000058, 2.093314267000039, 0.0 ], [ 101.542702919000078, 2.093524072000037, 0.0 ], [ 101.549380747000043, 2.098736263000035, 0.0 ] ] ], [ [ [ 101.576156087000072, 2.100456166000072, 0.0 ], [ 101.574523182000064, 2.102262719000066, 0.0 ], [ 101.574486260000072, 2.103610295000067, 0.0 ], [ 101.575493261000076, 2.102660770000057, 0.0 ], [ 101.576156087000072, 2.100456166000072, 0.0 ] ] ], [ [ [ 101.629776766000077, 2.110854011000072, 0.0 ], [ 101.635476309000069, 2.111995489000037, 0.0 ], [ 101.632305706000068, 2.10851961100002, 0.0 ], [ 101.628443574000073, 2.108185830000025, 0.0 ], [ 101.629776766000077, 2.110854011000072, 0.0 ] ] ], [ [ [ 101.638807058000054, 2.122468126000058, 0.0 ], [ 101.64121078800008, 2.122007302000043, 0.0 ], [ 101.640911556000049, 2.117918609000071, 0.0 ], [ 101.635144086000082, 2.11485781600004, 0.0 ], [ 101.636336131000064, 2.120678616000021, 0.0 ], [ 101.638807058000054, 2.122468126000058, 0.0 ] ] ], [ [ [ 101.635622281000053, 2.120153193000021, 0.0 ], [ 101.634810686000037, 2.115408946000059, 0.0 ], [ 101.630738905000044, 2.11360266500003, 0.0 ], [ 101.625231963000033, 2.115787560000058, 0.0 ], [ 101.628312923000067, 2.120748038000045, 0.0 ], [ 101.636692885000059, 2.125028267000062, 0.0 ], [ 101.639593428000069, 2.124128708000057, 0.0 ], [ 101.640438624000069, 2.12287116300007, 0.0 ], [ 101.637774016000037, 2.122220047000042, 0.0 ], [ 101.635622281000053, 2.120153193000021, 0.0 ] ] ], [ [ [ 103.499811026000032, -0.515852536999944, 0.0 ], [ 103.501584336000064, -0.516004204999945, 0.0 ], [ 103.502278138000065, -0.516449559999955, 0.0 ], [ 103.499811026000032, -0.515852536999944, 0.0 ] ] ], [ [ [ 103.551188252000088, -0.497285571999953, 0.0 ], [ 103.551961567000035, -0.496583183999974, 0.0 ], [ 103.552165282000033, -0.496794215999955, 0.0 ], [ 103.551188252000088, -0.497285571999953, 0.0 ] ] ], [ [ [ 103.553165848000049, -0.493373137999924, 0.0 ], [ 103.555083573000047, -0.492988427999933, 0.0 ], [ 103.557406596000078, -0.491380267999943, 0.0 ], [ 103.558775205000074, -0.491340823999963, 0.0 ], [ 103.554950249000058, -0.494228957999951, 0.0 ], [ 103.553165848000049, -0.493373137999924, 0.0 ] ] ], [ [ [ 103.599216329000058, -0.396337965999976, 0.0 ], [ 103.599035100000037, -0.396696026999962, 0.0 ], [ 103.598587446000067, -0.396242890999929, 0.0 ], [ 103.599216329000058, -0.396337965999976, 0.0 ] ] ], [ [ [ 103.517919906000088, -0.199161409999931, 0.0 ], [ 103.512623595000036, -0.197799607999968, 0.0 ], [ 103.491551858000037, -0.201920633999976, 0.0 ], [ 103.478771038000048, -0.201720482999974, 0.0 ], [ 103.499970804000043, -0.188196369999957, 0.0 ], [ 103.515982098000052, -0.181493194999973, 0.0 ], [ 103.534196264000059, -0.177460348999944, 0.0 ], [ 103.560806274000072, -0.177228671999956, 0.0 ], [ 103.566429720000087, -0.18073385799994, 0.0 ], [ 103.568755314000043, -0.190183850999972, 0.0 ], [ 103.567561997000041, -0.19430814499998, 0.0 ], [ 103.531454202000077, -0.205446414999926, 0.0 ], [ 103.526352535000058, -0.204913531999978, 0.0 ], [ 103.517919906000088, -0.199161409999931, 0.0 ] ] ], [ [ [ 103.598857165000084, -0.116461679999929, 0.0 ], [ 103.596409320000078, -0.120122658999946, 0.0 ], [ 103.589611790000049, -0.120993766999959, 0.0 ], [ 103.598857165000084, -0.116461679999929, 0.0 ] ] ], [ [ [ 103.473166079000066, -0.107194285999924, 0.0 ], [ 103.485234665000064, -0.100898817999962, 0.0 ], [ 103.491595069000084, -0.089140064999924, 0.0 ], [ 103.500338158000034, -0.086381683999946, 0.0 ], [ 103.503388088000065, -0.086999071999969, 0.0 ], [ 103.509338262000085, -0.093572302999974, 0.0 ], [ 103.513653865000038, -0.095237026999939, 0.0 ], [ 103.518384347000051, -0.10363749499993, 0.0 ], [ 103.514191271000072, -0.105602611999927, 0.0 ], [ 103.503472042000055, -0.106432279999979, 0.0 ], [ 103.504294617000085, -0.114825771999961, 0.0 ], [ 103.503270605000068, -0.119194359999938, 0.0 ], [ 103.501104351000038, -0.119734241999936, 0.0 ], [ 103.491586947000087, -0.118388624999966, 0.0 ], [ 103.473166079000066, -0.107194285999924, 0.0 ] ] ], [ [ [ 103.551458510000032, -0.118074995999962, 0.0 ], [ 103.535323007000045, -0.122454515999948, 0.0 ], [ 103.529112198000064, -0.122835228999975, 0.0 ], [ 103.504728542000066, -0.118491993999953, 0.0 ], [ 103.504039448000071, -0.107064199999968, 0.0 ], [ 103.512052492000066, -0.107054019999964, 0.0 ], [ 103.518948002000059, -0.104647168999975, 0.0 ], [ 103.514946666000071, -0.09484669699998, 0.0 ], [ 103.523641616000077, -0.089768340999967, 0.0 ], [ 103.550635957000054, -0.07866828799996, 0.0 ], [ 103.56438526900007, -0.077887514999929, 0.0 ], [ 103.577261510000085, -0.074110154999971, 0.0 ], [ 103.579436076000036, -0.074782693999964, 0.0 ], [ 103.585687806000067, -0.087273513999946, 0.0 ], [ 103.591514711000059, -0.089901133999945, 0.0 ], [ 103.592448065000042, -0.092125698999951, 0.0 ], [ 103.587748494000039, -0.099654372999964, 0.0 ], [ 103.580702384000062, -0.104465697999956, 0.0 ], [ 103.551458510000032, -0.118074995999962, 0.0 ] ] ], [ [ [ 103.640350388000059, -0.015785989999927, 0.0 ], [ 103.662230570000077, -0.022164909999958, 0.0 ], [ 103.666826146000062, -0.024648576999937, 0.0 ], [ 103.677139168000053, -0.034937328999945, 0.0 ], [ 103.681487289000074, -0.040064628999971, 0.0 ], [ 103.679396193000059, -0.044687530999965, 0.0 ], [ 103.676365140000087, -0.047461722999969, 0.0 ], [ 103.668693597000072, -0.05025534899994, 0.0 ], [ 103.665897852000057, -0.052858578999974, 0.0 ], [ 103.659718243000043, -0.051995161999969, 0.0 ], [ 103.648317, -0.044637, 0.0 ], [ 103.642586764000043, -0.031480061999957, 0.0 ], [ 103.641030741000066, -0.023957204999931, 0.0 ], [ 103.635386617000052, -0.016599811999924, 0.0 ], [ 103.640350388000059, -0.015785989999927, 0.0 ] ] ], [ [ [ 103.61970438700007, -0.041001707999953, 0.0 ], [ 103.617290354000033, -0.034771802999956, 0.0 ], [ 103.616141181000046, -0.035179419999963, 0.0 ], [ 103.61607858800005, -0.032017921999966, 0.0 ], [ 103.61427085300005, -0.033195130999957, 0.0 ], [ 103.613516636000043, -0.030014868999956, 0.0 ], [ 103.611839407000048, -0.030441935999932, 0.0 ], [ 103.609721187000048, -0.026372898999966, 0.0 ], [ 103.602493881000044, -0.024526226999967, 0.0 ], [ 103.599422550000043, -0.020559072999959, 0.0 ], [ 103.61465542600007, -0.008843578999972, 0.0 ], [ 103.624698106000039, -0.015236648999974, 0.0 ], [ 103.635564536000061, -0.018454814999927, 0.0 ], [ 103.638981806000061, -0.021914509999931, 0.0 ], [ 103.647774854000033, -0.04668333199993, 0.0 ], [ 103.647523231000037, -0.049511773999939, 0.0 ], [ 103.640062531000069, -0.051244838999935, 0.0 ], [ 103.626178276000076, -0.045902136999928, 0.0 ], [ 103.61970438700007, -0.041001707999953, 0.0 ] ] ], [ [ [ 103.668351831000052, -0.01995345399996, 0.0 ], [ 103.667996043000073, -0.021110060999945, 0.0 ], [ 103.667025763000083, -0.019046804999959, 0.0 ], [ 103.668351831000052, -0.01995345399996, 0.0 ] ] ], [ [ [ 103.66309070300008, -0.017029134999973, 0.0 ], [ 103.666459596000038, -0.020733754999981, 0.0 ], [ 103.653796335000038, -0.016914245999942, 0.0 ], [ 103.66309070300008, -0.017029134999973, 0.0 ] ] ], [ [ [ 103.662388478000082, -0.016499074999956, 0.0 ], [ 103.662523803000056, -0.015777587999935, 0.0 ], [ 103.662800789000073, -0.015747587999954, 0.0 ], [ 103.662388478000082, -0.016499074999956, 0.0 ] ] ], [ [ [ 103.171731424000086, 0.428262111000038, 0.0 ], [ 103.156046017000051, 0.408084281000072, 0.0 ], [ 103.149607972000069, 0.402662393000071, 0.0 ], [ 103.171731424000086, 0.428262111000038, 0.0 ] ] ], [ [ [ 103.538955737000038, 0.446640683000055, 0.0 ], [ 103.543252757000062, 0.449039384000059, 0.0 ], [ 103.54703326200007, 0.449168834000034, 0.0 ], [ 103.567144675000065, 0.440037476000043, 0.0 ], [ 103.581676897000079, 0.42870190900004, 0.0 ], [ 103.590274867000062, 0.414997466000045, 0.0 ], [ 103.588224761000049, 0.407693700000038, 0.0 ], [ 103.58554967300006, 0.407239012000048, 0.0 ], [ 103.56087651200005, 0.422416632000022, 0.0 ], [ 103.543865875000051, 0.438062811000066, 0.0 ], [ 103.538955737000038, 0.446640683000055, 0.0 ] ] ], [ [ [ 103.487969918000033, 0.46023948800007, 0.0 ], [ 103.488617383000076, 0.460740107000049, 0.0 ], [ 103.488834032000057, 0.460350294000023, 0.0 ], [ 103.487969918000033, 0.46023948800007, 0.0 ] ] ], [ [ [ 103.488175648000038, 0.461040730000036, 0.0 ], [ 103.48767106400004, 0.460907446000022, 0.0 ], [ 103.488088112000071, 0.461308135000024, 0.0 ], [ 103.488175648000038, 0.461040730000036, 0.0 ] ] ], [ [ [ 103.295355175000054, 0.624562238000067, 0.0 ], [ 103.29907985400007, 0.613330328000075, 0.0 ], [ 103.30145863000007, 0.597443590000069, 0.0 ], [ 103.299259108000058, 0.566619068000023, 0.0 ], [ 103.299995669000054, 0.552793892000068, 0.0 ], [ 103.291817513000069, 0.537242776000028, 0.0 ], [ 103.284764291000045, 0.529638147000071, 0.0 ], [ 103.204573383000081, 0.519863473000044, 0.0 ], [ 103.193438811000078, 0.515584400000023, 0.0 ], [ 103.175991192000083, 0.500724730000059, 0.0 ], [ 103.168972615000087, 0.498485054000071, 0.0 ], [ 103.163469220000081, 0.501921433000064, 0.0 ], [ 103.147114872000088, 0.527507415000059, 0.0 ], [ 103.139867293000066, 0.548382692000075, 0.0 ], [ 103.138538577000077, 0.557743522000067, 0.0 ], [ 103.138784774000044, 0.579571067000074, 0.0 ], [ 103.143668632000072, 0.594912194000074, 0.0 ], [ 103.147329796000065, 0.617987630000073, 0.0 ], [ 103.149478807000037, 0.664713006000056, 0.0 ], [ 103.153190189000043, 0.673611994000055, 0.0 ], [ 103.162381905000075, 0.68502944200003, 0.0 ], [ 103.179460354000071, 0.695945237000046, 0.0 ], [ 103.196416215000056, 0.70110392600003, 0.0 ], [ 103.216831659000036, 0.701743842000042, 0.0 ], [ 103.226318880000065, 0.699390035000022, 0.0 ], [ 103.249018894000073, 0.68677853600002, 0.0 ], [ 103.269344070000045, 0.668123702000059, 0.0 ], [ 103.279356506000056, 0.65496882900004, 0.0 ], [ 103.295355175000054, 0.624562238000067, 0.0 ] ] ], [ [ [ 103.08381980300004, 0.590698734000057, 0.0 ], [ 103.078864726000063, 0.578366295000023, 0.0 ], [ 103.074005369000076, 0.573463221000054, 0.0 ], [ 103.069371485000033, 0.564105865000045, 0.0 ], [ 103.067104090000043, 0.564081371000043, 0.0 ], [ 103.063891999000077, 0.568839270000069, 0.0 ], [ 103.053728368000066, 0.596467769000071, 0.0 ], [ 103.044502949000048, 0.614685236000071, 0.0 ], [ 103.028461157000038, 0.636906836000037, 0.0 ], [ 103.028055854000058, 0.643496196000058, 0.0 ], [ 103.033865985000034, 0.659198429000071, 0.0 ], [ 103.03825486900007, 0.660094535000042, 0.0 ], [ 103.048751535000065, 0.657214006000061, 0.0 ], [ 103.05443624600008, 0.652280974000064, 0.0 ], [ 103.061235507000049, 0.633650017000036, 0.0 ], [ 103.067732927000066, 0.620524792000026, 0.0 ], [ 103.076075626000033, 0.609645037000064, 0.0 ], [ 103.08381980300004, 0.590698734000057, 0.0 ] ] ], [ [ [ 103.104036315000087, 0.630320490000031, 0.0 ], [ 103.093680001000052, 0.65110377000002, 0.0 ], [ 103.098992740000085, 0.66025647400005, 0.0 ], [ 103.108786578000036, 0.666454861000034, 0.0 ], [ 103.114088170000059, 0.64868797400004, 0.0 ], [ 103.104036315000087, 0.630320490000031, 0.0 ] ] ], [ [ [ 103.302664139000058, 0.684897531000047, 0.0 ], [ 103.302745041000037, 0.685068852000029, 0.0 ], [ 103.302785016000087, 0.685056479000025, 0.0 ], [ 103.302664139000058, 0.684897531000047, 0.0 ] ] ], [ [ [ 103.288309717000061, 0.709526833000041, 0.0 ], [ 103.28768668400005, 0.70876923000003, 0.0 ], [ 103.287424058000056, 0.71039126200003, 0.0 ], [ 103.288309717000061, 0.709526833000041, 0.0 ] ] ], [ [ [ 103.276064764000068, 0.72305876300004, 0.0 ], [ 103.273682435000069, 0.723736089000056, 0.0 ], [ 103.274794009000061, 0.723894770000072, 0.0 ], [ 103.276064764000068, 0.72305876300004, 0.0 ] ] ], [ [ [ 103.11104563400005, 0.757057971000052, 0.0 ], [ 103.114221672000042, 0.739108264000038, 0.0 ], [ 103.11314384800005, 0.732489926000028, 0.0 ], [ 103.108041175000039, 0.725270168000065, 0.0 ], [ 103.100425619000077, 0.719222180000031, 0.0 ], [ 103.09277673400004, 0.717828269000051, 0.0 ], [ 103.08792242700008, 0.718320839000057, 0.0 ], [ 103.081055166000056, 0.725273194000067, 0.0 ], [ 103.076073719000078, 0.741676267000059, 0.0 ], [ 103.079414715000041, 0.757211486000074, 0.0 ], [ 103.081439876000047, 0.778709072000026, 0.0 ], [ 103.088001914000074, 0.792844398000057, 0.0 ], [ 103.093178538000075, 0.797816199000067, 0.0 ], [ 103.097095754000065, 0.799017030000073, 0.0 ], [ 103.105585859000087, 0.797698542000035, 0.0 ], [ 103.108688054000083, 0.793694450000032, 0.0 ], [ 103.107846391000066, 0.789209517000074, 0.0 ], [ 103.11135551600006, 0.782613599000058, 0.0 ], [ 103.109842148000041, 0.778619136000032, 0.0 ], [ 103.112271706000058, 0.763902893000022, 0.0 ], [ 103.11104563400005, 0.757057971000052, 0.0 ] ] ], [ [ [ 103.082429116000071, 0.796261209000022, 0.0 ], [ 103.077428928000074, 0.807703427000035, 0.0 ], [ 103.075337297000033, 0.817995798000027, 0.0 ], [ 103.07581146800004, 0.820808704000058, 0.0 ], [ 103.080832944000065, 0.822709993000046, 0.0 ], [ 103.105212702000074, 0.817381107000074, 0.0 ], [ 103.108334901000035, 0.813466128000073, 0.0 ], [ 103.107251544000064, 0.810660800000051, 0.0 ], [ 103.108408712000085, 0.806843784000023, 0.0 ], [ 103.093660978000059, 0.804174473000046, 0.0 ], [ 103.082429116000071, 0.796261209000022, 0.0 ] ] ], [ [ [ 103.232906255000046, 0.857926577000057, 0.0 ], [ 103.231149576000064, 0.857979044000047, 0.0 ], [ 103.231376647000047, 0.85837678300004, 0.0 ], [ 103.232906255000046, 0.857926577000057, 0.0 ] ] ], [ [ [ 103.234553710000057, 0.877877745000035, 0.0 ], [ 103.234627735000061, 0.877039162000074, 0.0 ], [ 103.233638768000048, 0.878383322000047, 0.0 ], [ 103.234553710000057, 0.877877745000035, 0.0 ] ] ] ] } }
]
}
